serie,idade,genero,cor_raca,estado_civil,renda_per_capita,trabalha,acesso_internet,possui_computador,tipo_escola_origem,distorcao_idade_serie,assistencia_pe_de_meia,nota_media,frequencia,media_atividades,taxa_entrega_atividades,reprovacoes,situacao
1,15,Feminino,Parda,Solteiro,"0,5-1 SM",Nao,Sim,Nao,Publica,Nao,Nao,6.6,76.7,6.1,50.5,0,Em Risco
3,20,Masculino,Preta,Solteiro,"Ate 0,5 SM",Sim,Sim,Nao,Publica,Sim,Nao,7.1,90.8,3.5,40.3,1,Em Risco
3,17,Masculino,Parda,Solteiro,"0,5-1 SM",Nao,Sim,Nao,Publica,Nao,Nao,7.0,83.4,7.2,73.0,0,Aprovado
2,16,Feminino,Parda,Solteiro,"Ate 0,5 SM",Nao,Sim,Nao,Privada,Nao,Nao,7.0,96.8,5.9,54.5,0,Em Risco
1,18,Feminino,Parda,Solteiro,"Ate 0,5 SM",Sim,Sim,Nao,Privada,Sim,Nao,3.0,79.4,2.6,60.3,1,Reprovado
1,15,Feminino,Parda,Solteiro,"Ate 0,5 SM",Nao,Sim,Nao,Publica,Nao,Sim,5.4,84.4,4.6,61.8,1,Em Risco
1,16,Masculino,Parda,Solteiro,Acima de 1 SM,Nao,Sim,Nao,Publica,Nao,Nao,9.3,100.0,6.2,62.2,0,Aprovado
3,20,Feminino,Parda,Casado/Uniao,"Ate 0,5 SM",Nao,Sim,Nao,Publica,Sim,Sim,5.1,81.9,4.2,66.2,1,Em Risco
2,16,Masculino,Parda,Solteiro,"Ate 0,5 SM",Nao,Nao,Nao,Publica,Nao,Sim,8.6,97.1,9.4,92.9,0,Aprovado
2,16,Feminino,Parda,Solteiro,"Ate 0,5 SM",Sim,Sim,Nao,Publica,Nao,Nao,5.2,79.9,4.7,61.2,1,Em Risco
1,15,Feminino,Parda,Solteiro,"0,5-1 SM",Nao,Sim,Nao,Publica,Nao,Nao,6.1,84.8,6.3,80.6,1,Em Risco
3,17,Masculino,Parda,Outro,"Ate 0,5 SM",Nao,Sim,Nao,Publica,Nao,Sim,7.1,96.0,6.6,76.6,0,Aprovado
3,17,Feminino,Branca,Solteiro,"0,5-1 SM",Nao,Sim,Nao,Publica,Nao,Nao,6.6,73.3,6.0,53.5,1,Em Risco
1,15,Feminino,Parda,Solteiro,"Ate 0,5 SM",Nao,Sim,Nao,Publica,Nao,Nao,6.9,82.9,6.2,64.8,1,Aprovado
1,15,Masculino,Branca,Solteiro,"Ate 0,5 SM",Nao,Nao,Nao,Privada,Nao,Sim,5.3,81.8,6.5,83.2,1,Em Risco
1,15,Feminino,Branca,Solteiro,"Ate 0,5 SM",Nao,Sim,Nao,Publica,Nao,Sim,5.0,83.4,5.6,64.5,2,Em Risco
1,17,Masculino,Parda,Solteiro,"0,5-1 SM",Nao,Sim,Sim,Publica,Sim,Nao,5.1,74.3,5.8,61.8,1,Reprovado
2,16,Feminino,Preta,Solteiro,"0,5-1 SM",Nao,Sim,Sim,Publica,Nao,Nao,6.1,89.9,3.3,28.9,0,Em Risco
2,16,Masculino,Parda,Solteiro,"Ate 0,5 SM",Nao,Sim,Nao,Publica,Nao,Sim,6.2,83.3,5.8,69.7,0,Aprovado
1,18,Masculino,Preta,Solteiro,Acima de 1 SM,Sim,Sim,Sim,Publica,Sim,Nao,7.3,79.2,6.0,60.7,1,Aprovado
2,16,Masculino,Parda,Solteiro,"Ate 0,5 SM",Nao,Sim,Nao,Publica,Nao,Sim,8.6,98.7,8.7,93.3,0,Aprovado
1,15,Feminino,Branca,Solteiro,"0,5-1 SM",Nao,Sim,Nao,Publica,Nao,Nao,7.1,83.7,6.9,62.9,0,Aprovado
1,15,Feminino,Parda,Solteiro,"Ate 0,5 SM",Nao,Sim,Nao,Privada,Nao,Sim,6.8,90.0,6.7,89.4,0,Aprovado
1,17,Feminino,Branca,Casado/Uniao,"Ate 0,5 SM",Nao,Sim,Nao,Publica,Sim,Sim,4.4,81.2,4.5,41.3,1,Reprovado
2,19,Masculino,Parda,Solteiro,"0,5-1 SM",Sim,Sim,Nao,Publica,Sim,Nao,5.5,81.1,3.4,51.2,1,Em Risco
3,17,Masculino,Branca,Solteiro,"0,5-1 SM",Nao,Sim,Nao,Publica,Nao,Nao,6.6,78.6,5.1,48.8,0,Reprovado
1,16,Feminino,Parda,Solteiro,"Ate 0,5 SM",Nao,Sim,Nao,Privada,Nao,Sim,7.6,88.5,8.8,72.7,0,Aprovado
2,18,Feminino,Preta,Solteiro,"Ate 0,5 SM",Sim,Sim,Nao,Publica,Sim,Sim,4.1,80.1,5.3,77.7,1,Reprovado
2,16,Masculino,Parda,Solteiro,"Ate 0,5 SM",Nao,Nao,Nao,Publica,Nao,Nao,3.5,63.5,2.0,36.0,1,Reprovado
1,18,Masculino,Parda,Solteiro,"0,5-1 SM",Nao,Sim,Sim,Privada,Sim,Nao,6.6,92.1,6.2,70.7,1,Aprovado
2,16,Feminino,Parda,Solteiro,"Ate 0,5 SM",Sim,Sim,Nao,Privada,Nao,Sim,6.6,83.3,5.7,67.5,0,Aprovado
1,15,Masculino,Branca,Solteiro,"0,5-1 SM",Nao,Sim,Sim,Publica,Nao,Nao,6.6,81.3,5.4,42.2,1,Em Risco
1,15,Feminino,Parda,Solteiro,"Ate 0,5 SM",Nao,Sim,Nao,Publica,Nao,Sim,6.5,91.9,6.0,64.6,0,Aprovado
3,17,Feminino,Branca,Solteiro,"Ate 0,5 SM",Nao,Sim,Nao,Publica,Nao,Sim,7.6,95.3,8.7,93.0,0,Aprovado
3,17,Feminino,Parda,Solteiro,"Ate 0,5 SM",Nao,Sim,Nao,Publica,Nao,Sim,5.9,92.8,6.5,81.1,1,Aprovado
3,17,Feminino,Branca,Casado/Uniao,"Ate 0,5 SM",Nao,Sim,Nao,Publica,Nao,Sim,6.1,86.4,7.9,74.5,2,Aprovado
1,15,Masculino,Parda,Solteiro,"Ate 0,5 SM",Nao,Sim,Nao,Publica,Nao,Nao,6.6,79.6,5.9,58.0,1,Em Risco
1,16,Feminino,Parda,Solteiro,"Ate 0,5 SM",Nao,Sim,Nao,Publica,Nao,Sim,9.3,95.2,8.7,94.3,0,Aprovado
2,20,Feminino,Branca,Solteiro,"0,5-1 SM",Sim,Sim,Sim,Publica,Sim,Nao,5.6,82.7,5.1,61.9,1,Reprovado
2,16,Masculino,Parda,Solteiro,"Ate 0,5 SM",Sim,Nao,Sim,Privada,Nao,Sim,6.2,83.6,6.1,46.3,0,Em Risco
1,15,Feminino,Parda,Solteiro,"0,5-1 SM",Nao,Sim,Nao,Publica,Nao,Nao,8.6,93.5,6.5,60.0,0,Aprovado
2,19,Masculino,Parda,Solteiro,"Ate 0,5 SM",Sim,Sim,Sim,Publica,Sim,Sim,5.4,83.3,5.3,43.4,1,Reprovado
1,15,Feminino,Parda,Solteiro,Acima de 1 SM,Nao,Sim,Sim,Privada,Nao,Nao,7.4,86.0,4.2,26.4,0,Aprovado
3,19,Masculino,Parda,Solteiro,Acima de 1 SM,Nao,Sim,Sim,Publica,Sim,Nao,7.6,79.7,6.8,68.0,1,Aprovado
1,15,Feminino,Preta,Solteiro,Acima de 1 SM,Nao,Sim,Sim,Publica,Nao,Nao,5.9,90.9,4.8,50.0,0,Em Risco
2,16,Masculino,Parda,Solteiro,"0,5-1 SM",Nao,Sim,Nao,Publica,Nao,Nao,8.2,91.4,6.6,65.7,0,Aprovado
1,17,Masculino,Parda,Solteiro,"Ate 0,5 SM",Nao,Sim,Nao,Publica,Sim,Sim,8.2,94.5,7.9,88.0,1,Aprovado
2,16,Feminino,Parda,Solteiro,"0,5-1 SM",Nao,Sim,Nao,Publica,Nao,Nao,6.4,96.3,5.6,56.7,1,Aprovado
2,16,Feminino,Parda,Solteiro,Acima de 1 SM,Nao,Sim,Nao,Publica,Nao,Nao,5.9,76.1,6.9,78.1,0,Aprovado
1,15,Masculino,Parda,Casado/Uniao,"Ate 0,5 SM",Nao,Nao,Nao,Publica,Nao,Sim,8.3,98.2,6.3,62.8,0,Aprovado
3,17,Masculino,Branca,Solteiro,"Ate 0,5 SM",Nao,Sim,Nao,Publica,Nao,Sim,7.5,84.8,8.1,90.6,2,Aprovado
3,17,Masculino,Branca,Solteiro,"Ate 0,5 SM",Sim,Sim,Nao,Publica,Nao,Nao,6.1,83.4,7.0,53.4,1,Em Risco
3,17,Feminino,Parda,Solteiro,"Ate 0,5 SM",Nao,Sim,Nao,Publica,Nao,Sim,8.3,95.2,9.0,81.2,1,Aprovado
3,17,Feminino,Branca,Solteiro,"Ate 0,5 SM",Nao,Sim,Nao,Publica,Nao,Sim,8.2,98.3,8.7,98.7,0,Aprovado
2,16,Feminino,Parda,Solteiro,"Ate 0,5 SM",Nao,Sim,Sim,Publica,Nao,Sim,6.4,92.4,7.4,65.7,1,Aprovado
3,18,Feminino,Preta,Solteiro,"Ate 0,5 SM",Nao,Sim,Nao,Privada,Nao,Sim,6.9,83.9,5.9,49.2,1,Aprovado
1,15,Feminino,Parda,Solteiro,Acima de 1 SM,Nao,Sim,Nao,Publica,Nao,Nao,7.4,96.7,6.6,60.7,0,Aprovado
1,15,Masculino,Preta,Solteiro,"Ate 0,5 SM",Sim,Sim,Sim,Publica,Nao,Sim,6.4,94.3,5.3,58.0,0,Em Risco
1,15,Masculino,Parda,Solteiro,"0,5-1 SM",Nao,Sim,Nao,Publica,Nao,Nao,4.6,72.7,3.3,51.1,0,Reprovado
1,16,Feminino,Parda,Solteiro,"Ate 0,5 SM",Nao,Sim,Nao,Publica,Nao,Sim,5.2,82.8,5.4,60.9,0,Em Risco
2,16,Feminino,Parda,Solteiro,"Ate 0,5 SM",Nao,Sim,Nao,Publica,Nao,Nao,4.7,71.3,3.1,41.5,2,Reprovado
1,15,Feminino,Parda,Solteiro,"Ate 0,5 SM",Nao,Sim,Sim,Publica,Nao,Sim,7.4,87.7,7.4,68.3,0,Aprovado
3,17,Feminino,Parda,Solteiro,"Ate 0,5 SM",Nao,Sim,Nao,Publica,Nao,Sim,4.9,80.4,4.0,69.1,1,Em Risco
1,15,Feminino,Parda,Outro,"Ate 0,5 SM",Nao,Sim,Sim,Publica,Nao,Sim,7.1,92.9,7.6,70.2,1,Aprovado
1,15,Feminino,Parda,Solteiro,"Ate 0,5 SM",Nao,Sim,Nao,Publica,Nao,Sim,8.8,83.8,7.4,69.7,0,Aprovado
2,16,Masculino,Preta,Solteiro,"Ate 0,5 SM",Nao,Sim,Sim,Publica,Nao,Sim,8.7,91.0,8.3,64.9,0,Aprovado
1,15,Masculino,Parda,Solteiro,"0,5-1 SM",Nao,Sim,Sim,Publica,Nao,Nao,4.4,72.9,3.7,61.0,0,Reprovado
3,18,Feminino,Parda,Solteiro,"Ate 0,5 SM",Nao,Sim,Nao,Publica,Nao,Nao,4.8,83.4,2.5,59.1,1,Reprovado
1,17,Feminino,Parda,Solteiro,"Ate 0,5 SM",Nao,Sim,Nao,Privada,Sim,Sim,5.0,81.7,4.6,75.2,2,Em Risco
3,17,Masculino,Branca,Solteiro,"0,5-1 SM",Nao,Sim,Nao,Publica,Nao,Nao,4.9,78.4,3.7,63.1,0,Em Risco
3,17,Masculino,Branca,Solteiro,"Ate 0,5 SM",Nao,Sim,Sim,Privada,Nao,Sim,4.8,82.1,6.1,76.2,0,Em Risco
1,15,Masculino,Parda,Casado/Uniao,"Ate 0,5 SM",Sim,Sim,Sim,Publica,Nao,Sim,6.3,90.6,5.8,44.9,1,Em Risco
1,18,Masculino,Parda,Solteiro,"Ate 0,5 SM",Sim,Sim,Nao,Publica,Sim,Sim,6.4,87.0,8.6,100.0,1,Aprovado
3,17,Feminino,Parda,Solteiro,"Ate 0,5 SM",Nao,Sim,Nao,Publica,Nao,Nao,7.7,94.3,6.7,69.4,0,Aprovado
2,16,Masculino,Branca,Solteiro,"Ate 0,5 SM",Nao,Sim,Nao,Publica,Nao,Sim,5.8,82.6,4.9,72.2,1,Em Risco
3,22,Feminino,Parda,Solteiro,"Ate 0,5 SM",Sim,Sim,Nao,Publica,Sim,Nao,5.1,69.9,3.5,36.8,1,Reprovado
3,18,Masculino,Parda,Solteiro,"Ate 0,5 SM",Sim,Sim,Nao,Publica,Nao,Sim,6.5,87.4,6.7,67.4,1,Aprovado
1,15,Feminino,Parda,Solteiro,"0,5-1 SM",Sim,Sim,Sim,Publica,Nao,Nao,6.2,78.6,5.1,58.2,1,Reprovado
1,15,Masculino,Parda,Solteiro,"Ate 0,5 SM",Sim,Sim,Nao,Publica,Nao,Sim,7.1,88.1,5.4,54.3,0,Aprovado
1,16,Feminino,Parda,Solteiro,"Ate 0,5 SM",Nao,Sim,Nao,Publica,Nao,Sim,7.0,89.7,6.8,84.3,0,Aprovado
3,17,Feminino,Preta,Solteiro,Acima de 1 SM,Nao,Sim,Nao,Publica,Nao,Nao,6.2,89.6,7.0,75.6,0,Aprovado
2,17,Feminino,Parda,Solteiro,"0,5-1 SM",Nao,Sim,Nao,Publica,Nao,Nao,4.0,76.5,5.4,67.3,0,Em Risco
1,15,Masculino,Parda,Solteiro,"Ate 0,5 SM",Sim,Sim,Nao,Publica,Nao,Nao,7.9,85.7,6.9,64.6,0,Aprovado
1,15,Masculino,Parda,Solteiro,Acima de 1 SM,Sim,Sim,Sim,Publica,Nao,Nao,5.7,71.7,4.0,41.6,1,Reprovado
1,15,Masculino,Parda,Solteiro,"Ate 0,5 SM",Sim,Sim,Nao,Privada,Nao,Sim,6.6,96.8,4.1,48.4,1,Em Risco
1,15,Masculino,Parda,Solteiro,"Ate 0,5 SM",Nao,Sim,Sim,Publica,Nao,Nao,4.3,79.1,4.9,65.9,1,Reprovado
3,17,Feminino,Branca,Solteiro,Acima de 1 SM,Nao,Sim,Nao,Publica,Nao,Nao,6.6,80.9,6.2,56.5,1,Aprovado
2,23,Feminino,Parda,Solteiro,Acima de 1 SM,Sim,Sim,Nao,Publica,Sim,Nao,5.8,83.9,6.9,94.9,1,Em Risco
3,17,Feminino,Parda,Solteiro,"Ate 0,5 SM",Nao,Sim,Nao,Publica,Nao,Sim,6.6,96.5,6.6,70.6,0,Aprovado
2,19,Feminino,Parda,Solteiro,"0,5-1 SM",Nao,Sim,Sim,Publica,Sim,Nao,10.0,98.8,8.2,70.0,1,Aprovado
1,15,Masculino,Parda,Casado/Uniao,"0,5-1 SM",Nao,Sim,Nao,Publica,Nao,Nao,5.6,79.2,6.1,81.0,1,Em Risco
3,18,Masculino,Parda,Solteiro,"Ate 0,5 SM",Sim,Sim,Nao,Publica,Nao,Sim,7.1,83.6,6.2,55.2,0,Aprovado
3,17,Masculino,Parda,Solteiro,"Ate 0,5 SM",Sim,Nao,Nao,Publica,Nao,Sim,6.4,85.7,6.5,86.3,1,Aprovado
2,16,Feminino,Parda,Solteiro,"Ate 0,5 SM",Nao,Sim,Nao,Publica,Nao,Sim,5.6,81.3,5.9,56.6,0,Em Risco
3,20,Feminino,Parda,Solteiro,Acima de 1 SM,Sim,Sim,Nao,Publica,Sim,Nao,6.7,79.3,4.8,37.8,1,Reprovado
2,16,Masculino,Parda,Solteiro,"Ate 0,5 SM",Nao,Sim,Nao,Publica,Nao,Sim,6.2,88.9,5.6,58.2,1,Em Risco
2,19,Masculino,Parda,Solteiro,"0,5-1 SM",Sim,Sim,Nao,Publica,Sim,Nao,6.6,80.8,3.9,20.3,1,Reprovado
2,16,Feminino,Parda,Casado/Uniao,"Ate 0,5 SM",Nao,Sim,Sim,Privada,Nao,Sim,9.5,100.0,7.3,72.4,0,Aprovado
1,21,Feminino,Preta,Solteiro,"Ate 0,5 SM",Sim,Sim,Nao,Publica,Sim,Sim,5.6,83.0,4.8,53.9,1,Reprovado
1,15,Feminino,Parda,Solteiro,"0,5-1 SM",Nao,Sim,Nao,Publica,Nao,Nao,6.1,72.3,7.0,62.9,0,Reprovado
1,15,Masculino,Parda,Solteiro,"0,5-1 SM",Sim,Sim,Sim,Publica,Nao,Nao,7.7,96.6,5.6,63.5,1,Aprovado
2,16,Masculino,Parda,Solteiro,"Ate 0,5 SM",Nao,Sim,Nao,Publica,Nao,Sim,8.3,85.1,6.7,52.3,0,Aprovado
1,16,Feminino,Parda,Solteiro,"Ate 0,5 SM",Nao,Sim,Sim,Publica,Nao,Sim,5.7,82.3,6.6,89.3,2,Em Risco
2,16,Feminino,Parda,Solteiro,"Ate 0,5 SM",Nao,Nao,Sim,Publica,Nao,Sim,6.0,83.3,5.8,85.6,1,Aprovado
3,19,Masculino,Branca,Solteiro,"Ate 0,5 SM",Nao,Sim,Nao,Publica,Sim,Sim,9.5,99.3,8.9,92.3,1,Aprovado
1,17,Feminino,Branca,Solteiro,"Ate 0,5 SM",Nao,Sim,Nao,Publica,Sim,Sim,5.7,82.5,6.1,62.3,1,Aprovado
2,16,Feminino,Parda,Solteiro,"0,5-1 SM",Sim,Sim,Sim,Publica,Nao,Nao,5.1,70.5,4.2,58.8,1,Reprovado
3,21,Masculino,Parda,Solteiro,"Ate 0,5 SM",Nao,Sim,Nao,Publica,Sim,Sim,6.6,86.8,5.5,54.2,1,Em Risco
1,17,Masculino,Parda,Solteiro,"Ate 0,5 SM",Sim,Sim,Nao,Publica,Sim,Sim,6.3,83.7,6.6,84.9,1,Aprovado
1,15,Masculino,Parda,Solteiro,"Ate 0,5 SM",Nao,Sim,Nao,Publica,Nao,Sim,6.0,83.0,5.3,73.1,2,Aprovado
1,15,Masculino,Preta,Solteiro,Acima de 1 SM,Nao,Sim,Sim,Publica,Nao,Nao,7.1,87.4,6.5,56.4,0,Aprovado
1,15,Feminino,Preta,Solteiro,"Ate 0,5 SM",Sim,Nao,Nao,Publica,Nao,Nao,5.0,68.2,4.9,60.0,1,Reprovado
3,17,Masculino,Branca,Solteiro,"0,5-1 SM",Nao,Nao,Nao,Publica,Nao,Nao,4.8,63.7,4.8,64.2,1,Reprovado
3,17,Feminino,Parda,Solteiro,"Ate 0,5 SM",Nao,Sim,Sim,Privada,Nao,Sim,6.3,98.2,5.9,62.4,0,Aprovado
2,16,Feminino,Parda,Solteiro,"Ate 0,5 SM",Nao,Nao,Nao,Publica,Nao,Sim,6.3,84.9,3.9,54.4,1,Em Risco
3,18,Masculino,Branca,Solteiro,"Ate 0,5 SM",Sim,Sim,Nao,Publica,Nao,Sim,4.1,81.7,3.6,70.3,2,Reprovado
3,17,Masculino,Preta,Solteiro,"Ate 0,5 SM",Sim,Sim,Nao,Publica,Nao,Sim,5.4,81.8,5.4,58.2,0,Em Risco
1,15,Feminino,Branca,Solteiro,"0,5-1 SM",Nao,Sim,Nao,Publica,Nao,Nao,6.6,89.3,4.7,57.8,0,Em Risco
3,17,Feminino,Parda,Solteiro,"Ate 0,5 SM",Sim,Nao,Sim,Privada,Nao,Sim,7.8,88.0,6.9,79.5,0,Aprovado
2,16,Feminino,Parda,Solteiro,"0,5-1 SM",Nao,Sim,Sim,Publica,Nao,Nao,6.4,64.6,4.3,45.0,0,Reprovado
3,22,Masculino,Parda,Solteiro,"Ate 0,5 SM",Nao,Sim,Nao,Publica,Sim,Sim,4.3,80.7,4.0,52.1,1,Reprovado
3,20,Masculino,Parda,Casado/Uniao,"Ate 0,5 SM",Nao,Sim,Nao,Publica,Sim,Sim,5.6,82.8,4.9,59.3,1,Em Risco
1,18,Feminino,Parda,Solteiro,"Ate 0,5 SM",Sim,Sim,Nao,Publica,Sim,Sim,4.7,81.9,4.2,65.2,1,Reprovado
1,15,Feminino,Parda,Solteiro,"0,5-1 SM",Nao,Sim,Sim,Publica,Nao,Nao,7.5,86.8,4.7,53.3,0,Aprovado
1,15,Masculino,Parda,Solteiro,"0,5-1 SM",Sim,Sim,Nao,Publica,Nao,Nao,5.6,74.5,5.6,55.5,0,Reprovado
2,16,Feminino,Parda,Solteiro,"0,5-1 SM",Nao,Sim,Nao,Publica,Nao,Nao,2.9,61.2,2.9,30.1,1,Reprovado
3,17,Masculino,Parda,Solteiro,"Ate 0,5 SM",Nao,Sim,Nao,Publica,Nao,Sim,10.0,100.0,7.4,64.3,0,Aprovado
3,17,Feminino,Parda,Outro,"0,5-1 SM",Nao,Sim,Sim,Publica,Nao,Nao,7.0,74.8,8.7,66.4,0,Em Risco
1,20,Feminino,Branca,Solteiro,"Ate 0,5 SM",Nao,Nao,Nao,Publica,Sim,Sim,5.8,80.2,6.6,78.0,1,Em Risco
2,16,Masculino,Parda,Solteiro,"0,5-1 SM",Nao,Sim,Sim,Privada,Nao,Nao,4.9,76.4,4.8,44.5,0,Em Risco
2,16,Feminino,Parda,Solteiro,Acima de 1 SM,Nao,Sim,Sim,Publica,Nao,Nao,5.1,77.2,3.7,40.1,1,Em Risco
1,15,Masculino,Branca,Solteiro,"Ate 0,5 SM",Nao,Sim,Sim,Privada,Nao,Sim,6.8,92.5,8.6,91.2,0,Aprovado
1,16,Masculino,Branca,Solteiro,"Ate 0,5 SM",Sim,Sim,Nao,Publica,Nao,Sim,6.4,83.8,6.1,53.0,0,Aprovado
1,17,Masculino,Parda,Solteiro,"0,5-1 SM",Nao,Sim,Sim,Publica,Sim,Nao,7.2,78.6,5.0,56.3,1,Reprovado
3,21,Masculino,Branca,Solteiro,"0,5-1 SM",Sim,Sim,Nao,Publica,Sim,Nao,5.8,67.0,5.1,55.6,1,Reprovado
1,18,Masculino,Parda,Solteiro,"Ate 0,5 SM",Nao,Nao,Nao,Publica,Sim,Sim,4.1,80.0,2.6,48.7,1,Reprovado
2,16,Feminino,Parda,Solteiro,Acima de 1 SM,Nao,Sim,Nao,Publica,Nao,Nao,3.4,71.0,3.3,40.0,1,Reprovado
2,16,Feminino,Parda,Solteiro,"0,5-1 SM",Nao,Sim,Nao,Publica,Nao,Nao,6.3,91.7,6.1,67.4,0,Em Risco
1,15,Masculino,Parda,Solteiro,"Ate 0,5 SM",Nao,Sim,Nao,Publica,Nao,Nao,5.8,80.0,4.7,64.6,0,Em Risco
3,17,Feminino,Branca,Solteiro,"Ate 0,5 SM",Nao,Sim,Nao,Publica,Nao,Sim,4.8,80.3,4.0,49.9,0,Reprovado
3,17,Feminino,Preta,Solteiro,"0,5-1 SM",Nao,Sim,Nao,Publica,Nao,Nao,7.5,82.4,7.9,60.7,0,Aprovado
1,16,Feminino,Branca,Solteiro,"Ate 0,5 SM",Nao,Sim,Nao,Privada,Nao,Sim,4.6,80.6,4.9,56.9,1,Em Risco
2,22,Feminino,Preta,Solteiro,"Ate 0,5 SM",Nao,Sim,Nao,Publica,Sim,Sim,6.7,83.9,6.9,95.2,1,Aprovado
1,15,Masculino,Parda,Solteiro,"Ate 0,5 SM",Nao,Sim,Nao,Publica,Nao,Nao,4.6,81.4,4.4,71.5,0,Reprovado
1,15,Masculino,Preta,Solteiro,"0,5-1 SM",Nao,Sim,Nao,Publica,Nao,Nao,6.6,91.6,5.4,60.5,1,Em Risco
1,17,Feminino,Outra,Solteiro,"0,5-1 SM",Sim,Sim,Sim,Publica,Sim,Nao,7.0,84.5,4.8,67.8,1,Em Risco
2,17,Masculino,Preta,Solteiro,"Ate 0,5 SM",Nao,Nao,Nao,Publica,Nao,Nao,5.8,80.8,5.8,72.4,0,Em Risco
2,16,Masculino,Preta,Solteiro,"0,5-1 SM",Nao,Sim,Sim,Publica,Nao,Nao,9.0,90.0,8.0,85.7,0,Aprovado
1,15,Masculino,Branca,Solteiro,Acima de 1 SM,Nao,Sim,Sim,Publica,Nao,Nao,9.5,86.5,6.8,37.8,0,Aprovado
1,15,Masculino,Parda,Solteiro,"Ate 0,5 SM",Nao,Sim,Sim,Publica,Nao,Sim,7.1,99.7,7.8,96.4,1,Aprovado
3,17,Masculino,Preta,Solteiro,"0,5-1 SM",Nao,Sim,Sim,Publica,Nao,Nao,7.5,72.9,4.5,34.9,0,Reprovado
1,15,Masculino,Branca,Solteiro,Acima de 1 SM,Sim,Sim,Sim,Publica,Nao,Nao,7.9,78.1,8.9,80.8,0,Em Risco
1,17,Masculino,Branca,Solteiro,"0,5-1 SM",Nao,Sim,Nao,Publica,Sim,Nao,6.6,95.4,5.8,68.8,1,Em Risco
2,19,Feminino,Parda,Solteiro,"0,5-1 SM",Sim,Sim,Sim,Publica,Sim,Nao,6.4,82.7,4.9,43.9,1,Em Risco
3,19,Feminino,Parda,Solteiro,"Ate 0,5 SM",Nao,Sim,Nao,Publica,Sim,Sim,5.2,80.9,2.7,36.3,1,Reprovado
1,17,Masculino,Preta,Solteiro,"Ate 0,5 SM",Nao,Sim,Nao,Publica,Sim,Sim,3.7,82.1,4.5,68.3,1,Reprovado
2,17,Masculino,Parda,Solteiro,"Ate 0,5 SM",Nao,Sim,Nao,Publica,Nao,Sim,4.6,83.3,3.4,48.2,0,Reprovado
3,17,Masculino,Parda,Solteiro,"0,5-1 SM",Nao,Sim,Sim,Publica,Nao,Nao,9.9,90.8,7.4,63.8,0,Aprovado
1,18,Masculino,Parda,Solteiro,Acima de 1 SM,Sim,Sim,Sim,Privada,Sim,Nao,6.6,80.1,6.2,84.1,1,Aprovado
3,17,Masculino,Parda,Solteiro,"Ate 0,5 SM",Nao,Sim,Nao,Publica,Nao,Sim,6.1,89.1,5.1,48.9,0,Em Risco
1,20,Masculino,Parda,Solteiro,"Ate 0,5 SM",Sim,Sim,Sim,Privada,Sim,Sim,7.6,85.1,7.2,70.0,1,Aprovado
2,16,Feminino,Parda,Solteiro,"Ate 0,5 SM",Nao,Sim,Nao,Privada,Nao,Sim,9.4,94.3,10.0,99.4,0,Aprovado
2,16,Feminino,Parda,Solteiro,"0,5-1 SM",Nao,Sim,Nao,Publica,Nao,Nao,7.2,95.9,6.3,74.6,0,Aprovado
2,16,Masculino,Parda,Solteiro,"Ate 0,5 SM",Nao,Sim,Nao,Publica,Nao,Sim,6.6,80.5,6.0,60.1,0,Em Risco
1,15,Masculino,Parda,Solteiro,"0,5-1 SM",Nao,Sim,Nao,Publica,Nao,Nao,7.0,83.6,6.7,60.1,0,Aprovado
3,17,Feminino,Parda,Solteiro,"Ate 0,5 SM",Nao,Nao,Nao,Publica,Nao,Sim,5.8,83.8,5.9,80.8,1,Aprovado
1,16,Feminino,Parda,Outro,"Ate 0,5 SM",Sim,Sim,Nao,Privada,Nao,Nao,4.9,79.5,5.0,54.3,1,Em Risco
1,15,Feminino,Parda,Solteiro,"Ate 0,5 SM",Nao,Sim,Nao,Publica,Nao,Sim,5.4,82.1,4.4,53.6,0,Em Risco
1,17,Feminino,Parda,Solteiro,Acima de 1 SM,Nao,Sim,Nao,Privada,Sim,Nao,5.2,83.9,6.9,71.4,2,Em Risco
2,18,Masculino,Branca,Solteiro,"Ate 0,5 SM",Sim,Sim,Nao,Publica,Sim,Sim,5.4,81.9,3.5,34.5,1,Reprovado
2,18,Masculino,Parda,Solteiro,Acima de 1 SM,Nao,Sim,Nao,Publica,Sim,Nao,4.1,61.9,4.7,57.5,1,Reprovado
1,15,Feminino,Parda,Solteiro,"Ate 0,5 SM",Nao,Sim,Nao,Publica,Nao,Sim,4.8,84.5,5.2,47.9,2,Em Risco
2,18,Masculino,Preta,Solteiro,"Ate 0,5 SM",Sim,Sim,Nao,Publica,Sim,Sim,5.6,84.0,5.1,44.0,1,Reprovado
1,15,Feminino,Parda,Solteiro,"Ate 0,5 SM",Sim,Nao,Nao,Publica,Nao,Sim,5.6,83.1,3.5,61.5,0,Reprovado
2,16,Feminino,Branca,Solteiro,Acima de 1 SM,Nao,Sim,Sim,Publica,Nao,Nao,7.2,86.1,5.3,70.5,1,Aprovado
1,15,Feminino,Preta,Solteiro,"0,5-1 SM",Nao,Sim,Nao,Privada,Nao,Nao,6.5,90.1,6.9,71.6,0,Aprovado
2,16,Masculino,Parda,Solteiro,"Ate 0,5 SM",Nao,Nao,Nao,Publica,Nao,Sim,9.5,100.0,9.6,86.7,0,Aprovado
2,21,Feminino,Parda,Solteiro,"0,5-1 SM",Sim,Sim,Nao,Privada,Sim,Nao,5.8,83.9,5.6,76.2,1,Em Risco
3,20,Masculino,Parda,Solteiro,"Ate 0,5 SM",Nao,Sim,Nao,Privada,Sim,Sim,5.6,82.0,3.3,68.2,1,Em Risco
1,15,Masculino,Parda,Solteiro,"Ate 0,5 SM",Sim,Sim,Nao,Publica,Nao,Sim,6.1,80.7,5.4,65.8,0,Em Risco
1,15,Masculino,Parda,Solteiro,"Ate 0,5 SM",Nao,Nao,Sim,Publica,Nao,Sim,7.9,95.8,6.8,83.4,1,Aprovado
1,17,Feminino,Parda,Solteiro,"0,5-1 SM",Nao,Sim,Nao,Publica,Sim,Nao,5.8,87.2,4.2,60.7,1,Em Risco
3,19,Feminino,Branca,Solteiro,"Ate 0,5 SM",Sim,Sim,Nao,Publica,Sim,Nao,6.3,81.0,4.2,33.4,1,Reprovado
3,17,Masculino,Parda,Solteiro,"Ate 0,5 SM",Nao,Sim,Sim,Publica,Nao,Sim,7.3,94.9,7.6,96.0,1,Aprovado
1,19,Masculino,Parda,Solteiro,"Ate 0,5 SM",Sim,Sim,Nao,Publica,Sim,Sim,5.1,82.0,6.9,72.1,1,Em Risco
2,16,Feminino,Preta,Solteiro,"Ate 0,5 SM",Nao,Sim,Nao,Privada,Nao,Sim,6.7,85.8,5.4,47.0,0,Aprovado
3,17,Feminino,Parda,Solteiro,"Ate 0,5 SM",Nao,Sim,Sim,Publica,Nao,Sim,8.9,100.0,8.5,97.3,0,Aprovado
2,16,Feminino,Parda,Solteiro,"Ate 0,5 SM",Nao,Nao,Nao,Publica,Nao,Sim,6.5,83.8,7.3,78.1,0,Aprovado
2,22,Feminino,Parda,Solteiro,"Ate 0,5 SM",Sim,Sim,Nao,Publica,Sim,Sim,4.2,80.9,4.8,74.3,1,Reprovado
1,19,Masculino,Parda,Solteiro,Acima de 1 SM,Sim,Sim,Nao,Publica,Sim,Nao,5.2,65.0,3.9,31.7,1,Reprovado
1,15,Feminino,Branca,Solteiro,"Ate 0,5 SM",Sim,Sim,Nao,Publica,Nao,Sim,9.7,95.9,9.9,89.0,0,Aprovado
3,18,Masculino,Parda,Solteiro,"Ate 0,5 SM",Nao,Sim,Nao,Publica,Nao,Nao,6.6,79.2,4.5,45.5,0,Em Risco
3,18,Feminino,Parda,Solteiro,"Ate 0,5 SM",Sim,Nao,Nao,Publica,Nao,Sim,7.5,90.7,6.8,65.8,1,Aprovado
2,16,Feminino,Parda,Solteiro,"Ate 0,5 SM",Nao,Sim,Nao,Publica,Nao,Sim,4.7,81.6,5.6,47.1,1,Reprovado
1,15,Masculino,Parda,Solteiro,"0,5-1 SM",Nao,Sim,Nao,Privada,Nao,Nao,6.8,81.7,4.5,43.5,1,Em Risco
1,17,Masculino,Parda,Solteiro,"Ate 0,5 SM",Nao,Sim,Nao,Publica,Sim,Sim,7.2,87.7,7.4,73.2,1,Aprovado
3,18,Feminino,Branca,Solteiro,Acima de 1 SM,Sim,Sim,Sim,Publica,Nao,Nao,8.0,90.0,5.7,70.4,0,Aprovado
3,18,Masculino,Branca,Solteiro,"0,5-1 SM",Sim,Sim,Nao,Publica,Nao,Nao,7.7,96.4,6.2,70.4,0,Aprovado
3,21,Masculino,Parda,Solteiro,"0,5-1 SM",Nao,Sim,Nao,Publica,Sim,Nao,3.5,78.5,3.9,49.6,1,Reprovado
3,20,Feminino,Parda,Solteiro,"Ate 0,5 SM",Nao,Sim,Nao,Privada,Sim,Sim,6.7,90.4,6.8,78.8,1,Aprovado
2,16,Masculino,Parda,Solteiro,"Ate 0,5 SM",Nao,Sim,Nao,Publica,Nao,Sim,4.5,84.0,4.1,57.6,0,Reprovado
1,15,Feminino,Parda,Solteiro,"Ate 0,5 SM",Sim,Sim,Nao,Publica,Nao,Sim,4.7,83.5,4.4,70.4,1,Reprovado
1,15,Masculino,Parda,Outro,Acima de 1 SM,Nao,Sim,Nao,Privada,Nao,Nao,7.9,93.0,6.8,65.9,0,Aprovado
3,18,Feminino,Parda,Solteiro,"Ate 0,5 SM",Nao,Sim,Nao,Publica,Nao,Sim,6.7,95.4,3.8,45.9,1,Em Risco
2,22,Masculino,Parda,Solteiro,"Ate 0,5 SM",Sim,Sim,Nao,Publica,Sim,Sim,6.4,82.0,7.7,63.7,1,Aprovado
1,15,Masculino,Parda,Solteiro,"Ate 0,5 SM",Sim,Sim,Sim,Publica,Nao,Sim,5.1,81.6,6.2,65.5,1,Em Risco
1,16,Feminino,Branca,Solteiro,"0,5-1 SM",Nao,Sim,Nao,Publica,Nao,Nao,8.4,86.8,9.6,99.3,0,Aprovado
2,16,Feminino,Preta,Solteiro,"0,5-1 SM",Nao,Sim,Nao,Publica,Nao,Nao,7.3,85.3,6.1,51.4,1,Aprovado
1,15,Masculino,Parda,Solteiro,"Ate 0,5 SM",Nao,Sim,Nao,Publica,Nao,Sim,7.6,95.0,7.6,63.4,0,Aprovado
1,18,Masculino,Parda,Solteiro,"Ate 0,5 SM",Nao,Sim,Nao,Publica,Sim,Nao,4.5,66.3,3.7,18.4,1,Reprovado
2,16,Feminino,Branca,Solteiro,"Ate 0,5 SM",Sim,Sim,Nao,Publica,Nao,Sim,7.5,93.4,7.0,82.1,0,Aprovado
2,22,Feminino,Parda,Solteiro,"Ate 0,5 SM",Sim,Sim,Nao,Privada,Sim,Nao,5.2,73.1,5.6,60.9,1,Reprovado
2,16,Feminino,Branca,Solteiro,"0,5-1 SM",Nao,Sim,Nao,Publica,Nao,Nao,5.7,76.9,5.9,73.3,1,Reprovado
1,15,Feminino,Parda,Solteiro,"0,5-1 SM",Nao,Sim,Nao,Publica,Nao,Nao,7.3,88.2,5.4,55.0,1,Aprovado
3,17,Feminino,Parda,Solteiro,"0,5-1 SM",Nao,Sim,Nao,Privada,Nao,Nao,7.4,98.2,7.9,82.7,0,Aprovado
1,15,Masculino,Parda,Solteiro,"Ate 0,5 SM",Nao,Sim,Sim,Publica,Nao,Sim,5.7,82.2,5.5,60.8,1,Em Risco
1,18,Feminino,Branca,Solteiro,"0,5-1 SM",Sim,Sim,Sim,Publica,Sim,Nao,8.5,92.2,8.1,79.6,1,Aprovado
3,17,Feminino,Parda,Solteiro,Acima de 1 SM,Sim,Sim,Sim,Publica,Nao,Nao,8.9,87.8,8.3,57.4,1,Aprovado
2,16,Masculino,Parda,Solteiro,Acima de 1 SM,Nao,Sim,Sim,Privada,Nao,Nao,7.9,85.4,6.0,47.8,0,Aprovado
3,19,Masculino,Parda,Solteiro,Acima de 1 SM,Nao,Sim,Sim,Privada,Sim,Nao,7.2,79.3,5.4,56.0,1,Em Risco
2,16,Masculino,Branca,Solteiro,"Ate 0,5 SM",Nao,Sim,Nao,Publica,Nao,Sim,6.9,88.6,6.1,55.9,0,Em Risco
2,16,Masculino,Branca,Solteiro,"0,5-1 SM",Nao,Sim,Nao,Privada,Nao,Nao,4.6,76.8,4.1,44.9,0,Reprovado
1,18,Masculino,Outra,Solteiro,Acima de 1 SM,Sim,Sim,Nao,Publica,Sim,Nao,5.8,84.3,4.5,42.2,1,Em Risco
1,15,Masculino,Branca,Solteiro,"0,5-1 SM",Sim,Sim,Sim,Privada,Nao,Nao,6.6,78.9,5.2,43.8,0,Reprovado
1,20,Feminino,Parda,Solteiro,"Ate 0,5 SM",Sim,Sim,Nao,Publica,Sim,Sim,4.7,83.0,5.1,66.8,1,Reprovado
1,16,Masculino,Parda,Solteiro,Acima de 1 SM,Nao,Sim,Sim,Publica,Nao,Nao,6.6,84.4,7.4,47.0,1,Aprovado
3,19,Masculino,Parda,Solteiro,"Ate 0,5 SM",Sim,Sim,Nao,Publica,Sim,Nao,2.4,79.2,2.5,57.0,1,Reprovado
2,16,Masculino,Parda,Solteiro,"Ate 0,5 SM",Nao,Sim,Nao,Publica,Nao,Sim,5.0,80.5,5.9,64.1,0,Em Risco
3,17,Feminino,Branca,Solteiro,"Ate 0,5 SM",Nao,Sim,Nao,Publica,Nao,Sim,7.6,91.7,7.2,73.0,0,Aprovado
2,16,Masculino,Branca,Solteiro,"0,5-1 SM",Sim,Nao,Sim,Publica,Nao,Nao,8.4,93.3,4.4,46.7,0,Aprovado
3,17,Feminino,Parda,Solteiro,"Ate 0,5 SM",Sim,Sim,Nao,Publica,Nao,Sim,4.8,82.4,3.8,62.1,1,Reprovado
2,16,Feminino,Parda,Solteiro,"Ate 0,5 SM",Nao,Sim,Nao,Publica,Nao,Sim,6.7,88.7,7.7,88.1,1,Aprovado
2,16,Masculino,Branca,Solteiro,"0,5-1 SM",Nao,Sim,Nao,Publica,Nao,Nao,7.9,94.3,7.3,59.7,1,Aprovado
2,19,Masculino,Parda,Solteiro,"0,5-1 SM",Nao,Sim,Nao,Publica,Sim,Nao,5.2,69.9,5.6,57.3,1,Reprovado
1,15,Masculino,Parda,Solteiro,"0,5-1 SM",Nao,Sim,Nao,Publica,Nao,Nao,7.3,85.8,7.2,69.3,0,Aprovado
3,17,Feminino,Parda,Solteiro,"Ate 0,5 SM",Nao,Sim,Sim,Privada,Nao,Sim,6.9,90.5,8.9,72.8,0,Aprovado
1,15,Feminino,Parda,Solteiro,"0,5-1 SM",Nao,Sim,Nao,Publica,Nao,Nao,8.0,88.6,7.4,70.7,1,Aprovado
1,16,Feminino,Parda,Solteiro,"Ate 0,5 SM",Sim,Sim,Nao,Publica,Nao,Sim,4.3,83.3,4.9,74.0,1,Reprovado
2,16,Masculino,Parda,Solteiro,"Ate 0,5 SM",Nao,Sim,Sim,Privada,Nao,Sim,5.5,83.3,5.8,66.0,1,Em Risco
1,15,Feminino,Parda,Solteiro,"Ate 0,5 SM",Nao,Sim,Sim,Publica,Nao,Sim,7.2,81.9,8.2,64.2,1,Aprovado
3,17,Masculino,Outra,Solteiro,"0,5-1 SM",Nao,Sim,Nao,Publica,Nao,Nao,6.6,89.0,5.3,63.4,0,Aprovado
3,21,Masculino,Parda,Solteiro,"Ate 0,5 SM",Sim,Nao,Nao,Publica,Sim,Sim,5.1,82.5,4.9,48.8,1,Reprovado
3,17,Feminino,Parda,Solteiro,"Ate 0,5 SM",Nao,Sim,Nao,Publica,Nao,Sim,7.2,82.3,5.7,52.1,0,Em Risco
1,15,Feminino,Branca,Solteiro,"Ate 0,5 SM",Sim,Nao,Nao,Publica,Nao,Sim,4.5,81.5,3.8,67.0,0,Reprovado
1,15,Masculino,Parda,Solteiro,"Ate 0,5 SM",Nao,Sim,Nao,Publica,Nao,Sim,4.7,80.0,5.1,78.7,0,Em Risco
3,17,Masculino,Parda,Solteiro,Acima de 1 SM,Nao,Sim,Nao,Publica,Nao,Nao,6.0,85.7,6.4,54.3,1,Em Risco
2,19,Masculino,Branca,Solteiro,Acima de 1 SM,Nao,Nao,Nao,Publica,Sim,Nao,5.3,77.4,4.5,63.1,1,Reprovado
3,17,Masculino,Parda,Solteiro,"Ate 0,5 SM",Nao,Sim,Nao,Publica,Nao,Sim,6.1,82.3,4.5,37.0,0,Em Risco
3,18,Masculino,Branca,Solteiro,"Ate 0,5 SM",Nao,Sim,Nao,Publica,Nao,Sim,8.1,98.1,6.7,70.8,0,Aprovado
3,19,Feminino,Parda,Solteiro,"Ate 0,5 SM",Sim,Sim,Nao,Publica,Sim,Sim,6.5,87.9,7.1,57.4,1,Em Risco
1,15,Feminino,Parda,Solteiro,"0,5-1 SM",Sim,Sim,Nao,Publica,Nao,Nao,6.7,82.6,3.8,10.0,0,Reprovado
2,19,Feminino,Parda,Solteiro,"Ate 0,5 SM",Sim,Sim,Sim,Privada,Sim,Sim,6.2,82.0,4.8,65.9,1,Em Risco
3,17,Feminino,Parda,Solteiro,"Ate 0,5 SM",Nao,Sim,Nao,Publica,Nao,Nao,5.9,74.8,3.9,44.8,1,Reprovado
1,17,Feminino,Preta,Solteiro,"Ate 0,5 SM",Nao,Sim,Nao,Privada,Sim,Sim,9.1,97.2,9.7,98.2,1,Aprovado
1,15,Feminino,Parda,Solteiro,"Ate 0,5 SM",Nao,Sim,Nao,Publica,Nao,Sim,4.9,83.6,5.2,90.3,1,Em Risco
2,16,Feminino,Branca,Solteiro,"Ate 0,5 SM",Nao,Nao,Nao,Publica,Nao,Sim,5.3,80.1,5.2,76.5,1,Em Risco
3,17,Masculino,Branca,Solteiro,"Ate 0,5 SM",Nao,Sim,Nao,Publica,Nao,Nao,6.4,82.4,6.3,53.3,0,Aprovado
2,16,Feminino,Parda,Solteiro,"Ate 0,5 SM",Nao,Sim,Nao,Publica,Nao,Sim,8.9,91.8,9.9,92.0,0,Aprovado
2,16,Feminino,Branca,Solteiro,"Ate 0,5 SM",Nao,Sim,Nao,Privada,Nao,Sim,6.8,93.5,5.2,66.3,0,Aprovado
1,18,Feminino,Parda,Solteiro,Acima de 1 SM,Nao,Sim,Nao,Publica,Sim,Nao,5.8,81.6,5.5,56.2,1,Em Risco
2,19,Feminino,Preta,Solteiro,"Ate 0,5 SM",Sim,Sim,Sim,Publica,Sim,Sim,5.3,83.7,3.9,41.1,1,Reprovado
3,17,Masculino,Branca,Solteiro,"Ate 0,5 SM",Nao,Sim,Nao,Publica,Nao,Sim,8.0,88.8,8.0,79.5,0,Aprovado
1,19,Feminino,Parda,Solteiro,Acima de 1 SM,Sim,Sim,Nao,Publica,Sim,Nao,2.5,55.8,2.5,29.0,1,Reprovado
2,16,Masculino,Parda,Casado/Uniao,Acima de 1 SM,Nao,Sim,Sim,Publica,Nao,Nao,6.5,81.1,4.7,51.9,1,Em Risco
3,17,Feminino,Parda,Solteiro,"Ate 0,5 SM",Nao,Sim,Nao,Privada,Nao,Sim,3.5,82.0,4.9,81.3,1,Reprovado
3,17,Masculino,Parda,Solteiro,"0,5-1 SM",Nao,Sim,Sim,Publica,Nao,Nao,7.1,91.2,5.8,55.2,2,Aprovado
2,16,Masculino,Parda,Solteiro,"Ate 0,5 SM",Nao,Sim,Nao,Privada,Nao,Sim,7.6,87.6,7.7,61.8,1,Aprovado
2,18,Masculino,Parda,Solteiro,"0,5-1 SM",Nao,Sim,Nao,Publica,Sim,Nao,4.1,66.3,4.1,60.1,1,Reprovado
1,15,Feminino,Parda,Solteiro,Acima de 1 SM,Sim,Sim,Nao,Publica,Nao,Nao,4.6,67.3,2.3,46.8,1,Reprovado
1,15,Masculino,Parda,Solteiro,"Ate 0,5 SM",Sim,Sim,Nao,Publica,Nao,Sim,3.8,80.8,4.1,70.9,1,Reprovado
3,17,Feminino,Parda,Solteiro,"Ate 0,5 SM",Nao,Sim,Nao,Publica,Nao,Sim,6.5,86.2,6.9,72.9,0,Aprovado
3,17,Masculino,Parda,Solteiro,"Ate 0,5 SM",Sim,Sim,Nao,Publica,Nao,Sim,5.6,90.2,6.2,87.3,2,Em Risco
3,20,Feminino,Parda,Solteiro,"0,5-1 SM",Nao,Sim,Sim,Publica,Sim,Nao,5.9,81.1,4.5,57.5,1,Reprovado
3,17,Feminino,Preta,Solteiro,"Ate 0,5 SM",Nao,Sim,Nao,Publica,Nao,Sim,6.0,86.7,5.2,53.3,0,Em Risco
2,16,Masculino,Parda,Solteiro,"0,5-1 SM",Nao,Sim,Nao,Publica,Nao,Nao,5.2,71.8,5.4,62.9,0,Reprovado
2,16,Masculino,Parda,Solteiro,"Ate 0,5 SM",Nao,Sim,Nao,Publica,Nao,Nao,7.9,90.3,6.0,73.5,0,Aprovado
3,17,Feminino,Parda,Solteiro,"Ate 0,5 SM",Nao,Sim,Nao,Publica,Nao,Sim,6.8,87.6,6.7,70.4,0,Aprovado
2,16,Feminino,Preta,Solteiro,"Ate 0,5 SM",Nao,Sim,Nao,Publica,Nao,Sim,4.9,82.2,4.5,82.4,0,Em Risco
2,16,Feminino,Parda,Solteiro,"Ate 0,5 SM",Nao,Nao,Nao,Publica,Nao,Sim,5.3,82.8,4.5,65.5,1,Reprovado
3,19,Masculino,Branca,Solteiro,"Ate 0,5 SM",Sim,Sim,Sim,Publica,Sim,Sim,4.7,82.3,3.7,56.7,1,Reprovado
3,17,Masculino,Branca,Casado/Uniao,"Ate 0,5 SM",Nao,Sim,Sim,Publica,Nao,Nao,8.6,96.5,6.3,50.0,0,Aprovado
1,15,Feminino,Branca,Solteiro,"0,5-1 SM",Nao,Sim,Nao,Publica,Nao,Nao,7.4,95.0,5.9,79.4,0,Aprovado
1,16,Masculino,Branca,Solteiro,"0,5-1 SM",Nao,Sim,Sim,Publica,Nao,Nao,6.6,69.1,6.5,63.8,0,Reprovado
1,16,Masculino,Parda,Solteiro,"0,5-1 SM",Nao,Sim,Nao,Publica,Nao,Nao,8.7,100.0,5.8,54.8,0,Aprovado
2,21,Masculino,Parda,Solteiro,"Ate 0,5 SM",Sim,Sim,Nao,Publica,Sim,Sim,7.3,82.5,7.3,66.5,1,Aprovado
1,15,Feminino,Preta,Solteiro,Acima de 1 SM,Nao,Sim,Sim,Publica,Nao,Nao,6.7,86.2,6.2,53.5,1,Aprovado
2,16,Feminino,Preta,Solteiro,"0,5-1 SM",Nao,Sim,Sim,Publica,Nao,Nao,6.3,97.4,3.2,42.8,1,Em Risco
2,16,Masculino,Branca,Casado/Uniao,"Ate 0,5 SM",Sim,Sim,Nao,Publica,Nao,Nao,5.5,78.3,3.9,61.3,0,Reprovado
1,16,Masculino,Preta,Solteiro,"Ate 0,5 SM",Sim,Nao,Nao,Publica,Nao,Sim,4.5,82.2,3.3,55.6,2,Reprovado
2,16,Masculino,Outra,Solteiro,"Ate 0,5 SM",Nao,Sim,Nao,Publica,Nao,Nao,8.7,91.8,8.4,63.1,0,Aprovado
1,18,Masculino,Parda,Solteiro,Acima de 1 SM,Nao,Sim,Sim,Publica,Sim,Nao,5.1,81.0,4.7,37.8,1,Em Risco
1,16,Masculino,Branca,Solteiro,"Ate 0,5 SM",Nao,Sim,Nao,Publica,Nao,Sim,9.1,96.0,9.1,90.2,0,Aprovado
3,17,Feminino,Preta,Solteiro,"Ate 0,5 SM",Nao,Nao,Nao,Publica,Nao,Sim,7.1,83.9,7.6,74.5,0,Aprovado
1,15,Masculino,Preta,Solteiro,"Ate 0,5 SM",Nao,Sim,Nao,Publica,Nao,Sim,8.8,94.9,9.5,96.1,0,Aprovado
1,16,Masculino,Parda,Solteiro,"0,5-1 SM",Nao,Sim,Nao,Publica,Nao,Nao,8.8,87.0,7.7,72.5,0,Aprovado
2,16,Feminino,Branca,Solteiro,"Ate 0,5 SM",Nao,Sim,Nao,Publica,Nao,Sim,4.4,81.6,5.6,65.8,0,Em Risco
3,17,Feminino,Branca,Solteiro,"Ate 0,5 SM",Nao,Sim,Nao,Publica,Nao,Nao,6.3,79.7,4.4,41.5,1,Em Risco
1,19,Feminino,Parda,Casado/Uniao,"Ate 0,5 SM",Sim,Sim,Nao,Publica,Sim,Sim,4.8,82.5,4.7,54.3,1,Reprovado
2,16,Masculino,Parda,Solteiro,"Ate 0,5 SM",Nao,Sim,Nao,Publica,Nao,Nao,7.7,84.3,6.1,67.5,0,Em Risco
1,15,Masculino,Parda,Solteiro,"Ate 0,5 SM",Nao,Sim,Nao,Publica,Nao,Sim,6.9,85.8,6.9,56.8,0,Aprovado
1,15,Feminino,Branca,Solteiro,"Ate 0,5 SM",Sim,Sim,Nao,Privada,Nao,Sim,3.9,81.2,3.5,30.6,1,Reprovado
2,17,Feminino,Parda,Solteiro,"0,5-1 SM",Sim,Sim,Sim,Publica,Nao,Nao,8.0,90.7,7.5,71.0,1,Aprovado
2,16,Masculino,Parda,Solteiro,"0,5-1 SM",Nao,Sim,Sim,Privada,Nao,Nao,7.6,90.2,7.0,49.1,1,Aprovado
2,16,Feminino,Parda,Solteiro,"0,5-1 SM",Nao,Sim,Sim,Publica,Nao,Nao,5.5,77.0,4.5,67.5,1,Em Risco
3,17,Feminino,Preta,Solteiro,"Ate 0,5 SM",Nao,Nao,Nao,Publica,Nao,Sim,5.7,82.1,6.3,70.9,0,Em Risco
3,17,Masculino,Parda,Solteiro,"0,5-1 SM",Nao,Sim,Nao,Publica,Nao,Nao,4.8,75.4,5.8,53.7,1,Reprovado
2,16,Feminino,Parda,Solteiro,"Ate 0,5 SM",Nao,Nao,Nao,Publica,Nao,Sim,6.0,83.4,6.9,70.6,1,Aprovado
1,15,Feminino,Branca,Solteiro,"Ate 0,5 SM",Nao,Nao,Nao,Publica,Nao,Sim,6.4,91.4,7.8,76.6,0,Aprovado
3,17,Masculino,Branca,Solteiro,Acima de 1 SM,Nao,Sim,Sim,Publica,Nao,Nao,6.6,91.0,6.2,69.1,0,Aprovado
1,15,Feminino,Parda,Solteiro,"0,5-1 SM",Nao,Sim,Sim,Publica,Nao,Nao,6.2,72.9,5.6,62.1,1,Reprovado
2,16,Feminino,Outra,Solteiro,"Ate 0,5 SM",Nao,Sim,Nao,Publica,Nao,Sim,4.4,82.7,5.1,57.6,1,Reprovado
1,15,Feminino,Preta,Solteiro,Acima de 1 SM,Sim,Sim,Nao,Publica,Nao,Nao,6.6,89.2,7.4,71.4,1,Aprovado
1,15,Masculino,Parda,Solteiro,Acima de 1 SM,Nao,Sim,Sim,Publica,Nao,Nao,4.5,64.8,3.5,48.9,0,Reprovado
3,17,Masculino,Parda,Solteiro,"0,5-1 SM",Nao,Sim,Nao,Publica,Nao,Nao,6.5,86.9,5.0,57.8,1,Aprovado
3,17,Feminino,Parda,Casado/Uniao,"0,5-1 SM",Nao,Sim,Sim,Publica,Nao,Nao,4.5,79.2,4.7,78.1,0,Reprovado
2,16,Masculino,Branca,Solteiro,"0,5-1 SM",Nao,Sim,Nao,Publica,Nao,Nao,6.5,77.1,5.4,57.1,1,Em Risco
2,16,Masculino,Parda,Solteiro,"Ate 0,5 SM",Nao,Nao,Nao,Publica,Nao,Sim,6.2,83.5,7.9,78.4,0,Aprovado
1,15,Masculino,Parda,Outro,"Ate 0,5 SM",Sim,Sim,Nao,Publica,Nao,Sim,6.5,86.5,4.0,59.3,1,Em Risco
1,15,Masculino,Preta,Solteiro,"0,5-1 SM",Nao,Sim,Nao,Publica,Nao,Nao,7.6,92.0,7.0,64.1,0,Aprovado
1,19,Feminino,Parda,Solteiro,"Ate 0,5 SM",Nao,Sim,Nao,Publica,Sim,Sim,7.3,83.6,6.9,63.1,1,Aprovado
2,16,Masculino,Branca,Solteiro,"Ate 0,5 SM",Nao,Sim,Nao,Publica,Nao,Sim,8.8,96.9,8.8,91.7,0,Aprovado
3,17,Feminino,Preta,Solteiro,"Ate 0,5 SM",Nao,Sim,Nao,Publica,Nao,Sim,6.4,80.9,6.9,86.5,0,Aprovado
2,16,Masculino,Parda,Solteiro,"Ate 0,5 SM",Sim,Nao,Nao,Publica,Nao,Sim,8.4,100.0,7.9,73.1,0,Aprovado
1,15,Feminino,Branca,Solteiro,Acima de 1 SM,Sim,Sim,Sim,Publica,Nao,Nao,6.7,87.8,5.4,57.5,1,Em Risco
3,19,Masculino,Parda,Solteiro,"0,5-1 SM",Sim,Sim,Sim,Publica,Sim,Nao,4.7,70.6,4.5,44.8,1,Reprovado
3,23,Feminino,Parda,Solteiro,"Ate 0,5 SM",Nao,Sim,Nao,Privada,Sim,Sim,5.9,88.2,6.1,53.6,1,Em Risco
2,16,Feminino,Parda,Solteiro,Acima de 1 SM,Nao,Sim,Nao,Publica,Nao,Nao,6.2,74.7,4.3,41.2,0,Em Risco
2,16,Masculino,Parda,Solteiro,Acima de 1 SM,Nao,Sim,Nao,Publica,Nao,Nao,5.1,77.3,4.8,71.1,1,Em Risco
2,16,Feminino,Branca,Solteiro,"Ate 0,5 SM",Nao,Sim,Nao,Publica,Nao,Nao,7.6,89.9,7.4,76.4,0,Aprovado
1,19,Masculino,Parda,Solteiro,Acima de 1 SM,Sim,Sim,Sim,Publica,Sim,Nao,6.8,86.0,5.9,77.6,1,Aprovado
1,19,Feminino,Parda,Solteiro,"Ate 0,5 SM",Nao,Sim,Nao,Publica,Sim,Sim,4.2,80.1,2.7,68.0,1,Reprovado
3,17,Feminino,Branca,Solteiro,"Ate 0,5 SM",Nao,Sim,Nao,Publica,Nao,Sim,6.3,83.3,5.5,66.7,0,Em Risco
1,15,Feminino,Parda,Solteiro,"Ate 0,5 SM",Nao,Nao,Nao,Publica,Nao,Sim,5.5,83.3,6.7,51.6,0,Em Risco
1,15,Feminino,Preta,Solteiro,"0,5-1 SM",Sim,Sim,Nao,Publica,Nao,Nao,3.9,66.1,3.9,62.1,1,Reprovado
1,16,Masculino,Parda,Solteiro,"Ate 0,5 SM",Nao,Sim,Nao,Publica,Nao,Sim,4.6,82.5,5.4,64.4,0,Reprovado
1,15,Masculino,Branca,Casado/Uniao,"0,5-1 SM",Sim,Sim,Sim,Publica,Nao,Nao,4.7,70.6,4.8,48.7,0,Reprovado
3,21,Masculino,Parda,Solteiro,"0,5-1 SM",Sim,Sim,Sim,Publica,Sim,Nao,5.7,86.0,4.6,48.9,1,Em Risco
2,23,Feminino,Parda,Solteiro,"Ate 0,5 SM",Nao,Sim,Nao,Publica,Sim,Sim,5.3,89.6,5.8,77.6,1,Em Risco
2,16,Feminino,Parda,Solteiro,"Ate 0,5 SM",Nao,Sim,Nao,Publica,Nao,Sim,5.2,82.3,5.9,62.3,1,Em Risco
1,15,Masculino,Parda,Solteiro,"Ate 0,5 SM",Sim,Sim,Nao,Publica,Nao,Sim,5.5,86.3,6.3,83.8,1,Em Risco
2,17,Feminino,Preta,Solteiro,"Ate 0,5 SM",Nao,Sim,Nao,Publica,Nao,Sim,7.4,88.2,6.8,77.0,0,Aprovado
2,16,Masculino,Parda,Solteiro,"0,5-1 SM",Nao,Sim,Nao,Publica,Nao,Nao,6.9,79.1,6.4,57.7,0,Em Risco
1,15,Masculino,Parda,Solteiro,"Ate 0,5 SM",Sim,Sim,Nao,Publica,Nao,Sim,7.3,86.3,5.1,51.0,1,Aprovado
2,16,Feminino,Parda,Solteiro,"Ate 0,5 SM",Nao,Nao,Nao,Publica,Nao,Nao,5.9,80.9,4.4,60.6,0,Em Risco
2,16,Masculino,Preta,Solteiro,"Ate 0,5 SM",Nao,Sim,Nao,Publica,Nao,Sim,8.5,83.8,6.7,73.5,1,Aprovado
2,23,Feminino,Branca,Solteiro,"0,5-1 SM",Nao,Sim,Sim,Publica,Sim,Nao,6.7,88.2,5.9,57.3,1,Aprovado
2,16,Masculino,Parda,Solteiro,"0,5-1 SM",Sim,Sim,Nao,Privada,Nao,Nao,5.5,79.0,5.4,67.9,0,Reprovado
1,15,Feminino,Parda,Solteiro,Acima de 1 SM,Nao,Sim,Sim,Publica,Nao,Nao,7.1,92.7,6.5,52.6,0,Aprovado
1,15,Masculino,Parda,Casado/Uniao,"0,5-1 SM",Nao,Sim,Nao,Publica,Nao,Nao,4.8,79.1,4.7,43.2,2,Reprovado
2,16,Masculino,Parda,Solteiro,"Ate 0,5 SM",Nao,Sim,Nao,Publica,Nao,Sim,6.1,84.0,3.9,60.6,1,Em Risco
2,18,Feminino,Parda,Solteiro,"Ate 0,5 SM",Sim,Sim,Nao,Publica,Sim,Sim,6.0,83.1,5.6,64.5,1,Em Risco
3,17,Feminino,Parda,Solteiro,"0,5-1 SM",Nao,Sim,Nao,Publica,Nao,Nao,7.2,96.7,6.7,68.4,2,Aprovado
2,22,Masculino,Parda,Solteiro,Acima de 1 SM,Nao,Sim,Nao,Publica,Sim,Nao,5.6,92.8,6.0,74.8,1,Em Risco
1,15,Masculino,Branca,Solteiro,"Ate 0,5 SM",Sim,Sim,Nao,Publica,Nao,Sim,9.6,97.7,9.2,86.7,0,Aprovado
1,15,Feminino,Parda,Solteiro,"Ate 0,5 SM",Nao,Sim,Nao,Publica,Nao,Sim,6.2,90.7,5.7,73.5,1,Aprovado
2,16,Masculino,Preta,Solteiro,"Ate 0,5 SM",Nao,Sim,Nao,Privada,Nao,Sim,4.4,80.7,6.2,76.8,1,Em Risco
1,15,Feminino,Parda,Solteiro,"0,5-1 SM",Sim,Sim,Nao,Publica,Nao,Nao,7.6,84.6,5.3,64.4,0,Aprovado
2,16,Feminino,Branca,Solteiro,"Ate 0,5 SM",Nao,Sim,Sim,Publica,Nao,Sim,7.6,87.9,7.5,67.4,0,Aprovado
3,17,Masculino,Parda,Solteiro,"Ate 0,5 SM",Nao,Sim,Nao,Publica,Nao,Sim,6.8,90.9,5.4,63.3,1,Aprovado
2,16,Masculino,Parda,Solteiro,Acima de 1 SM,Sim,Sim,Sim,Publica,Nao,Nao,5.9,73.6,4.6,67.4,0,Reprovado
2,19,Feminino,Branca,Solteiro,"Ate 0,5 SM",Sim,Sim,Nao,Publica,Sim,Sim,6.0,92.7,6.5,72.3,1,Em Risco
2,16,Masculino,Parda,Solteiro,"Ate 0,5 SM",Nao,Sim,Nao,Publica,Nao,Sim,8.6,100.0,5.9,59.5,0,Aprovado
2,16,Feminino,Parda,Solteiro,"Ate 0,5 SM",Nao,Sim,Sim,Publica,Nao,Sim,7.1,92.2,7.1,85.3,1,Aprovado
2,16,Masculino,Parda,Solteiro,"Ate 0,5 SM",Nao,Sim,Nao,Publica,Nao,Sim,8.6,90.8,9.6,92.9,0,Aprovado
3,18,Feminino,Branca,Solteiro,"Ate 0,5 SM",Nao,Nao,Nao,Publica,Nao,Nao,1.7,65.6,1.9,45.7,2,Reprovado
2,16,Masculino,Parda,Solteiro,"Ate 0,5 SM",Sim,Sim,Sim,Publica,Nao,Sim,6.8,80.0,4.5,26.0,0,Em Risco
3,17,Feminino,Branca,Casado/Uniao,"Ate 0,5 SM",Sim,Sim,Nao,Publica,Nao,Sim,4.7,82.9,3.9,69.7,1,Reprovado
3,21,Masculino,Parda,Solteiro,"0,5-1 SM",Nao,Sim,Nao,Publica,Sim,Nao,5.8,80.7,3.4,40.4,1,Reprovado
1,15,Masculino,Parda,Solteiro,"0,5-1 SM",Nao,Sim,Nao,Publica,Nao,Nao,5.4,65.7,6.2,48.5,1,Reprovado
1,15,Feminino,Parda,Solteiro,"Ate 0,5 SM",Sim,Sim,Nao,Publica,Nao,Sim,4.9,83.0,6.1,65.8,1,Em Risco
1,15,Masculino,Parda,Solteiro,"Ate 0,5 SM",Nao,Sim,Nao,Publica,Nao,Nao,5.5,82.0,4.5,70.5,1,Em Risco
1,15,Masculino,Parda,Solteiro,"0,5-1 SM",Nao,Sim,Nao,Publica,Nao,Nao,5.6,66.7,4.9,49.0,0,Reprovado
1,15,Masculino,Preta,Solteiro,"Ate 0,5 SM",Nao,Sim,Nao,Publica,Nao,Sim,7.5,83.5,4.9,57.0,0,Aprovado
2,16,Masculino,Parda,Casado/Uniao,"Ate 0,5 SM",Nao,Sim,Nao,Publica,Nao,Sim,7.2,100.0,7.5,66.2,1,Aprovado
1,17,Feminino,Parda,Solteiro,"Ate 0,5 SM",Nao,Sim,Nao,Privada,Sim,Sim,4.5,81.6,3.7,64.3,1,Reprovado
1,17,Feminino,Preta,Outro,"0,5-1 SM",Nao,Sim,Nao,Publica,Sim,Nao,4.5,80.0,5.1,78.6,2,Em Risco
3,17,Masculino,Branca,Solteiro,"Ate 0,5 SM",Nao,Sim,Nao,Publica,Nao,Sim,6.9,94.6,8.0,99.9,1,Aprovado
1,15,Feminino,Preta,Solteiro,"0,5-1 SM",Nao,Sim,Nao,Publica,Nao,Nao,7.8,92.1,5.4,53.0,0,Aprovado
3,17,Feminino,Branca,Solteiro,"0,5-1 SM",Nao,Sim,Nao,Publica,Nao,Nao,7.8,96.0,5.5,59.6,0,Aprovado
1,15,Feminino,Parda,Solteiro,Acima de 1 SM,Sim,Sim,Sim,Publica,Nao,Nao,5.2,63.4,5.2,46.4,1,Reprovado
1,15,Masculino,Branca,Solteiro,"Ate 0,5 SM",Nao,Sim,Sim,Publica,Nao,Sim,8.1,91.3,6.1,60.8,0,Aprovado
2,16,Feminino,Parda,Solteiro,"0,5-1 SM",Nao,Sim,Sim,Privada,Nao,Nao,4.6,54.3,3.7,30.4,1,Reprovado
2,19,Feminino,Parda,Casado/Uniao,"Ate 0,5 SM",Sim,Sim,Nao,Publica,Sim,Nao,5.2,79.9,3.9,44.2,1,Reprovado
3,17,Masculino,Branca,Solteiro,"Ate 0,5 SM",Nao,Sim,Nao,Publica,Nao,Sim,7.1,84.4,4.0,48.4,1,Em Risco
3,17,Masculino,Branca,Solteiro,"Ate 0,5 SM",Nao,Nao,Nao,Publica,Nao,Nao,3.5,79.6,2.8,58.6,1,Reprovado
3,18,Masculino,Preta,Solteiro,"Ate 0,5 SM",Sim,Sim,Nao,Publica,Nao,Sim,8.7,96.1,7.7,84.2,0,Aprovado
1,15,Feminino,Parda,Solteiro,"0,5-1 SM",Nao,Sim,Sim,Publica,Nao,Nao,8.5,92.8,6.7,75.2,0,Aprovado
1,15,Masculino,Parda,Solteiro,"Ate 0,5 SM",Nao,Sim,Nao,Privada,Nao,Sim,7.4,90.6,7.5,82.9,0,Aprovado
3,17,Feminino,Parda,Solteiro,"Ate 0,5 SM",Sim,Sim,Nao,Privada,Nao,Sim,4.9,82.7,5.3,73.7,0,Em Risco
3,17,Masculino,Branca,Solteiro,"Ate 0,5 SM",Nao,Sim,Nao,Privada,Nao,Nao,6.5,85.4,6.9,56.2,0,Aprovado
3,23,Feminino,Parda,Solteiro,"0,5-1 SM",Nao,Sim,Nao,Publica,Sim,Nao,6.9,79.0,5.6,71.3,1,Em Risco
2,17,Feminino,Branca,Casado/Uniao,"Ate 0,5 SM",Nao,Nao,Nao,Publica,Nao,Sim,4.7,81.0,4.6,57.1,2,Em Risco
1,16,Feminino,Parda,Solteiro,"0,5-1 SM",Nao,Sim,Nao,Publica,Nao,Nao,6.2,81.6,6.1,54.0,0,Em Risco
3,17,Feminino,Branca,Solteiro,"0,5-1 SM",Sim,Sim,Nao,Publica,Nao,Nao,7.2,86.3,2.8,31.7,0,Em Risco
1,16,Feminino,Branca,Solteiro,"0,5-1 SM",Nao,Sim,Nao,Publica,Nao,Nao,4.5,66.6,4.1,51.2,0,Reprovado
3,18,Masculino,Parda,Solteiro,"Ate 0,5 SM",Nao,Sim,Nao,Publica,Nao,Sim,6.9,94.1,6.0,60.9,1,Aprovado
3,17,Feminino,Parda,Solteiro,"0,5-1 SM",Nao,Sim,Nao,Publica,Nao,Nao,4.2,76.7,2.4,60.8,1,Reprovado
2,16,Masculino,Branca,Solteiro,"Ate 0,5 SM",Nao,Nao,Nao,Publica,Nao,Nao,9.0,97.0,8.7,98.1,0,Aprovado
3,17,Feminino,Parda,Solteiro,"0,5-1 SM",Sim,Sim,Nao,Publica,Nao,Nao,5.3,76.3,5.7,61.5,1,Em Risco
3,17,Masculino,Preta,Solteiro,"0,5-1 SM",Nao,Sim,Nao,Privada,Nao,Nao,7.3,99.9,5.5,61.6,0,Aprovado
1,15,Feminino,Parda,Solteiro,"Ate 0,5 SM",Nao,Nao,Nao,Publica,Nao,Sim,5.3,83.1,5.9,92.6,0,Em Risco
3,17,Feminino,Parda,Solteiro,"0,5-1 SM",Nao,Sim,Nao,Publica,Nao,Nao,6.6,86.3,5.3,50.2,1,Em Risco
2,20,Masculino,Branca,Outro,"Ate 0,5 SM",Sim,Sim,Sim,Publica,Sim,Sim,4.9,81.4,4.9,50.0,1,Reprovado
3,17,Masculino,Parda,Solteiro,"Ate 0,5 SM",Nao,Sim,Sim,Publica,Nao,Sim,6.1,83.3,5.8,59.6,1,Em Risco
1,17,Feminino,Branca,Solteiro,"Ate 0,5 SM",Nao,Sim,Nao,Publica,Sim,Sim,7.5,99.9,5.7,65.7,1,Aprovado
3,17,Masculino,Parda,Solteiro,Acima de 1 SM,Nao,Sim,Sim,Privada,Nao,Nao,5.7,79.9,5.1,77.7,1,Em Risco
2,17,Masculino,Preta,Solteiro,Acima de 1 SM,Sim,Sim,Sim,Privada,Nao,Nao,7.7,88.4,6.5,66.7,0,Aprovado
1,16,Masculino,Parda,Solteiro,"0,5-1 SM",Nao,Sim,Sim,Privada,Nao,Nao,6.9,85.4,5.1,57.2,0,Aprovado
3,17,Feminino,Parda,Solteiro,Acima de 1 SM,Nao,Sim,Nao,Publica,Nao,Nao,5.9,96.9,4.5,54.4,1,Em Risco
1,15,Feminino,Parda,Solteiro,"Ate 0,5 SM",Nao,Sim,Nao,Publica,Nao,Sim,4.9,82.4,5.0,76.5,1,Em Risco
1,17,Feminino,Preta,Solteiro,Acima de 1 SM,Nao,Sim,Sim,Publica,Sim,Nao,5.0,70.4,5.6,54.4,1,Reprovado
3,17,Feminino,Parda,Casado/Uniao,"Ate 0,5 SM",Nao,Sim,Nao,Publica,Nao,Sim,5.5,82.0,6.2,51.0,0,Em Risco
3,17,Masculino,Branca,Casado/Uniao,"0,5-1 SM",Nao,Sim,Nao,Publica,Nao,Nao,6.3,87.1,5.6,74.5,0,Aprovado
2,16,Feminino,Parda,Outro,"0,5-1 SM",Sim,Sim,Nao,Publica,Nao,Nao,6.8,75.3,6.2,71.9,0,Em Risco
2,19,Masculino,Preta,Solteiro,"Ate 0,5 SM",Sim,Sim,Sim,Publica,Sim,Sim,5.4,83.7,4.4,73.9,1,Em Risco
2,16,Masculino,Preta,Solteiro,"Ate 0,5 SM",Nao,Sim,Sim,Publica,Nao,Nao,6.5,78.5,6.3,55.8,0,Em Risco
1,15,Masculino,Parda,Solteiro,"Ate 0,5 SM",Nao,Sim,Nao,Publica,Nao,Sim,6.3,81.1,5.8,82.4,1,Aprovado
1,15,Feminino,Parda,Solteiro,Acima de 1 SM,Nao,Sim,Nao,Publica,Nao,Nao,7.3,80.5,6.4,46.3,1,Aprovado
2,16,Feminino,Parda,Solteiro,"Ate 0,5 SM",Nao,Sim,Nao,Privada,Nao,Sim,7.4,89.9,7.3,69.8,0,Aprovado
3,17,Masculino,Parda,Casado/Uniao,"Ate 0,5 SM",Nao,Nao,Nao,Publica,Nao,Sim,4.4,84.2,4.5,64.2,0,Reprovado
3,17,Feminino,Parda,Solteiro,"0,5-1 SM",Nao,Sim,Nao,Privada,Nao,Nao,6.2,87.9,6.1,72.4,0,Em Risco
3,17,Masculino,Preta,Solteiro,"Ate 0,5 SM",Nao,Sim,Nao,Publica,Nao,Sim,8.0,90.7,5.6,62.8,0,Aprovado
1,18,Masculino,Parda,Solteiro,"Ate 0,5 SM",Nao,Sim,Sim,Publica,Sim,Sim,4.5,83.5,5.3,57.8,1,Reprovado
2,16,Masculino,Preta,Solteiro,"0,5-1 SM",Nao,Sim,Nao,Publica,Nao,Nao,6.5,81.1,5.0,39.8,0,Em Risco
1,15,Feminino,Branca,Solteiro,"Ate 0,5 SM",Nao,Sim,Nao,Publica,Nao,Nao,6.2,72.4,6.6,48.5,1,Reprovado
2,20,Feminino,Parda,Solteiro,"0,5-1 SM",Nao,Sim,Nao,Publica,Sim,Nao,5.2,76.9,3.3,35.8,1,Reprovado
2,16,Masculino,Parda,Solteiro,"Ate 0,5 SM",Nao,Sim,Nao,Publica,Nao,Sim,8.5,85.1,7.5,78.6,0,Aprovado
3,17,Feminino,Parda,Solteiro,"Ate 0,5 SM",Nao,Sim,Nao,Privada,Nao,Sim,6.6,91.1,5.4,65.7,1,Aprovado
1,16,Masculino,Branca,Solteiro,"Ate 0,5 SM",Nao,Sim,Nao,Publica,Nao,Sim,8.4,99.6,7.3,82.4,0,Aprovado
1,15,Feminino,Parda,Solteiro,"Ate 0,5 SM",Nao,Sim,Sim,Publica,Nao,Sim,6.8,83.2,6.1,65.4,0,Aprovado
1,15,Feminino,Parda,Casado/Uniao,Acima de 1 SM,Sim,Sim,Sim,Publica,Nao,Nao,7.1,87.3,6.4,39.5,0,Aprovado
3,18,Masculino,Branca,Solteiro,Acima de 1 SM,Nao,Sim,Nao,Publica,Nao,Nao,5.9,81.2,4.6,44.9,1,Em Risco
2,16,Feminino,Parda,Solteiro,"Ate 0,5 SM",Nao,Sim,Nao,Publica,Nao,Nao,5.7,85.1,5.9,51.7,0,Em Risco
1,15,Feminino,Preta,Solteiro,"Ate 0,5 SM",Nao,Sim,Sim,Publica,Nao,Sim,7.3,83.3,5.6,59.0,1,Aprovado
1,15,Masculino,Parda,Solteiro,"Ate 0,5 SM",Nao,Sim,Nao,Publica,Nao,Sim,7.0,91.5,7.1,59.9,1,Aprovado
2,16,Feminino,Parda,Solteiro,"Ate 0,5 SM",Nao,Sim,Nao,Publica,Nao,Sim,7.2,83.0,5.8,58.6,1,Aprovado
1,15,Masculino,Branca,Solteiro,"Ate 0,5 SM",Nao,Sim,Nao,Publica,Nao,Sim,6.9,92.4,7.9,81.9,0,Aprovado
3,19,Masculino,Parda,Solteiro,"0,5-1 SM",Nao,Sim,Nao,Publica,Sim,Nao,4.2,78.9,3.4,50.7,2,Reprovado
2,19,Masculino,Preta,Solteiro,"Ate 0,5 SM",Nao,Sim,Sim,Publica,Sim,Sim,5.2,81.7,5.6,57.1,1,Em Risco
1,16,Masculino,Parda,Solteiro,"Ate 0,5 SM",Nao,Nao,Nao,Publica,Nao,Sim,7.3,97.0,3.4,36.5,0,Aprovado
1,15,Feminino,Branca,Solteiro,"Ate 0,5 SM",Nao,Sim,Nao,Publica,Nao,Nao,3.9,78.6,4.2,51.2,0,Reprovado
3,19,Feminino,Parda,Solteiro,"Ate 0,5 SM",Sim,Sim,Nao,Publica,Sim,Sim,5.8,89.1,7.5,100.0,1,Em Risco
1,15,Feminino,Parda,Casado/Uniao,"0,5-1 SM",Sim,Sim,Sim,Publica,Nao,Nao,6.2,91.1,7.6,75.9,1,Aprovado
1,18,Masculino,Parda,Solteiro,"Ate 0,5 SM",Nao,Sim,Nao,Publica,Sim,Sim,7.0,89.9,4.5,72.7,1,Aprovado
3,18,Masculino,Parda,Solteiro,"Ate 0,5 SM",Nao,Sim,Nao,Publica,Nao,Sim,7.0,86.3,8.2,91.5,0,Aprovado
3,17,Masculino,Parda,Solteiro,"Ate 0,5 SM",Nao,Sim,Nao,Publica,Nao,Sim,5.6,83.7,5.2,65.5,2,Em Risco
3,17,Feminino,Parda,Solteiro,Acima de 1 SM,Sim,Sim,Nao,Publica,Nao,Nao,5.3,73.4,3.7,57.3,0,Reprovado
3,17,Feminino,Parda,Solteiro,"Ate 0,5 SM",Nao,Sim,Nao,Publica,Nao,Sim,5.8,98.8,4.7,76.1,0,Em Risco
1,17,Feminino,Parda,Solteiro,Acima de 1 SM,Nao,Sim,Sim,Publica,Sim,Nao,7.2,82.8,5.5,46.1,1,Aprovado
1,15,Masculino,Parda,Solteiro,"Ate 0,5 SM",Nao,Sim,Nao,Publica,Nao,Sim,3.5,82.8,2.8,38.4,0,Reprovado
3,17,Feminino,Parda,Solteiro,Acima de 1 SM,Nao,Sim,Nao,Publica,Nao,Nao,6.9,80.1,6.7,70.1,1,Aprovado
2,16,Feminino,Parda,Solteiro,"0,5-1 SM",Nao,Sim,Nao,Publica,Nao,Nao,5.3,87.8,3.9,46.7,1,Em Risco
2,16,Masculino,Branca,Solteiro,"Ate 0,5 SM",Nao,Sim,Nao,Publica,Nao,Sim,6.7,99.2,4.9,81.8,0,Aprovado
3,17,Feminino,Parda,Solteiro,"0,5-1 SM",Nao,Sim,Nao,Publica,Nao,Nao,6.9,87.6,6.6,73.9,0,Aprovado
1,16,Masculino,Parda,Solteiro,"0,5-1 SM",Sim,Sim,Nao,Publica,Nao,Nao,3.8,72.3,3.4,31.9,0,Reprovado
2,18,Masculino,Parda,Solteiro,"Ate 0,5 SM",Sim,Sim,Nao,Publica,Sim,Sim,5.2,81.1,6.2,55.0,1,Em Risco
1,15,Masculino,Branca,Solteiro,"Ate 0,5 SM",Sim,Sim,Nao,Publica,Nao,Sim,6.2,82.2,6.4,75.5,1,Em Risco
2,16,Masculino,Parda,Solteiro,"0,5-1 SM",Nao,Sim,Nao,Publica,Nao,Nao,6.6,85.4,7.0,72.6,0,Aprovado
1,18,Masculino,Preta,Solteiro,"0,5-1 SM",Sim,Sim,Nao,Publica,Sim,Nao,5.3,86.9,4.9,65.4,1,Reprovado
1,15,Masculino,Parda,Solteiro,"0,5-1 SM",Sim,Sim,Nao,Publica,Nao,Nao,4.4,69.6,4.7,43.9,1,Reprovado
1,15,Masculino,Parda,Solteiro,"0,5-1 SM",Nao,Sim,Nao,Publica,Nao,Nao,5.1,90.6,5.3,83.7,1,Em Risco
2,16,Feminino,Branca,Solteiro,"0,5-1 SM",Nao,Sim,Sim,Publica,Nao,Nao,5.0,72.1,4.5,45.4,2,Reprovado
3,17,Feminino,Parda,Solteiro,"0,5-1 SM",Nao,Sim,Sim,Publica,Nao,Nao,7.5,89.6,5.0,65.2,1,Aprovado
2,16,Feminino,Parda,Solteiro,"Ate 0,5 SM",Nao,Sim,Nao,Publica,Nao,Sim,9.5,94.9,9.3,98.1,0,Aprovado
3,17,Masculino,Branca,Solteiro,"Ate 0,5 SM",Nao,Sim,Nao,Publica,Nao,Sim,6.4,84.0,5.7,69.5,0,Em Risco
1,21,Masculino,Parda,Solteiro,Acima de 1 SM,Sim,Sim,Nao,Publica,Sim,Nao,3.4,55.2,4.0,36.1,1,Reprovado
1,15,Masculino,Branca,Solteiro,"Ate 0,5 SM",Nao,Sim,Nao,Publica,Nao,Sim,6.4,83.2,5.2,76.8,1,Em Risco
3,22,Masculino,Parda,Solteiro,"Ate 0,5 SM",Sim,Sim,Sim,Publica,Sim,Sim,6.6,87.1,6.1,70.4,1,Em Risco
1,15,Feminino,Preta,Solteiro,"0,5-1 SM",Nao,Sim,Nao,Publica,Nao,Nao,4.1,70.8,4.0,35.2,1,Reprovado
3,17,Feminino,Branca,Solteiro,"Ate 0,5 SM",Nao,Sim,Nao,Publica,Nao,Sim,5.8,85.8,5.3,52.5,0,Em Risco
1,15,Feminino,Parda,Solteiro,"Ate 0,5 SM",Nao,Sim,Nao,Publica,Nao,Sim,4.4,83.0,3.7,58.5,1,Reprovado
3,17,Feminino,Branca,Solteiro,"Ate 0,5 SM",Nao,Nao,Nao,Privada,Nao,Sim,5.8,83.1,6.5,71.1,0,Em Risco
1,15,Masculino,Parda,Solteiro,"0,5-1 SM",Nao,Sim,Sim,Publica,Nao,Nao,5.6,72.8,6.1,53.9,0,Reprovado
3,17,Masculino,Parda,Solteiro,Acima de 1 SM,Sim,Sim,Sim,Publica,Nao,Nao,7.0,95.9,6.5,67.6,0,Aprovado
2,16,Feminino,Parda,Solteiro,"Ate 0,5 SM",Sim,Sim,Nao,Privada,Nao,Sim,6.4,81.9,6.1,78.6,1,Aprovado
3,17,Masculino,Parda,Solteiro,"Ate 0,5 SM",Nao,Sim,Nao,Publica,Nao,Sim,8.1,89.1,7.0,65.9,0,Aprovado
1,16,Masculino,Preta,Solteiro,"Ate 0,5 SM",Nao,Sim,Nao,Publica,Nao,Nao,6.4,77.1,5.4,55.7,0,Em Risco
2,21,Masculino,Parda,Solteiro,"Ate 0,5 SM",Sim,Sim,Nao,Publica,Sim,Sim,5.9,87.1,4.8,45.3,1,Em Risco
3,17,Masculino,Branca,Solteiro,"Ate 0,5 SM",Nao,Sim,Nao,Publica,Nao,Sim,5.7,90.0,7.6,79.9,0,Aprovado
2,18,Masculino,Parda,Solteiro,"Ate 0,5 SM",Nao,Sim,Nao,Publica,Sim,Sim,4.5,81.6,5.5,88.2,2,Em Risco
2,16,Feminino,Parda,Solteiro,"Ate 0,5 SM",Nao,Sim,Nao,Privada,Nao,Nao,7.7,90.4,6.4,70.3,0,Aprovado
2,16,Feminino,Parda,Outro,"Ate 0,5 SM",Sim,Sim,Sim,Publica,Nao,Sim,8.0,95.0,6.2,68.8,0,Aprovado
2,16,Masculino,Parda,Solteiro,"Ate 0,5 SM",Sim,Sim,Nao,Publica,Nao,Sim,6.9,98.9,3.4,41.0,0,Em Risco
2,21,Masculino,Preta,Solteiro,"0,5-1 SM",Sim,Sim,Nao,Publica,Sim,Nao,5.6,67.5,3.0,25.6,2,Reprovado
2,21,Feminino,Preta,Solteiro,Acima de 1 SM,Sim,Sim,Sim,Privada,Sim,Nao,4.9,80.3,4.1,29.8,2,Reprovado
3,17,Masculino,Branca,Solteiro,Acima de 1 SM,Nao,Sim,Nao,Privada,Nao,Nao,8.3,94.2,5.5,50.0,1,Aprovado
1,15,Masculino,Branca,Solteiro,"0,5-1 SM",Nao,Sim,Nao,Publica,Nao,Nao,7.2,84.2,8.2,85.1,0,Aprovado
1,15,Masculino,Parda,Solteiro,"Ate 0,5 SM",Nao,Sim,Nao,Privada,Nao,Sim,9.2,100.0,6.3,68.6,1,Aprovado
3,17,Masculino,Parda,Solteiro,"0,5-1 SM",Nao,Sim,Sim,Publica,Nao,Nao,5.3,82.3,4.6,61.9,2,Em Risco
3,17,Feminino,Preta,Solteiro,"Ate 0,5 SM",Nao,Sim,Sim,Privada,Nao,Sim,8.1,96.5,6.6,68.8,0,Aprovado
2,16,Feminino,Parda,Solteiro,"0,5-1 SM",Sim,Sim,Sim,Publica,Nao,Nao,7.1,99.9,7.9,100.0,1,Aprovado
2,16,Masculino,Parda,Solteiro,"0,5-1 SM",Nao,Sim,Nao,Publica,Nao,Nao,6.0,81.7,5.6,73.0,2,Em Risco
1,16,Masculino,Parda,Solteiro,"0,5-1 SM",Sim,Sim,Nao,Publica,Nao,Nao,7.8,89.5,7.4,70.1,0,Aprovado
1,16,Masculino,Parda,Solteiro,Acima de 1 SM,Nao,Sim,Nao,Publica,Nao,Nao,7.2,85.3,6.2,72.4,0,Aprovado
2,16,Masculino,Parda,Solteiro,"0,5-1 SM",Sim,Sim,Nao,Publica,Nao,Nao,4.8,78.5,2.8,36.8,2,Reprovado
1,18,Feminino,Branca,Solteiro,"0,5-1 SM",Sim,Sim,Nao,Publica,Sim,Nao,5.3,77.2,6.1,72.3,1,Reprovado
2,17,Feminino,Parda,Outro,"Ate 0,5 SM",Nao,Sim,Nao,Publica,Nao,Sim,5.2,82.8,4.8,68.7,2,Em Risco
1,19,Feminino,Parda,Solteiro,Acima de 1 SM,Sim,Sim,Sim,Privada,Sim,Nao,5.5,78.7,3.8,40.8,1,Em Risco
3,17,Feminino,Parda,Solteiro,"Ate 0,5 SM",Nao,Nao,Nao,Publica,Nao,Sim,7.1,87.3,8.0,90.0,0,Aprovado
3,17,Feminino,Branca,Solteiro,Acima de 1 SM,Sim,Sim,Sim,Publica,Nao,Nao,7.8,85.7,4.8,57.2,0,Aprovado
2,19,Feminino,Branca,Solteiro,"Ate 0,5 SM",Nao,Nao,Nao,Publica,Sim,Sim,5.9,85.2,4.3,58.7,1,Em Risco
2,20,Masculino,Preta,Solteiro,"Ate 0,5 SM",Nao,Sim,Nao,Privada,Sim,Sim,5.1,82.1,6.1,58.1,1,Em Risco
1,16,Masculino,Parda,Solteiro,"0,5-1 SM",Nao,Sim,Sim,Publica,Nao,Nao,7.3,91.0,8.2,71.0,0,Aprovado
3,23,Feminino,Branca,Solteiro,"Ate 0,5 SM",Sim,Sim,Nao,Privada,Sim,Sim,6.5,86.1,5.9,63.8,1,Aprovado
2,19,Masculino,Preta,Solteiro,"0,5-1 SM",Nao,Sim,Nao,Privada,Sim,Nao,3.5,66.2,4.6,48.6,1,Reprovado
1,15,Feminino,Branca,Solteiro,"Ate 0,5 SM",Nao,Sim,Nao,Publica,Nao,Sim,6.6,95.9,6.2,52.1,2,Aprovado
3,18,Feminino,Preta,Solteiro,Acima de 1 SM,Sim,Sim,Sim,Publica,Nao,Nao,6.3,81.6,5.5,48.1,1,Em Risco
3,17,Feminino,Parda,Solteiro,"0,5-1 SM",Nao,Sim,Sim,Publica,Nao,Nao,8.0,94.6,6.0,60.7,0,Aprovado
3,17,Masculino,Parda,Solteiro,"0,5-1 SM",Nao,Sim,Nao,Privada,Nao,Nao,7.1,81.5,7.5,83.0,0,Em Risco
3,17,Feminino,Parda,Solteiro,"Ate 0,5 SM",Nao,Sim,Nao,Publica,Nao,Sim,7.1,81.7,5.9,62.3,0,Aprovado
2,19,Masculino,Parda,Solteiro,"Ate 0,5 SM",Sim,Sim,Nao,Publica,Sim,Sim,4.8,81.4,6.3,73.1,1,Em Risco
2,16,Feminino,Branca,Solteiro,"0,5-1 SM",Sim,Sim,Nao,Publica,Nao,Nao,6.0,66.9,5.1,70.8,1,Reprovado
3,18,Masculino,Branca,Solteiro,"Ate 0,5 SM",Sim,Sim,Nao,Publica,Nao,Sim,7.2,87.1,7.1,56.5,1,Aprovado
3,17,Feminino,Preta,Solteiro,"Ate 0,5 SM",Nao,Nao,Sim,Publica,Nao,Nao,6.5,92.6,7.2,59.9,1,Em Risco
1,16,Feminino,Parda,Solteiro,"0,5-1 SM",Sim,Sim,Nao,Publica,Nao,Nao,6.2,76.0,3.5,48.2,2,Em Risco
1,16,Masculino,Parda,Solteiro,"Ate 0,5 SM",Nao,Sim,Nao,Publica,Nao,Nao,4.5,78.4,5.2,70.8,1,Em Risco
1,15,Masculino,Parda,Solteiro,"Ate 0,5 SM",Nao,Sim,Nao,Publica,Nao,Sim,6.4,94.3,8.6,84.1,0,Aprovado
3,17,Feminino,Parda,Solteiro,"Ate 0,5 SM",Nao,Nao,Nao,Privada,Nao,Sim,3.7,80.2,6.0,73.7,1,Reprovado
3,17,Masculino,Parda,Solteiro,"Ate 0,5 SM",Nao,Sim,Sim,Publica,Nao,Sim,6.1,83.8,6.3,58.7,1,Em Risco
1,17,Feminino,Parda,Solteiro,Acima de 1 SM,Nao,Sim,Sim,Privada,Sim,Nao,6.7,89.2,5.7,71.0,2,Aprovado
2,16,Masculino,Parda,Solteiro,"Ate 0,5 SM",Nao,Sim,Sim,Publica,Nao,Sim,7.8,94.8,8.4,93.6,0,Aprovado
2,19,Feminino,Branca,Solteiro,Acima de 1 SM,Sim,Sim,Sim,Publica,Sim,Nao,4.7,79.4,4.2,44.9,1,Reprovado
3,17,Feminino,Parda,Solteiro,"Ate 0,5 SM",Nao,Sim,Nao,Publica,Nao,Sim,6.9,93.1,7.0,67.2,0,Aprovado
3,21,Masculino,Branca,Casado/Uniao,"Ate 0,5 SM",Nao,Sim,Nao,Privada,Sim,Sim,8.0,83.2,7.4,82.3,1,Aprovado
3,19,Masculino,Parda,Solteiro,"Ate 0,5 SM",Nao,Sim,Nao,Privada,Sim,Sim,5.2,80.5,5.2,75.0,2,Em Risco
2,16,Feminino,Parda,Solteiro,"Ate 0,5 SM",Nao,Nao,Nao,Publica,Nao,Sim,4.2,83.4,5.5,76.7,2,Reprovado
2,22,Masculino,Branca,Solteiro,"0,5-1 SM",Nao,Sim,Sim,Publica,Sim,Nao,6.6,78.7,7.4,96.0,1,Aprovado
1,15,Masculino,Preta,Solteiro,Acima de 1 SM,Nao,Sim,Sim,Publica,Nao,Nao,5.5,73.8,5.4,57.4,0,Reprovado
1,16,Feminino,Parda,Solteiro,"Ate 0,5 SM",Nao,Sim,Nao,Publica,Nao,Sim,5.4,80.9,5.3,67.1,1,Em Risco
3,17,Masculino,Parda,Solteiro,"0,5-1 SM",Nao,Sim,Sim,Privada,Nao,Nao,8.2,88.5,7.8,65.4,0,Aprovado
3,17,Masculino,Parda,Solteiro,"Ate 0,5 SM",Nao,Sim,Nao,Publica,Nao,Sim,8.9,94.4,8.7,91.9,0,Aprovado
3,17,Feminino,Preta,Solteiro,"Ate 0,5 SM",Nao,Sim,Nao,Privada,Nao,Sim,5.3,81.3,4.9,48.9,0,Em Risco
3,17,Masculino,Branca,Solteiro,"Ate 0,5 SM",Nao,Nao,Nao,Publica,Nao,Sim,5.2,81.1,4.2,56.2,0,Reprovado
2,21,Masculino,Parda,Solteiro,Acima de 1 SM,Sim,Sim,Sim,Publica,Sim,Nao,5.4,80.1,4.3,27.8,1,Reprovado
3,19,Masculino,Parda,Solteiro,"Ate 0,5 SM",Sim,Nao,Nao,Publica,Sim,Nao,4.5,68.3,4.5,43.7,1,Reprovado
3,17,Feminino,Branca,Solteiro,Acima de 1 SM,Nao,Sim,Sim,Publica,Nao,Nao,9.5,93.7,7.6,76.0,0,Aprovado
3,17,Feminino,Parda,Solteiro,"Ate 0,5 SM",Sim,Nao,Nao,Publica,Nao,Nao,5.1,79.0,4.8,42.7,2,Reprovado
1,15,Feminino,Preta,Solteiro,"Ate 0,5 SM",Nao,Sim,Nao,Publica,Nao,Sim,5.9,95.1,6.1,82.1,2,Aprovado
2,16,Masculino,Parda,Solteiro,"Ate 0,5 SM",Nao,Sim,Nao,Publica,Nao,Sim,8.5,100.0,9.7,97.0,0,Aprovado
1,15,Masculino,Parda,Solteiro,"0,5-1 SM",Nao,Sim,Sim,Publica,Nao,Nao,7.5,85.0,6.3,52.6,0,Aprovado
3,19,Masculino,Parda,Solteiro,"0,5-1 SM",Nao,Sim,Nao,Publica,Sim,Nao,7.2,80.6,7.6,69.0,1,Aprovado
2,16,Masculino,Parda,Casado/Uniao,"Ate 0,5 SM",Nao,Sim,Nao,Publica,Nao,Sim,5.3,82.8,5.0,58.1,0,Em Risco
1,15,Feminino,Parda,Solteiro,Acima de 1 SM,Sim,Sim,Nao,Publica,Nao,Nao,5.5,78.3,4.3,41.0,0,Reprovado
2,16,Masculino,Preta,Solteiro,"Ate 0,5 SM",Nao,Sim,Nao,Publica,Nao,Sim,9.4,90.8,9.6,99.6,0,Aprovado
2,17,Masculino,Preta,Solteiro,Acima de 1 SM,Nao,Sim,Nao,Publica,Nao,Nao,7.7,72.3,7.8,50.5,1,Reprovado
1,17,Masculino,Preta,Solteiro,"0,5-1 SM",Nao,Sim,Nao,Publica,Sim,Nao,7.5,84.5,7.9,77.6,1,Aprovado
1,15,Feminino,Parda,Solteiro,"0,5-1 SM",Nao,Sim,Sim,Publica,Nao,Nao,6.0,70.7,6.5,67.5,1,Reprovado
2,16,Feminino,Parda,Solteiro,"0,5-1 SM",Nao,Sim,Nao,Publica,Nao,Nao,6.0,81.8,3.2,40.8,1,Em Risco
2,19,Feminino,Parda,Solteiro,"Ate 0,5 SM",Sim,Sim,Sim,Privada,Sim,Nao,5.5,79.7,4.0,75.3,1,Em Risco
3,17,Feminino,Branca,Solteiro,"0,5-1 SM",Nao,Sim,Nao,Publica,Nao,Nao,4.4,67.0,5.8,73.6,1,Reprovado
2,16,Masculino,Parda,Solteiro,"Ate 0,5 SM",Sim,Sim,Nao,Publica,Nao,Sim,5.1,81.8,5.3,71.6,1,Em Risco
3,17,Masculino,Parda,Solteiro,"Ate 0,5 SM",Nao,Sim,Nao,Publica,Nao,Sim,7.5,100.0,7.1,86.5,0,Aprovado
2,16,Masculino,Parda,Solteiro,"Ate 0,5 SM",Nao,Sim,Nao,Publica,Nao,Nao,5.3,82.5,4.8,59.1,1,Reprovado
2,19,Feminino,Parda,Solteiro,"Ate 0,5 SM",Sim,Sim,Nao,Publica,Sim,Sim,5.6,82.5,5.2,47.3,1,Em Risco
3,17,Feminino,Parda,Solteiro,"Ate 0,5 SM",Nao,Sim,Sim,Publica,Nao,Sim,5.1,93.4,5.0,60.8,0,Em Risco
2,16,Feminino,Branca,Outro,"Ate 0,5 SM",Nao,Sim,Nao,Publica,Nao,Sim,9.3,98.2,8.4,97.7,0,Aprovado
1,15,Feminino,Branca,Solteiro,"Ate 0,5 SM",Nao,Sim,Nao,Publica,Nao,Sim,5.7,82.0,6.3,81.0,0,Em Risco
1,18,Feminino,Branca,Solteiro,"Ate 0,5 SM",Sim,Sim,Nao,Publica,Sim,Sim,3.9,81.0,3.7,46.3,1,Reprovado
3,17,Feminino,Branca,Solteiro,Acima de 1 SM,Nao,Sim,Sim,Publica,Nao,Nao,8.0,80.6,7.7,61.2,0,Em Risco
2,16,Feminino,Branca,Casado/Uniao,"Ate 0,5 SM",Nao,Sim,Nao,Publica,Nao,Sim,7.6,100.0,5.9,47.3,0,Aprovado
2,16,Feminino,Parda,Solteiro,"0,5-1 SM",Nao,Sim,Nao,Publica,Nao,Nao,5.2,78.1,5.4,61.4,0,Reprovado
1,15,Masculino,Parda,Solteiro,"Ate 0,5 SM",Nao,Sim,Sim,Privada,Nao,Sim,6.7,83.2,6.3,73.6,0,Aprovado
1,19,Feminino,Branca,Solteiro,"Ate 0,5 SM",Nao,Sim,Nao,Publica,Sim,Sim,6.0,85.5,6.7,63.7,1,Em Risco
1,15,Feminino,Parda,Solteiro,"Ate 0,5 SM",Nao,Sim,Nao,Publica,Nao,Sim,4.1,81.6,5.9,82.0,0,Em Risco
1,17,Masculino,Parda,Solteiro,"Ate 0,5 SM",Nao,Sim,Nao,Privada,Sim,Sim,4.2,81.1,5.3,70.4,1,Reprovado
2,16,Feminino,Parda,Solteiro,"0,5-1 SM",Nao,Sim,Nao,Publica,Nao,Nao,8.1,83.1,7.0,72.9,0,Aprovado
2,16,Feminino,Parda,Solteiro,"0,5-1 SM",Nao,Sim,Nao,Publica,Nao,Nao,5.1,67.0,5.4,51.1,0,Reprovado
2,16,Masculino,Parda,Solteiro,"Ate 0,5 SM",Sim,Sim,Sim,Privada,Nao,Sim,8.1,100.0,7.7,96.2,1,Aprovado
3,17,Feminino,Parda,Solteiro,"Ate 0,5 SM",Nao,Sim,Nao,Privada,Nao,Sim,4.9,80.1,3.5,43.0,1,Reprovado
1,16,Masculino,Parda,Solteiro,Acima de 1 SM,Nao,Sim,Nao,Publica,Nao,Nao,7.5,99.1,7.2,68.5,0,Aprovado
2,16,Feminino,Branca,Solteiro,"Ate 0,5 SM",Nao,Sim,Nao,Publica,Nao,Sim,6.0,82.4,5.3,58.7,0,Em Risco
3,19,Feminino,Parda,Solteiro,"Ate 0,5 SM",Sim,Sim,Nao,Publica,Sim,Sim,5.2,84.2,3.1,60.9,1,Reprovado
2,18,Masculino,Branca,Solteiro,"0,5-1 SM",Nao,Sim,Nao,Publica,Sim,Nao,8.3,94.9,6.7,61.6,1,Aprovado
2,17,Masculino,Parda,Solteiro,"Ate 0,5 SM",Sim,Sim,Sim,Publica,Nao,Sim,4.7,83.2,4.3,35.7,0,Reprovado
3,20,Feminino,Parda,Solteiro,Acima de 1 SM,Nao,Sim,Sim,Publica,Sim,Nao,7.2,91.4,7.7,76.2,1,Aprovado
3,17,Masculino,Parda,Solteiro,"0,5-1 SM",Nao,Sim,Nao,Privada,Nao,Nao,7.3,76.7,5.1,60.9,0,Reprovado
1,15,Masculino,Parda,Solteiro,"Ate 0,5 SM",Nao,Nao,Sim,Publica,Nao,Sim,10.0,97.6,9.4,84.4,0,Aprovado
3,17,Feminino,Preta,Solteiro,"Ate 0,5 SM",Nao,Sim,Sim,Publica,Nao,Sim,5.4,80.8,6.9,65.9,1,Em Risco
2,16,Masculino,Branca,Solteiro,"Ate 0,5 SM",Sim,Sim,Nao,Publica,Nao,Sim,5.2,83.0,5.0,73.8,0,Em Risco
1,15,Masculino,Preta,Solteiro,"Ate 0,5 SM",Nao,Sim,Nao,Publica,Nao,Sim,7.5,83.4,4.9,36.0,0,Aprovado
2,16,Feminino,Branca,Solteiro,Acima de 1 SM,Nao,Sim,Sim,Publica,Nao,Nao,6.7,71.5,5.5,63.7,1,Em Risco
3,17,Feminino,Parda,Solteiro,"0,5-1 SM",Nao,Sim,Nao,Publica,Nao,Nao,5.8,78.5,6.5,57.9,1,Em Risco
2,16,Feminino,Parda,Solteiro,"Ate 0,5 SM",Nao,Sim,Nao,Publica,Nao,Sim,7.7,82.1,6.2,49.6,0,Aprovado
1,18,Feminino,Parda,Solteiro,"Ate 0,5 SM",Sim,Nao,Nao,Privada,Sim,Sim,5.0,82.9,3.6,39.2,1,Reprovado
2,16,Masculino,Parda,Solteiro,"Ate 0,5 SM",Nao,Sim,Nao,Publica,Nao,Nao,5.3,69.2,5.9,59.3,0,Reprovado
1,15,Masculino,Parda,Solteiro,"Ate 0,5 SM",Nao,Sim,Nao,Publica,Nao,Sim,7.4,84.0,7.2,81.8,0,Aprovado
1,15,Masculino,Parda,Solteiro,"0,5-1 SM",Nao,Sim,Nao,Publica,Nao,Nao,6.9,70.5,5.6,55.9,0,Reprovado
1,17,Feminino,Parda,Solteiro,"0,5-1 SM",Nao,Sim,Nao,Publica,Sim,Nao,5.5,89.1,4.4,54.2,2,Reprovado
1,17,Feminino,Parda,Solteiro,"Ate 0,5 SM",Nao,Nao,Nao,Publica,Sim,Sim,5.2,80.3,6.3,62.7,1,Em Risco
1,15,Feminino,Parda,Solteiro,"Ate 0,5 SM",Nao,Nao,Nao,Publica,Nao,Sim,5.0,81.9,5.4,74.1,2,Em Risco
1,16,Feminino,Preta,Solteiro,"0,5-1 SM",Sim,Nao,Sim,Publica,Nao,Nao,7.0,74.2,6.2,42.1,1,Reprovado
2,16,Feminino,Parda,Solteiro,"Ate 0,5 SM",Nao,Sim,Nao,Publica,Nao,Sim,6.0,82.3,5.3,83.0,0,Em Risco
1,15,Masculino,Preta,Solteiro,"0,5-1 SM",Nao,Sim,Sim,Privada,Nao,Nao,5.9,91.9,5.7,52.0,0,Em Risco
1,15,Masculino,Preta,Solteiro,"Ate 0,5 SM",Nao,Sim,Nao,Publica,Nao,Sim,4.8,82.7,5.8,74.6,2,Reprovado
3,17,Masculino,Parda,Solteiro,"0,5-1 SM",Sim,Sim,Nao,Publica,Nao,Nao,6.5,78.5,5.1,42.9,0,Em Risco
2,16,Masculino,Parda,Solteiro,Acima de 1 SM,Nao,Sim,Sim,Publica,Nao,Nao,6.3,82.2,5.8,66.2,0,Aprovado
2,19,Feminino,Parda,Solteiro,Acima de 1 SM,Nao,Sim,Nao,Publica,Sim,Nao,3.5,65.1,3.8,54.7,2,Reprovado
1,15,Masculino,Branca,Solteiro,Acima de 1 SM,Sim,Sim,Nao,Publica,Nao,Nao,4.6,73.7,3.3,58.0,1,Reprovado
1,15,Feminino,Preta,Solteiro,Acima de 1 SM,Nao,Sim,Sim,Publica,Nao,Nao,6.7,89.0,7.2,64.5,0,Aprovado
1,15,Feminino,Parda,Solteiro,"0,5-1 SM",Nao,Sim,Sim,Publica,Nao,Nao,6.5,81.2,8.1,77.3,0,Aprovado
1,15,Masculino,Parda,Solteiro,Acima de 1 SM,Nao,Sim,Sim,Publica,Nao,Nao,6.7,85.5,5.3,68.2,1,Em Risco
1,15,Masculino,Branca,Solteiro,Acima de 1 SM,Nao,Sim,Nao,Publica,Nao,Nao,6.2,83.1,6.2,71.8,0,Aprovado
1,15,Masculino,Parda,Solteiro,"0,5-1 SM",Nao,Sim,Nao,Publica,Nao,Nao,4.5,71.6,4.7,50.7,0,Reprovado
1,15,Masculino,Branca,Solteiro,"Ate 0,5 SM",Nao,Sim,Nao,Privada,Nao,Sim,5.5,81.9,5.4,65.6,0,Em Risco
1,15,Feminino,Parda,Solteiro,"Ate 0,5 SM",Sim,Nao,Sim,Privada,Nao,Sim,7.8,88.0,6.0,67.0,1,Aprovado
2,20,Masculino,Parda,Solteiro,"0,5-1 SM",Sim,Sim,Nao,Publica,Sim,Nao,6.8,89.2,4.4,34.6,1,Em Risco
1,19,Feminino,Branca,Solteiro,"Ate 0,5 SM",Nao,Sim,Nao,Publica,Sim,Sim,6.7,91.0,7.4,69.1,1,Em Risco
1,15,Feminino,Preta,Solteiro,"0,5-1 SM",Nao,Sim,Nao,Publica,Nao,Nao,7.1,78.6,5.1,56.4,1,Em Risco
2,17,Feminino,Preta,Casado/Uniao,"Ate 0,5 SM",Nao,Sim,Nao,Publica,Nao,Sim,7.6,88.9,6.4,53.9,0,Aprovado
2,17,Feminino,Parda,Solteiro,"Ate 0,5 SM",Nao,Sim,Sim,Privada,Nao,Sim,5.5,81.9,4.4,46.5,1,Em Risco
1,15,Masculino,Parda,Solteiro,"0,5-1 SM",Nao,Sim,Nao,Publica,Nao,Nao,6.5,88.4,5.7,56.6,2,Em Risco
3,17,Masculino,Preta,Solteiro,Acima de 1 SM,Nao,Sim,Sim,Publica,Nao,Nao,5.5,75.5,4.5,46.4,1,Reprovado
2,16,Masculino,Parda,Solteiro,"Ate 0,5 SM",Nao,Sim,Nao,Publica,Nao,Sim,5.0,92.4,5.9,78.3,2,Em Risco
1,17,Masculino,Parda,Solteiro,Acima de 1 SM,Nao,Sim,Nao,Publica,Sim,Nao,6.6,85.0,5.5,65.4,1,Em Risco
3,24,Feminino,Branca,Solteiro,"0,5-1 SM",Nao,Sim,Nao,Publica,Sim,Nao,7.1,93.9,7.8,71.3,1,Aprovado
3,17,Feminino,Parda,Solteiro,"Ate 0,5 SM",Nao,Sim,Nao,Publica,Nao,Sim,6.2,82.3,6.7,47.9,1,Aprovado
1,19,Masculino,Parda,Solteiro,"Ate 0,5 SM",Sim,Sim,Nao,Publica,Sim,Sim,7.6,90.5,7.4,71.5,1,Aprovado
1,15,Masculino,Preta,Solteiro,"Ate 0,5 SM",Nao,Sim,Nao,Publica,Nao,Sim,6.7,90.3,5.5,67.5,0,Aprovado
3,17,Masculino,Outra,Solteiro,"Ate 0,5 SM",Nao,Sim,Sim,Publica,Nao,Sim,5.8,81.8,4.4,40.2,1,Em Risco
3,17,Feminino,Parda,Solteiro,"Ate 0,5 SM",Nao,Sim,Nao,Publica,Nao,Sim,5.0,82.6,7.1,76.1,2,Em Risco
1,18,Feminino,Parda,Solteiro,"Ate 0,5 SM",Sim,Sim,Nao,Publica,Sim,Sim,6.8,93.4,5.2,61.3,1,Em Risco
1,15,Feminino,Branca,Solteiro,"Ate 0,5 SM",Nao,Sim,Nao,Publica,Nao,Nao,6.6,81.6,6.2,67.2,1,Aprovado
1,15,Feminino,Branca,Solteiro,"0,5-1 SM",Sim,Sim,Nao,Publica,Nao,Nao,6.9,79.5,6.1,80.2,1,Em Risco
2,17,Masculino,Preta,Solteiro,"Ate 0,5 SM",Nao,Sim,Nao,Privada,Nao,Sim,3.1,83.2,4.0,77.7,0,Reprovado
2,16,Masculino,Parda,Casado/Uniao,"0,5-1 SM",Nao,Sim,Nao,Publica,Nao,Nao,6.8,76.9,6.0,62.0,1,Em Risco
1,17,Masculino,Parda,Solteiro,"Ate 0,5 SM",Nao,Sim,Nao,Publica,Sim,Sim,5.2,83.0,5.7,71.8,1,Reprovado
2,16,Masculino,Parda,Solteiro,"0,5-1 SM",Sim,Sim,Nao,Publica,Nao,Nao,4.2,67.5,3.5,57.7,0,Reprovado
3,18,Feminino,Branca,Solteiro,Acima de 1 SM,Sim,Sim,Sim,Publica,Nao,Nao,6.5,77.0,5.5,48.6,2,Reprovado
1,15,Feminino,Branca,Casado/Uniao,"Ate 0,5 SM",Nao,Sim,Nao,Privada,Nao,Sim,8.0,97.3,5.7,66.9,0,Aprovado
1,15,Feminino,Parda,Solteiro,Acima de 1 SM,Sim,Sim,Sim,Publica,Nao,Nao,9.5,96.2,7.5,42.9,0,Aprovado
3,17,Feminino,Parda,Solteiro,"0,5-1 SM",Sim,Sim,Nao,Publica,Nao,Nao,6.3,84.9,5.0,59.6,1,Em Risco
3,21,Masculino,Parda,Solteiro,"0,5-1 SM",Sim,Sim,Nao,Privada,Sim,Nao,4.7,59.8,5.2,52.6,1,Reprovado
2,16,Masculino,Branca,Solteiro,"0,5-1 SM",Nao,Sim,Sim,Publica,Nao,Nao,5.8,83.1,4.0,54.9,1,Em Risco
2,16,Feminino,Preta,Solteiro,"Ate 0,5 SM",Nao,Sim,Nao,Publica,Nao,Sim,7.7,86.3,7.8,93.0,0,Aprovado
1,15,Feminino,Parda,Solteiro,"Ate 0,5 SM",Nao,Sim,Nao,Publica,Nao,Nao,5.2,79.6,5.3,77.9,0,Em Risco
2,16,Masculino,Parda,Solteiro,"Ate 0,5 SM",Nao,Sim,Nao,Publica,Nao,Sim,7.3,100.0,7.2,86.9,1,Aprovado
2,17,Feminino,Parda,Solteiro,"Ate 0,5 SM",Nao,Sim,Nao,Publica,Nao,Nao,6.8,88.7,5.7,63.6,2,Aprovado
1,15,Feminino,Parda,Solteiro,"Ate 0,5 SM",Nao,Sim,Nao,Publica,Nao,Sim,6.7,87.6,6.4,59.6,0,Aprovado
1,18,Masculino,Branca,Solteiro,Acima de 1 SM,Sim,Sim,Sim,Publica,Sim,Nao,4.0,79.1,3.7,55.7,1,Reprovado
1,15,Feminino,Preta,Solteiro,"Ate 0,5 SM",Nao,Nao,Nao,Privada,Nao,Sim,5.9,84.0,5.9,61.4,0,Em Risco
1,15,Masculino,Parda,Solteiro,Acima de 1 SM,Sim,Sim,Nao,Publica,Nao,Nao,4.3,67.5,4.7,62.9,2,Reprovado
1,16,Feminino,Parda,Solteiro,"Ate 0,5 SM",Nao,Sim,Sim,Publica,Nao,Sim,6.0,83.5,5.7,54.2,0,Em Risco
1,15,Feminino,Branca,Solteiro,"Ate 0,5 SM",Nao,Sim,Nao,Publica,Nao,Sim,7.6,86.3,8.6,92.7,0,Aprovado
1,15,Feminino,Parda,Solteiro,"Ate 0,5 SM",Nao,Sim,Nao,Publica,Nao,Nao,8.1,87.4,6.9,73.8,1,Aprovado
1,15,Masculino,Parda,Solteiro,"Ate 0,5 SM",Nao,Sim,Nao,Publica,Nao,Sim,6.7,82.5,7.1,57.9,0,Aprovado
3,17,Masculino,Branca,Solteiro,Acima de 1 SM,Nao,Sim,Sim,Publica,Nao,Nao,6.3,75.7,5.3,49.0,0,Reprovado
2,16,Masculino,Branca,Solteiro,"0,5-1 SM",Nao,Sim,Sim,Publica,Nao,Nao,8.9,100.0,6.7,60.0,0,Aprovado
2,16,Masculino,Branca,Solteiro,"Ate 0,5 SM",Nao,Sim,Nao,Publica,Nao,Sim,5.7,83.9,4.9,48.8,1,Em Risco
3,17,Feminino,Parda,Solteiro,Acima de 1 SM,Nao,Sim,Sim,Publica,Nao,Nao,5.5,75.2,5.4,76.8,1,Em Risco
2,17,Feminino,Parda,Solteiro,"0,5-1 SM",Nao,Sim,Sim,Publica,Nao,Nao,7.7,82.3,7.7,74.0,0,Em Risco
1,17,Masculino,Parda,Solteiro,"Ate 0,5 SM",Nao,Sim,Sim,Publica,Sim,Sim,6.8,84.2,6.1,54.6,1,Aprovado
2,16,Masculino,Parda,Solteiro,"0,5-1 SM",Sim,Sim,Nao,Publica,Nao,Nao,5.3,66.5,4.4,37.0,1,Reprovado
2,16,Masculino,Branca,Casado/Uniao,"0,5-1 SM",Nao,Sim,Nao,Publica,Nao,Nao,6.6,84.4,5.0,44.5,0,Em Risco
3,19,Masculino,Parda,Solteiro,"Ate 0,5 SM",Nao,Sim,Nao,Publica,Sim,Nao,9.6,92.1,9.4,95.8,1,Aprovado
2,16,Masculino,Preta,Solteiro,"0,5-1 SM",Nao,Sim,Sim,Publica,Nao,Nao,7.1,100.0,5.9,67.7,0,Aprovado
1,15,Masculino,Parda,Solteiro,"Ate 0,5 SM",Nao,Sim,Nao,Publica,Nao,Sim,7.0,83.2,6.4,71.3,0,Aprovado
1,15,Feminino,Parda,Solteiro,"Ate 0,5 SM",Nao,Sim,Nao,Privada,Nao,Sim,5.9,88.4,7.4,91.5,0,Em Risco
1,15,Masculino,Branca,Solteiro,"Ate 0,5 SM",Nao,Sim,Nao,Publica,Nao,Sim,7.1,83.9,6.1,63.7,0,Aprovado
2,19,Feminino,Parda,Solteiro,Acima de 1 SM,Sim,Sim,Nao,Publica,Sim,Nao,5.7,71.9,4.7,33.7,1,Reprovado
2,17,Feminino,Parda,Casado/Uniao,"0,5-1 SM",Nao,Sim,Sim,Publica,Nao,Nao,6.2,74.4,4.8,32.7,1,Reprovado
1,15,Masculino,Parda,Solteiro,"Ate 0,5 SM",Nao,Sim,Nao,Publica,Nao,Sim,6.1,84.3,7.3,84.4,0,Aprovado
3,17,Feminino,Parda,Casado/Uniao,"Ate 0,5 SM",Nao,Sim,Sim,Privada,Nao,Sim,6.8,83.2,6.9,79.2,0,Aprovado
2,16,Feminino,Parda,Solteiro,"Ate 0,5 SM",Nao,Sim,Nao,Publica,Nao,Sim,4.6,81.0,4.8,69.6,2,Em Risco
1,15,Feminino,Parda,Solteiro,"0,5-1 SM",Nao,Sim,Nao,Privada,Nao,Nao,5.8,76.8,6.2,64.5,0,Em Risco
1,15,Masculino,Preta,Solteiro,"Ate 0,5 SM",Nao,Sim,Nao,Publica,Nao,Sim,6.5,83.1,7.3,96.5,1,Aprovado
1,15,Masculino,Branca,Solteiro,"0,5-1 SM",Nao,Sim,Nao,Publica,Nao,Nao,4.7,69.2,2.6,52.8,0,Reprovado
1,15,Feminino,Parda,Solteiro,Acima de 1 SM,Nao,Sim,Sim,Publica,Nao,Nao,6.2,65.9,4.2,44.2,1,Reprovado
1,15,Feminino,Parda,Outro,"0,5-1 SM",Nao,Sim,Sim,Publica,Nao,Nao,9.9,100.0,8.3,80.1,0,Aprovado
1,19,Masculino,Parda,Casado/Uniao,"Ate 0,5 SM",Nao,Sim,Nao,Publica,Sim,Sim,4.4,81.9,2.8,45.0,1,Reprovado
1,19,Masculino,Parda,Casado/Uniao,"Ate 0,5 SM",Nao,Sim,Nao,Privada,Sim,Nao,5.6,73.5,5.2,48.3,1,Em Risco
1,15,Masculino,Parda,Solteiro,"Ate 0,5 SM",Sim,Sim,Nao,Publica,Nao,Sim,4.9,83.0,4.1,62.4,0,Reprovado
3,17,Masculino,Preta,Outro,"0,5-1 SM",Nao,Sim,Nao,Publica,Nao,Nao,6.3,91.3,6.2,75.8,0,Em Risco
1,15,Feminino,Parda,Solteiro,"0,5-1 SM",Nao,Sim,Sim,Publica,Nao,Nao,5.7,79.7,6.5,57.8,0,Em Risco
2,18,Masculino,Branca,Solteiro,"Ate 0,5 SM",Sim,Sim,Nao,Publica,Sim,Sim,5.1,87.3,6.6,63.9,1,Em Risco
2,18,Masculino,Branca,Solteiro,"Ate 0,5 SM",Sim,Nao,Nao,Publica,Sim,Sim,4.3,89.0,4.1,56.7,1,Reprovado
3,17,Feminino,Branca,Solteiro,Acima de 1 SM,Nao,Sim,Nao,Publica,Nao,Nao,8.0,100.0,8.6,75.9,0,Aprovado
1,15,Masculino,Parda,Casado/Uniao,"Ate 0,5 SM",Nao,Sim,Nao,Publica,Nao,Nao,6.6,75.7,5.3,43.4,0,Em Risco
2,16,Feminino,Parda,Casado/Uniao,"Ate 0,5 SM",Nao,Sim,Nao,Publica,Nao,Sim,5.1,80.8,5.7,75.8,0,Em Risco
3,17,Feminino,Branca,Solteiro,"0,5-1 SM",Sim,Sim,Nao,Publica,Nao,Nao,7.1,83.2,4.4,47.2,0,Em Risco
3,17,Masculino,Parda,Solteiro,"Ate 0,5 SM",Sim,Sim,Nao,Publica,Nao,Sim,4.8,82.4,5.6,77.9,0,Reprovado
3,17,Feminino,Branca,Solteiro,"0,5-1 SM",Nao,Sim,Nao,Publica,Nao,Nao,4.4,83.5,6.8,79.1,0,Em Risco
1,15,Feminino,Parda,Solteiro,"0,5-1 SM",Sim,Sim,Sim,Privada,Nao,Nao,6.5,87.3,6.3,58.6,0,Aprovado
1,15,Masculino,Parda,Solteiro,"0,5-1 SM",Sim,Sim,Nao,Publica,Nao,Nao,8.5,84.9,8.7,70.4,1,Aprovado
2,16,Masculino,Preta,Solteiro,"Ate 0,5 SM",Nao,Nao,Nao,Publica,Nao,Nao,3.8,66.4,2.1,43.3,0,Reprovado
3,17,Feminino,Preta,Solteiro,"Ate 0,5 SM",Nao,Sim,Nao,Publica,Nao,Sim,4.7,82.1,6.3,68.4,2,Em Risco
2,19,Feminino,Branca,Solteiro,"Ate 0,5 SM",Nao,Sim,Nao,Publica,Sim,Sim,6.9,82.3,6.3,66.8,1,Aprovado
2,17,Feminino,Branca,Solteiro,"Ate 0,5 SM",Sim,Sim,Nao,Publica,Nao,Sim,5.2,82.7,7.1,71.0,0,Em Risco
1,15,Masculino,Parda,Solteiro,Acima de 1 SM,Nao,Sim,Nao,Privada,Nao,Nao,7.6,80.7,6.3,31.2,0,Reprovado
3,17,Feminino,Parda,Solteiro,"0,5-1 SM",Nao,Sim,Sim,Publica,Nao,Nao,5.7,68.7,6.2,64.2,0,Reprovado
1,20,Masculino,Branca,Solteiro,"Ate 0,5 SM",Nao,Sim,Nao,Privada,Sim,Sim,6.2,82.4,4.9,45.9,1,Em Risco
1,15,Feminino,Parda,Solteiro,Acima de 1 SM,Nao,Sim,Sim,Publica,Nao,Nao,9.3,99.2,6.8,52.9,0,Aprovado
2,16,Feminino,Preta,Solteiro,"0,5-1 SM",Nao,Sim,Nao,Publica,Nao,Nao,4.9,78.1,3.8,65.0,1,Em Risco
2,16,Feminino,Parda,Solteiro,"Ate 0,5 SM",Nao,Sim,Nao,Publica,Nao,Nao,7.8,90.0,8.3,75.4,0,Aprovado
1,15,Feminino,Parda,Solteiro,"Ate 0,5 SM",Nao,Sim,Nao,Publica,Nao,Sim,7.3,95.6,5.1,69.6,0,Aprovado
1,15,Feminino,Parda,Solteiro,"Ate 0,5 SM",Nao,Sim,Nao,Publica,Nao,Sim,4.5,83.4,3.6,50.8,1,Reprovado
2,16,Feminino,Parda,Solteiro,Acima de 1 SM,Nao,Sim,Sim,Publica,Nao,Nao,7.7,90.4,7.2,64.7,0,Aprovado
1,16,Masculino,Branca,Solteiro,"Ate 0,5 SM",Nao,Nao,Nao,Publica,Nao,Sim,6.3,84.6,6.2,68.4,2,Em Risco
2,16,Feminino,Preta,Solteiro,Acima de 1 SM,Nao,Sim,Sim,Publica,Nao,Nao,7.1,87.0,5.3,70.2,0,Aprovado
1,16,Feminino,Parda,Solteiro,"Ate 0,5 SM",Nao,Sim,Sim,Publica,Nao,Sim,7.2,87.8,5.6,71.1,0,Aprovado
2,16,Masculino,Parda,Solteiro,Acima de 1 SM,Sim,Sim,Nao,Publica,Nao,Nao,5.7,65.4,5.0,49.5,1,Reprovado
2,16,Masculino,Parda,Solteiro,"Ate 0,5 SM",Nao,Sim,Nao,Publica,Nao,Sim,6.5,92.8,7.0,90.1,1,Aprovado
1,15,Masculino,Parda,Solteiro,Acima de 1 SM,Sim,Sim,Nao,Privada,Nao,Nao,6.7,86.6,6.5,50.7,1,Aprovado
1,15,Feminino,Parda,Solteiro,Acima de 1 SM,Nao,Sim,Nao,Privada,Nao,Nao,7.8,81.4,7.7,72.9,0,Aprovado
1,15,Feminino,Parda,Solteiro,"Ate 0,5 SM",Nao,Sim,Nao,Publica,Nao,Sim,4.5,84.7,3.9,69.7,2,Reprovado
1,16,Masculino,Parda,Solteiro,"0,5-1 SM",Sim,Sim,Nao,Publica,Nao,Nao,7.7,85.0,9.2,93.8,1,Aprovado
3,18,Feminino,Parda,Solteiro,"0,5-1 SM",Sim,Sim,Nao,Publica,Nao,Nao,4.5,72.9,5.2,52.5,1,Reprovado
1,15,Masculino,Parda,Solteiro,Acima de 1 SM,Sim,Sim,Sim,Publica,Nao,Nao,7.5,94.8,7.1,70.8,0,Aprovado
3,17,Feminino,Parda,Solteiro,"Ate 0,5 SM",Nao,Sim,Nao,Publica,Nao,Sim,6.6,86.9,9.3,82.0,1,Aprovado
1,15,Masculino,Parda,Casado/Uniao,"Ate 0,5 SM",Nao,Sim,Nao,Publica,Nao,Sim,4.8,85.6,5.6,71.8,2,Em Risco
2,17,Masculino,Parda,Solteiro,Acima de 1 SM,Nao,Sim,Sim,Publica,Nao,Nao,7.7,86.6,6.8,62.4,0,Aprovado
3,19,Masculino,Parda,Solteiro,"0,5-1 SM",Nao,Sim,Nao,Publica,Sim,Nao,4.7,85.4,6.7,77.0,2,Em Risco
2,16,Masculino,Branca,Solteiro,"Ate 0,5 SM",Nao,Sim,Sim,Publica,Nao,Nao,8.2,86.3,8.5,80.4,0,Aprovado
2,16,Feminino,Parda,Casado/Uniao,"0,5-1 SM",Nao,Sim,Nao,Publica,Nao,Nao,5.5,87.1,4.9,70.2,2,Em Risco
2,16,Feminino,Branca,Solteiro,"Ate 0,5 SM",Nao,Sim,Nao,Publica,Nao,Nao,4.5,78.2,6.7,83.7,0,Em Risco
1,16,Masculino,Parda,Solteiro,"0,5-1 SM",Nao,Sim,Nao,Publica,Nao,Nao,8.4,85.4,6.7,55.9,0,Aprovado
3,17,Masculino,Branca,Solteiro,"Ate 0,5 SM",Nao,Sim,Nao,Publica,Nao,Sim,6.7,88.0,6.3,68.1,0,Aprovado
3,19,Masculino,Parda,Solteiro,"Ate 0,5 SM",Nao,Sim,Nao,Publica,Sim,Sim,7.0,85.1,6.8,82.9,1,Aprovado
3,17,Feminino,Preta,Solteiro,"Ate 0,5 SM",Nao,Sim,Nao,Publica,Nao,Sim,5.3,82.8,6.3,73.3,0,Em Risco
1,15,Feminino,Parda,Solteiro,"Ate 0,5 SM",Sim,Sim,Nao,Publica,Nao,Sim,3.5,80.8,4.8,54.7,2,Reprovado
3,17,Masculino,Preta,Solteiro,"Ate 0,5 SM",Nao,Sim,Nao,Publica,Nao,Sim,8.6,87.7,9.1,80.2,1,Aprovado
3,17,Feminino,Parda,Solteiro,"Ate 0,5 SM",Sim,Sim,Nao,Publica,Nao,Sim,6.0,81.9,5.7,65.3,1,Em Risco
1,18,Masculino,Parda,Solteiro,"Ate 0,5 SM",Nao,Sim,Nao,Publica,Sim,Sim,6.5,86.9,5.5,55.5,1,Em Risco
1,16,Feminino,Preta,Outro,"Ate 0,5 SM",Nao,Sim,Nao,Publica,Nao,Sim,7.3,84.7,7.9,92.1,0,Aprovado
3,17,Feminino,Parda,Solteiro,"0,5-1 SM",Nao,Sim,Nao,Publica,Nao,Nao,6.0,89.6,6.2,77.2,0,Em Risco
2,16,Feminino,Branca,Solteiro,"Ate 0,5 SM",Sim,Sim,Nao,Privada,Nao,Sim,6.4,83.9,5.1,55.7,1,Em Risco
3,24,Feminino,Parda,Solteiro,"Ate 0,5 SM",Nao,Sim,Nao,Publica,Sim,Sim,8.0,96.9,6.1,69.2,1,Aprovado
1,15,Feminino,Parda,Solteiro,"0,5-1 SM",Sim,Sim,Nao,Publica,Nao,Nao,6.0,83.5,5.3,60.5,1,Em Risco
3,19,Feminino,Preta,Solteiro,Acima de 1 SM,Sim,Sim,Sim,Privada,Sim,Nao,7.4,83.5,5.1,38.3,1,Em Risco
1,15,Feminino,Parda,Solteiro,"0,5-1 SM",Nao,Sim,Sim,Privada,Nao,Nao,4.4,60.1,4.5,48.0,1,Reprovado
1,15,Masculino,Parda,Solteiro,"Ate 0,5 SM",Sim,Sim,Nao,Publica,Nao,Sim,7.5,97.5,8.3,65.0,0,Aprovado
1,15,Masculino,Preta,Solteiro,"0,5-1 SM",Sim,Sim,Sim,Publica,Nao,Nao,4.4,66.6,5.7,50.3,1,Reprovado
3,18,Masculino,Branca,Solteiro,Acima de 1 SM,Sim,Sim,Sim,Publica,Nao,Nao,7.9,87.1,6.4,56.7,0,Aprovado
2,16,Feminino,Branca,Solteiro,"Ate 0,5 SM",Nao,Sim,Nao,Publica,Nao,Sim,7.0,86.4,7.1,97.1,0,Aprovado
2,16,Masculino,Parda,Solteiro,Acima de 1 SM,Nao,Sim,Sim,Publica,Nao,Nao,6.9,84.7,6.7,47.4,1,Aprovado
1,19,Masculino,Parda,Solteiro,"Ate 0,5 SM",Sim,Sim,Nao,Publica,Sim,Sim,5.3,85.8,4.2,61.0,1,Em Risco
3,17,Masculino,Parda,Solteiro,"Ate 0,5 SM",Nao,Sim,Nao,Publica,Nao,Sim,6.1,83.9,6.3,67.9,2,Aprovado
2,16,Masculino,Parda,Solteiro,"Ate 0,5 SM",Nao,Sim,Nao,Publica,Nao,Sim,5.4,82.8,6.7,87.7,0,Aprovado
3,19,Feminino,Preta,Solteiro,"0,5-1 SM",Sim,Sim,Sim,Publica,Sim,Nao,5.5,85.2,3.9,50.7,1,Reprovado
2,16,Feminino,Parda,Solteiro,"Ate 0,5 SM",Sim,Sim,Nao,Privada,Nao,Sim,9.0,100.0,8.3,70.6,0,Aprovado
1,15,Feminino,Parda,Solteiro,"Ate 0,5 SM",Nao,Sim,Nao,Publica,Nao,Nao,8.1,86.3,6.1,49.6,2,Aprovado
2,19,Feminino,Parda,Solteiro,"Ate 0,5 SM",Sim,Nao,Nao,Publica,Sim,Nao,4.1,79.5,2.6,48.3,2,Reprovado
1,17,Feminino,Preta,Solteiro,"Ate 0,5 SM",Nao,Sim,Nao,Publica,Sim,Nao,6.2,76.6,5.3,56.4,1,Em Risco
3,17,Masculino,Branca,Solteiro,"Ate 0,5 SM",Sim,Nao,Nao,Publica,Nao,Sim,5.9,83.5,6.9,58.8,0,Em Risco
2,16,Masculino,Preta,Outro,"Ate 0,5 SM",Nao,Sim,Nao,Publica,Nao,Sim,6.3,82.0,6.7,72.9,1,Em Risco
1,15,Feminino,Parda,Solteiro,"Ate 0,5 SM",Nao,Sim,Nao,Publica,Nao,Nao,5.1,77.3,5.6,63.1,2,Em Risco
3,17,Masculino,Branca,Solteiro,Acima de 1 SM,Nao,Sim,Nao,Publica,Nao,Nao,7.2,85.9,7.5,59.2,1,Aprovado
2,16,Masculino,Parda,Solteiro,"Ate 0,5 SM",Nao,Sim,Sim,Publica,Nao,Sim,7.9,81.8,7.9,62.1,1,Aprovado
2,18,Feminino,Parda,Solteiro,"Ate 0,5 SM",Sim,Sim,Sim,Publica,Sim,Nao,4.7,79.9,4.2,34.1,1,Reprovado
3,17,Masculino,Parda,Solteiro,"Ate 0,5 SM",Nao,Nao,Nao,Publica,Nao,Nao,8.7,75.2,8.3,84.7,0,Em Risco
2,17,Masculino,Parda,Solteiro,"Ate 0,5 SM",Nao,Sim,Sim,Privada,Nao,Sim,8.9,94.6,8.3,68.2,0,Aprovado
1,16,Masculino,Parda,Solteiro,"Ate 0,5 SM",Nao,Sim,Sim,Publica,Nao,Sim,7.5,97.0,6.8,70.7,0,Aprovado
3,18,Masculino,Branca,Solteiro,"Ate 0,5 SM",Sim,Sim,Nao,Publica,Nao,Nao,4.4,78.7,4.1,65.5,1,Reprovado
2,16,Masculino,Parda,Solteiro,"0,5-1 SM",Nao,Sim,Nao,Publica,Nao,Nao,7.0,76.9,6.9,71.7,1,Em Risco
1,19,Masculino,Parda,Solteiro,"Ate 0,5 SM",Nao,Nao,Nao,Publica,Sim,Sim,6.0,83.5,4.4,56.8,1,Em Risco
1,17,Feminino,Branca,Solteiro,"Ate 0,5 SM",Nao,Sim,Nao,Publica,Sim,Sim,6.6,82.7,6.4,70.2,1,Em Risco
3,17,Feminino,Branca,Solteiro,"Ate 0,5 SM",Nao,Sim,Nao,Publica,Nao,Sim,8.5,87.9,6.4,57.4,0,Aprovado
2,16,Masculino,Preta,Solteiro,"0,5-1 SM",Nao,Sim,Nao,Publica,Nao,Nao,6.2,85.4,7.4,79.1,0,Aprovado
2,16,Feminino,Parda,Solteiro,"0,5-1 SM",Nao,Sim,Nao,Publica,Nao,Nao,9.1,92.5,7.1,53.4,0,Aprovado
3,17,Masculino,Parda,Solteiro,"Ate 0,5 SM",Nao,Sim,Nao,Publica,Nao,Nao,7.0,75.8,6.0,70.6,2,Em Risco
3,17,Masculino,Parda,Solteiro,"Ate 0,5 SM",Nao,Sim,Sim,Privada,Nao,Sim,6.6,81.0,6.6,64.3,0,Aprovado
1,15,Masculino,Parda,Solteiro,Acima de 1 SM,Nao,Sim,Nao,Publica,Nao,Nao,9.8,100.0,7.1,62.4,0,Aprovado
1,17,Feminino,Parda,Solteiro,"Ate 0,5 SM",Nao,Sim,Sim,Publica,Sim,Sim,7.3,96.5,6.2,48.0,1,Aprovado
1,22,Masculino,Parda,Solteiro,"Ate 0,5 SM",Sim,Sim,Nao,Publica,Sim,Sim,4.9,81.6,4.2,42.3,1,Reprovado
3,17,Feminino,Parda,Solteiro,"Ate 0,5 SM",Nao,Sim,Sim,Publica,Nao,Sim,6.9,87.7,6.2,91.1,0,Aprovado
1,15,Feminino,Parda,Solteiro,"Ate 0,5 SM",Sim,Sim,Nao,Publica,Nao,Sim,6.8,83.9,4.3,40.1,0,Em Risco
2,16,Feminino,Parda,Solteiro,Acima de 1 SM,Nao,Sim,Nao,Privada,Nao,Nao,6.6,87.0,5.3,73.2,0,Aprovado
3,17,Feminino,Parda,Solteiro,Acima de 1 SM,Nao,Sim,Sim,Publica,Nao,Nao,7.2,80.9,6.8,52.6,1,Aprovado
3,17,Feminino,Parda,Solteiro,"0,5-1 SM",Nao,Sim,Sim,Publica,Nao,Nao,5.7,76.0,4.8,36.6,1,Reprovado
1,15,Masculino,Parda,Solteiro,"Ate 0,5 SM",Nao,Sim,Nao,Publica,Nao,Nao,9.2,95.8,9.2,93.0,0,Aprovado
3,17,Masculino,Parda,Solteiro,"Ate 0,5 SM",Nao,Sim,Nao,Privada,Nao,Nao,6.7,93.8,5.3,47.1,0,Em Risco
1,19,Feminino,Parda,Solteiro,"Ate 0,5 SM",Nao,Sim,Nao,Publica,Sim,Sim,6.1,88.0,6.5,82.4,1,Em Risco
3,18,Feminino,Parda,Solteiro,Acima de 1 SM,Sim,Sim,Nao,Publica,Nao,Nao,6.9,93.1,5.8,80.2,1,Aprovado
1,15,Masculino,Parda,Solteiro,"0,5-1 SM",Nao,Sim,Nao,Publica,Nao,Nao,5.7,77.3,5.8,63.9,0,Em Risco
2,19,Masculino,Branca,Solteiro,"Ate 0,5 SM",Sim,Sim,Nao,Publica,Sim,Nao,3.7,79.9,3.3,51.1,1,Reprovado
3,17,Masculino,Branca,Solteiro,"Ate 0,5 SM",Sim,Sim,Nao,Publica,Nao,Nao,4.7,62.2,4.5,44.3,0,Reprovado
1,16,Masculino,Parda,Solteiro,"Ate 0,5 SM",Sim,Sim,Nao,Publica,Nao,Sim,7.4,89.9,5.7,42.9,0,Aprovado
1,15,Masculino,Branca,Solteiro,Acima de 1 SM,Nao,Sim,Sim,Publica,Nao,Nao,6.1,83.9,5.8,52.5,0,Em Risco
3,17,Feminino,Parda,Solteiro,"Ate 0,5 SM",Nao,Sim,Nao,Publica,Nao,Sim,5.9,83.1,5.5,57.8,1,Em Risco
3,17,Feminino,Parda,Solteiro,"Ate 0,5 SM",Sim,Sim,Nao,Publica,Nao,Sim,5.6,82.0,5.0,64.3,2,Em Risco
2,20,Masculino,Outra,Solteiro,"Ate 0,5 SM",Nao,Sim,Nao,Publica,Sim,Sim,5.1,86.5,6.2,63.7,1,Em Risco
2,16,Feminino,Parda,Solteiro,"Ate 0,5 SM",Nao,Sim,Nao,Publica,Nao,Sim,5.5,84.7,4.7,64.4,1,Em Risco
2,16,Feminino,Preta,Solteiro,Acima de 1 SM,Sim,Sim,Nao,Publica,Nao,Nao,5.1,84.9,2.3,59.1,1,Reprovado
1,15,Masculino,Parda,Solteiro,Acima de 1 SM,Nao,Sim,Sim,Publica,Nao,Nao,8.8,88.1,5.6,57.3,1,Aprovado
1,15,Masculino,Parda,Solteiro,Acima de 1 SM,Nao,Sim,Sim,Publica,Nao,Nao,7.9,85.2,6.3,51.6,1,Aprovado
1,15,Feminino,Parda,Solteiro,"0,5-1 SM",Sim,Sim,Nao,Publica,Nao,Nao,7.6,96.4,7.1,80.1,1,Aprovado
3,17,Feminino,Parda,Solteiro,"Ate 0,5 SM",Nao,Sim,Nao,Publica,Nao,Sim,8.3,93.7,7.4,89.7,0,Aprovado
2,16,Masculino,Parda,Solteiro,"Ate 0,5 SM",Nao,Sim,Nao,Publica,Nao,Nao,3.4,79.6,4.3,67.2,2,Reprovado
2,16,Feminino,Parda,Casado/Uniao,"Ate 0,5 SM",Sim,Sim,Nao,Publica,Nao,Sim,6.4,83.4,7.5,82.0,0,Aprovado
2,16,Masculino,Parda,Outro,"0,5-1 SM",Nao,Sim,Sim,Publica,Nao,Nao,6.0,80.9,6.5,66.3,0,Em Risco
3,18,Masculino,Branca,Solteiro,"Ate 0,5 SM",Sim,Sim,Nao,Publica,Nao,Sim,7.5,96.3,8.0,86.8,1,Aprovado
1,15,Masculino,Branca,Solteiro,"0,5-1 SM",Sim,Sim,Sim,Publica,Nao,Nao,5.4,76.8,4.5,65.7,1,Reprovado
2,16,Masculino,Parda,Solteiro,"Ate 0,5 SM",Nao,Nao,Nao,Publica,Nao,Sim,4.8,83.6,4.9,78.9,0,Reprovado
2,16,Feminino,Parda,Solteiro,"Ate 0,5 SM",Sim,Sim,Nao,Publica,Nao,Sim,4.1,82.2,4.4,63.7,2,Reprovado
2,16,Feminino,Branca,Casado/Uniao,"0,5-1 SM",Nao,Sim,Sim,Publica,Nao,Nao,6.4,77.0,5.2,40.7,0,Em Risco
1,15,Masculino,Parda,Solteiro,Acima de 1 SM,Sim,Sim,Nao,Publica,Nao,Nao,7.4,81.8,7.1,74.2,0,Aprovado
3,17,Feminino,Parda,Solteiro,"Ate 0,5 SM",Nao,Sim,Nao,Publica,Nao,Sim,6.8,83.9,6.7,76.9,1,Aprovado
3,17,Feminino,Parda,Solteiro,"Ate 0,5 SM",Nao,Sim,Nao,Privada,Nao,Nao,5.0,67.5,4.0,33.4,1,Reprovado
2,16,Masculino,Branca,Solteiro,Acima de 1 SM,Nao,Sim,Nao,Privada,Nao,Nao,9.6,94.7,7.4,38.1,0,Aprovado
2,18,Feminino,Parda,Solteiro,"0,5-1 SM",Sim,Sim,Nao,Publica,Sim,Nao,6.3,92.1,6.5,82.8,1,Em Risco
3,17,Masculino,Parda,Casado/Uniao,"Ate 0,5 SM",Nao,Sim,Nao,Privada,Nao,Sim,7.6,90.3,5.6,60.3,1,Aprovado
2,20,Feminino,Parda,Solteiro,"Ate 0,5 SM",Sim,Sim,Nao,Publica,Sim,Sim,7.1,83.8,4.4,49.7,1,Em Risco
1,18,Masculino,Parda,Solteiro,"Ate 0,5 SM",Nao,Sim,Sim,Privada,Sim,Sim,4.3,86.9,6.0,70.4,1,Em Risco
2,16,Feminino,Parda,Solteiro,"Ate 0,5 SM",Nao,Sim,Nao,Publica,Nao,Sim,5.3,81.3,4.1,61.9,0,Em Risco
2,17,Masculino,Parda,Solteiro,Acima de 1 SM,Nao,Sim,Sim,Privada,Nao,Nao,8.2,85.2,8.2,61.9,0,Aprovado
2,16,Feminino,Parda,Solteiro,"Ate 0,5 SM",Nao,Sim,Nao,Publica,Nao,Nao,5.4,85.9,6.6,79.0,1,Em Risco
3,18,Feminino,Parda,Solteiro,"Ate 0,5 SM",Nao,Sim,Nao,Publica,Nao,Sim,6.1,87.5,7.2,92.3,1,Aprovado
3,17,Masculino,Parda,Outro,"Ate 0,5 SM",Nao,Sim,Nao,Publica,Nao,Sim,6.3,83.9,5.0,51.1,0,Em Risco
3,17,Masculino,Branca,Solteiro,"Ate 0,5 SM",Nao,Sim,Sim,Publica,Nao,Sim,5.1,84.1,5.9,55.5,1,Em Risco
2,16,Masculino,Branca,Solteiro,"Ate 0,5 SM",Nao,Sim,Nao,Publica,Nao,Sim,6.0,84.7,5.5,59.4,1,Em Risco
1,15,Feminino,Parda,Solteiro,"Ate 0,5 SM",Nao,Sim,Nao,Privada,Nao,Sim,7.8,83.9,7.2,71.9,0,Aprovado
3,17,Masculino,Parda,Solteiro,"Ate 0,5 SM",Nao,Sim,Nao,Publica,Nao,Sim,7.4,81.5,8.1,80.6,0,Aprovado
3,22,Feminino,Parda,Casado/Uniao,"Ate 0,5 SM",Nao,Sim,Nao,Publica,Sim,Sim,7.3,85.6,5.7,34.7,1,Aprovado
1,17,Masculino,Parda,Solteiro,"Ate 0,5 SM",Nao,Nao,Nao,Publica,Sim,Nao,7.0,92.5,5.8,80.2,1,Aprovado
3,17,Masculino,Preta,Solteiro,"Ate 0,5 SM",Nao,Sim,Nao,Publica,Nao,Sim,7.0,84.7,6.7,70.2,0,Aprovado
3,17,Masculino,Parda,Solteiro,"0,5-1 SM",Nao,Sim,Nao,Privada,Nao,Nao,7.0,88.7,7.8,80.4,0,Aprovado
2,20,Masculino,Preta,Solteiro,"Ate 0,5 SM",Sim,Sim,Nao,Privada,Sim,Sim,5.9,83.9,6.6,75.4,1,Aprovado
2,16,Feminino,Preta,Solteiro,"Ate 0,5 SM",Sim,Sim,Nao,Publica,Nao,Sim,5.2,80.0,5.2,60.6,0,Em Risco
2,16,Feminino,Branca,Solteiro,"Ate 0,5 SM",Nao,Sim,Nao,Publica,Nao,Sim,5.1,82.0,5.7,80.4,1,Em Risco
1,15,Masculino,Parda,Solteiro,Acima de 1 SM,Nao,Sim,Nao,Publica,Nao,Nao,5.8,81.9,5.7,76.3,2,Em Risco
1,15,Feminino,Parda,Solteiro,Acima de 1 SM,Nao,Sim,Sim,Publica,Nao,Nao,6.6,78.4,6.3,71.3,1,Aprovado
3,17,Masculino,Parda,Casado/Uniao,"Ate 0,5 SM",Nao,Sim,Nao,Publica,Nao,Nao,5.6,76.5,4.9,21.5,1,Reprovado
1,15,Feminino,Branca,Solteiro,"0,5-1 SM",Nao,Sim,Nao,Publica,Nao,Nao,7.0,88.1,7.7,74.6,1,Aprovado
1,15,Masculino,Branca,Solteiro,"Ate 0,5 SM",Nao,Sim,Nao,Publica,Nao,Sim,6.7,86.7,7.5,91.4,0,Aprovado
2,16,Feminino,Parda,Solteiro,"Ate 0,5 SM",Nao,Sim,Nao,Publica,Nao,Sim,6.9,93.7,7.1,73.7,0,Aprovado
2,19,Feminino,Parda,Solteiro,"Ate 0,5 SM",Sim,Sim,Nao,Publica,Sim,Sim,5.9,84.8,5.4,67.0,1,Em Risco
3,17,Masculino,Parda,Solteiro,"Ate 0,5 SM",Nao,Sim,Nao,Publica,Nao,Sim,8.0,86.2,7.7,85.6,0,Aprovado
1,18,Feminino,Parda,Solteiro,"Ate 0,5 SM",Nao,Sim,Nao,Publica,Sim,Nao,5.9,77.2,4.5,50.5,1,Em Risco
1,18,Masculino,Parda,Solteiro,"0,5-1 SM",Sim,Sim,Nao,Publica,Sim,Nao,6.8,84.6,6.4,70.2,1,Em Risco
3,17,Masculino,Parda,Solteiro,"0,5-1 SM",Nao,Sim,Nao,Privada,Nao,Nao,7.3,95.6,6.5,64.9,1,Aprovado
2,16,Masculino,Parda,Solteiro,"Ate 0,5 SM",Sim,Sim,Nao,Publica,Nao,Sim,7.5,86.8,7.2,48.7,0,Aprovado
1,15,Masculino,Preta,Solteiro,"Ate 0,5 SM",Nao,Sim,Nao,Publica,Nao,Sim,8.5,83.9,6.8,55.9,0,Aprovado
2,21,Masculino,Parda,Solteiro,"Ate 0,5 SM",Nao,Sim,Nao,Publica,Sim,Nao,9.1,96.8,8.7,98.3,1,Aprovado
1,15,Masculino,Parda,Solteiro,"Ate 0,5 SM",Nao,Sim,Nao,Privada,Nao,Sim,6.7,83.4,8.2,90.7,0,Aprovado
1,15,Masculino,Parda,Solteiro,Acima de 1 SM,Nao,Sim,Sim,Publica,Nao,Nao,7.1,77.9,7.3,51.2,0,Em Risco
2,16,Masculino,Branca,Solteiro,"0,5-1 SM",Nao,Sim,Nao,Publica,Nao,Nao,5.8,80.1,7.0,57.1,0,Em Risco
2,18,Feminino,Parda,Solteiro,Acima de 1 SM,Sim,Sim,Sim,Publica,Sim,Nao,5.3,84.0,5.9,59.2,1,Em Risco
3,18,Feminino,Branca,Solteiro,"0,5-1 SM",Sim,Sim,Nao,Publica,Nao,Nao,7.2,82.7,7.7,69.4,0,Aprovado
1,15,Masculino,Parda,Solteiro,"Ate 0,5 SM",Sim,Sim,Nao,Publica,Nao,Sim,4.7,83.0,5.4,77.8,1,Reprovado
2,21,Masculino,Branca,Casado/Uniao,"Ate 0,5 SM",Nao,Sim,Nao,Publica,Sim,Nao,8.0,94.8,6.1,47.5,1,Aprovado
2,16,Masculino,Branca,Solteiro,"Ate 0,5 SM",Nao,Sim,Nao,Privada,Nao,Sim,6.4,89.9,7.2,63.0,1,Aprovado
1,15,Feminino,Parda,Casado/Uniao,"Ate 0,5 SM",Nao,Sim,Nao,Publica,Nao,Sim,10.0,97.2,8.4,89.9,0,Aprovado
2,23,Feminino,Branca,Casado/Uniao,"0,5-1 SM",Sim,Sim,Sim,Publica,Sim,Nao,4.9,68.2,3.4,53.8,1,Reprovado
1,17,Masculino,Parda,Solteiro,"Ate 0,5 SM",Nao,Sim,Nao,Privada,Sim,Sim,6.4,82.6,5.8,51.5,1,Aprovado
3,21,Masculino,Parda,Solteiro,"Ate 0,5 SM",Nao,Sim,Sim,Publica,Sim,Nao,5.8,84.9,4.7,63.5,1,Em Risco
1,15,Masculino,Parda,Solteiro,"0,5-1 SM",Sim,Sim,Nao,Publica,Nao,Nao,5.0,80.2,3.3,43.9,1,Reprovado
2,18,Masculino,Parda,Solteiro,Acima de 1 SM,Sim,Sim,Sim,Publica,Sim,Nao,7.4,81.2,5.7,46.5,1,Em Risco
1,16,Feminino,Preta,Solteiro,"Ate 0,5 SM",Sim,Sim,Nao,Privada,Nao,Sim,4.7,90.5,4.7,63.8,0,Reprovado
3,17,Feminino,Branca,Solteiro,"0,5-1 SM",Sim,Sim,Sim,Publica,Nao,Nao,5.5,71.3,4.7,55.1,0,Reprovado
2,16,Masculino,Parda,Outro,"Ate 0,5 SM",Nao,Sim,Nao,Publica,Nao,Sim,7.2,95.1,6.2,66.8,0,Aprovado
2,19,Feminino,Parda,Solteiro,"Ate 0,5 SM",Nao,Sim,Nao,Publica,Sim,Sim,6.9,96.8,5.0,76.1,1,Aprovado
1,15,Masculino,Parda,Casado/Uniao,"Ate 0,5 SM",Nao,Sim,Nao,Privada,Nao,Sim,4.8,82.4,4.3,47.6,2,Reprovado
3,17,Masculino,Preta,Solteiro,"Ate 0,5 SM",Nao,Sim,Sim,Privada,Nao,Sim,7.7,86.0,4.4,51.2,1,Aprovado
1,15,Feminino,Parda,Solteiro,"0,5-1 SM",Nao,Sim,Nao,Publica,Nao,Nao,6.6,78.9,6.9,66.2,1,Aprovado
3,18,Feminino,Branca,Solteiro,"Ate 0,5 SM",Nao,Sim,Sim,Publica,Nao,Sim,5.6,82.8,5.4,55.4,0,Aprovado
1,20,Masculino,Parda,Solteiro,"0,5-1 SM",Sim,Sim,Nao,Publica,Sim,Nao,4.4,80.3,4.8,87.8,1,Em Risco
1,15,Masculino,Parda,Solteiro,Acima de 1 SM,Sim,Sim,Sim,Publica,Nao,Nao,3.9,63.0,3.8,49.8,0,Reprovado
1,15,Feminino,Branca,Solteiro,"Ate 0,5 SM",Nao,Sim,Nao,Publica,Nao,Nao,8.7,81.7,8.6,67.2,0,Aprovado
2,16,Feminino,Parda,Casado/Uniao,"0,5-1 SM",Nao,Sim,Sim,Publica,Nao,Nao,8.1,93.3,7.5,72.4,0,Aprovado
2,16,Masculino,Parda,Solteiro,"Ate 0,5 SM",Nao,Sim,Nao,Publica,Nao,Sim,4.8,83.2,5.1,61.9,0,Reprovado
1,15,Masculino,Parda,Solteiro,"Ate 0,5 SM",Nao,Sim,Nao,Publica,Nao,Sim,7.5,100.0,6.6,59.8,0,Aprovado
3,22,Masculino,Parda,Solteiro,"0,5-1 SM",Sim,Sim,Sim,Publica,Sim,Nao,5.1,67.3,2.5,38.8,2,Reprovado
2,16,Feminino,Branca,Solteiro,"0,5-1 SM",Nao,Sim,Sim,Publica,Nao,Nao,8.0,89.5,8.1,66.0,0,Aprovado
2,16,Feminino,Parda,Solteiro,"Ate 0,5 SM",Nao,Sim,Sim,Publica,Nao,Sim,6.2,91.1,5.9,69.1,0,Aprovado
2,20,Masculino,Parda,Solteiro,Acima de 1 SM,Nao,Sim,Sim,Publica,Sim,Nao,6.0,81.5,5.3,65.0,1,Em Risco
2,16,Feminino,Parda,Solteiro,"Ate 0,5 SM",Nao,Sim,Sim,Publica,Nao,Sim,6.4,83.9,5.4,72.9,1,Aprovado
2,16,Feminino,Parda,Solteiro,Acima de 1 SM,Nao,Sim,Sim,Publica,Nao,Nao,6.1,86.6,5.7,64.0,0,Em Risco
1,15,Masculino,Branca,Solteiro,"Ate 0,5 SM",Sim,Sim,Nao,Publica,Nao,Sim,7.8,87.6,6.8,54.3,0,Aprovado
1,17,Masculino,Branca,Solteiro,"Ate 0,5 SM",Nao,Sim,Nao,Privada,Sim,Nao,7.2,92.2,7.0,65.8,1,Aprovado
3,17,Feminino,Branca,Solteiro,"Ate 0,5 SM",Nao,Sim,Nao,Publica,Nao,Sim,8.6,98.1,8.5,98.6,0,Aprovado
3,17,Feminino,Parda,Solteiro,"Ate 0,5 SM",Nao,Nao,Sim,Privada,Nao,Sim,8.0,83.7,7.0,71.8,1,Aprovado
1,15,Feminino,Parda,Solteiro,"Ate 0,5 SM",Nao,Sim,Nao,Publica,Nao,Nao,4.3,71.0,4.9,59.2,0,Reprovado
1,18,Feminino,Parda,Solteiro,"0,5-1 SM",Sim,Sim,Nao,Publica,Sim,Nao,3.9,53.8,2.8,38.8,1,Reprovado
2,16,Masculino,Preta,Solteiro,"Ate 0,5 SM",Nao,Sim,Nao,Publica,Nao,Sim,7.1,88.5,5.2,56.7,0,Aprovado
2,16,Masculino,Parda,Solteiro,"Ate 0,5 SM",Nao,Nao,Nao,Publica,Nao,Sim,7.2,82.3,7.0,81.1,1,Aprovado
1,15,Feminino,Parda,Solteiro,"Ate 0,5 SM",Nao,Nao,Nao,Publica,Nao,Sim,6.6,87.3,6.4,73.1,2,Aprovado
1,15,Masculino,Branca,Solteiro,"Ate 0,5 SM",Nao,Sim,Nao,Publica,Nao,Sim,4.0,81.6,3.7,48.1,1,Reprovado
3,19,Feminino,Parda,Solteiro,"0,5-1 SM",Nao,Nao,Nao,Privada,Sim,Nao,4.4,72.8,2.4,48.4,1,Reprovado
2,19,Feminino,Parda,Outro,"0,5-1 SM",Sim,Sim,Sim,Publica,Sim,Nao,6.3,85.3,7.2,73.8,1,Aprovado
1,15,Feminino,Parda,Solteiro,Acima de 1 SM,Nao,Sim,Nao,Publica,Nao,Nao,9.8,100.0,8.6,61.7,0,Aprovado
1,15,Masculino,Parda,Solteiro,"Ate 0,5 SM",Nao,Sim,Nao,Publica,Nao,Sim,8.0,90.7,6.8,67.0,1,Aprovado
1,15,Feminino,Parda,Solteiro,"Ate 0,5 SM",Nao,Sim,Nao,Publica,Nao,Nao,8.5,100.0,7.5,66.9,0,Aprovado
2,19,Feminino,Parda,Solteiro,"Ate 0,5 SM",Sim,Sim,Nao,Publica,Sim,Sim,5.9,84.8,4.2,53.0,2,Em Risco
1,16,Feminino,Parda,Solteiro,Acima de 1 SM,Nao,Sim,Nao,Publica,Nao,Nao,7.1,91.0,5.6,59.5,0,Aprovado
1,15,Masculino,Parda,Solteiro,"0,5-1 SM",Sim,Sim,Nao,Publica,Nao,Nao,4.7,81.3,4.3,52.6,0,Em Risco
3,18,Masculino,Preta,Solteiro,"Ate 0,5 SM",Nao,Sim,Sim,Publica,Nao,Sim,8.0,96.9,7.1,64.4,0,Aprovado
1,16,Masculino,Parda,Solteiro,"Ate 0,5 SM",Nao,Sim,Nao,Publica,Nao,Nao,6.4,95.9,5.5,77.2,0,Em Risco
2,22,Masculino,Preta,Solteiro,"0,5-1 SM",Sim,Sim,Nao,Publica,Sim,Nao,6.4,83.6,6.0,88.0,1,Em Risco
1,15,Masculino,Parda,Solteiro,"0,5-1 SM",Nao,Sim,Nao,Publica,Nao,Nao,6.5,83.1,5.3,54.4,0,Em Risco
1,17,Feminino,Parda,Casado/Uniao,Acima de 1 SM,Nao,Sim,Nao,Privada,Sim,Nao,6.6,79.5,5.9,68.7,1,Em Risco
1,15,Feminino,Branca,Solteiro,"Ate 0,5 SM",Nao,Sim,Nao,Publica,Nao,Nao,6.3,80.7,7.4,63.3,1,Em Risco
3,17,Feminino,Parda,Solteiro,Acima de 1 SM,Nao,Sim,Nao,Publica,Nao,Nao,6.9,80.6,6.1,44.8,1,Em Risco
3,17,Feminino,Parda,Solteiro,"Ate 0,5 SM",Nao,Sim,Nao,Publica,Nao,Sim,7.8,95.6,7.5,58.4,0,Aprovado
3,17,Masculino,Branca,Solteiro,Acima de 1 SM,Nao,Sim,Sim,Publica,Nao,Nao,5.4,71.8,6.4,77.9,2,Reprovado
2,16,Feminino,Parda,Solteiro,Acima de 1 SM,Nao,Sim,Sim,Publica,Nao,Nao,5.1,76.8,4.4,47.5,1,Em Risco
2,16,Masculino,Parda,Solteiro,"0,5-1 SM",Nao,Sim,Nao,Publica,Nao,Nao,7.0,89.3,6.9,80.3,1,Aprovado
1,15,Masculino,Parda,Solteiro,"0,5-1 SM",Nao,Sim,Nao,Publica,Nao,Nao,8.3,92.9,6.5,61.3,0,Aprovado
1,15,Feminino,Preta,Solteiro,"Ate 0,5 SM",Nao,Sim,Nao,Publica,Nao,Sim,8.7,89.7,8.4,100.0,1,Aprovado
3,21,Feminino,Branca,Solteiro,"Ate 0,5 SM",Nao,Sim,Sim,Publica,Sim,Sim,4.7,83.2,3.5,57.7,1,Reprovado
1,15,Feminino,Parda,Solteiro,"Ate 0,5 SM",Nao,Sim,Sim,Publica,Nao,Sim,6.3,83.9,5.5,50.9,2,Aprovado
1,15,Masculino,Parda,Solteiro,"Ate 0,5 SM",Sim,Nao,Nao,Publica,Nao,Nao,3.8,76.4,2.1,41.3,0,Reprovado
1,15,Feminino,Parda,Solteiro,"Ate 0,5 SM",Sim,Sim,Nao,Publica,Nao,Sim,5.3,81.2,5.3,48.1,0,Em Risco
1,17,Masculino,Parda,Solteiro,"Ate 0,5 SM",Nao,Sim,Nao,Publica,Sim,Sim,9.5,94.1,9.1,98.3,1,Aprovado
1,18,Masculino,Parda,Solteiro,Acima de 1 SM,Nao,Sim,Nao,Publica,Sim,Nao,6.1,90.8,4.4,50.1,1,Em Risco
2,16,Feminino,Parda,Solteiro,"Ate 0,5 SM",Nao,Nao,Nao,Publica,Nao,Nao,5.7,82.8,5.3,57.8,0,Reprovado
2,16,Feminino,Parda,Solteiro,"0,5-1 SM",Nao,Sim,Nao,Privada,Nao,Nao,7.3,92.2,6.0,72.4,1,Aprovado
3,19,Feminino,Parda,Solteiro,"0,5-1 SM",Sim,Sim,Nao,Publica,Sim,Nao,4.4,68.1,5.3,41.3,1,Reprovado
3,17,Feminino,Branca,Solteiro,"Ate 0,5 SM",Nao,Sim,Nao,Privada,Nao,Sim,8.7,93.9,5.6,53.7,0,Aprovado
1,15,Feminino,Parda,Solteiro,"Ate 0,5 SM",Nao,Sim,Nao,Publica,Nao,Sim,6.5,93.0,5.7,65.5,2,Em Risco
1,15,Feminino,Parda,Solteiro,"Ate 0,5 SM",Nao,Sim,Sim,Publica,Nao,Sim,6.3,86.9,8.5,100.0,1,Aprovado
1,15,Feminino,Parda,Solteiro,"0,5-1 SM",Nao,Sim,Nao,Publica,Nao,Nao,7.2,87.0,5.9,66.6,1,Aprovado
2,16,Feminino,Branca,Solteiro,"Ate 0,5 SM",Nao,Sim,Nao,Publica,Nao,Sim,7.7,89.6,6.7,55.0,1,Aprovado
1,15,Feminino,Preta,Solteiro,"Ate 0,5 SM",Nao,Sim,Nao,Publica,Nao,Sim,8.5,100.0,6.2,59.3,0,Aprovado
2,18,Feminino,Branca,Outro,"0,5-1 SM",Sim,Sim,Nao,Publica,Sim,Nao,5.2,84.1,5.0,61.7,1,Reprovado
2,20,Masculino,Parda,Solteiro,"Ate 0,5 SM",Nao,Sim,Nao,Publica,Sim,Sim,9.4,95.0,8.9,90.8,1,Aprovado
2,17,Feminino,Branca,Solteiro,"0,5-1 SM",Sim,Sim,Nao,Publica,Nao,Nao,6.1,81.9,5.9,49.8,0,Em Risco
2,22,Feminino,Parda,Solteiro,"Ate 0,5 SM",Nao,Sim,Sim,Publica,Sim,Sim,5.5,82.5,7.2,95.0,1,Em Risco
1,15,Masculino,Parda,Solteiro,"0,5-1 SM",Nao,Sim,Nao,Publica,Nao,Nao,5.4,82.6,8.6,99.4,1,Aprovado
3,17,Feminino,Parda,Solteiro,Acima de 1 SM,Nao,Sim,Sim,Privada,Nao,Nao,5.7,72.3,5.9,53.3,0,Reprovado
3,17,Masculino,Branca,Solteiro,"0,5-1 SM",Nao,Sim,Sim,Publica,Nao,Nao,5.8,74.2,6.6,65.0,1,Reprovado
1,15,Feminino,Branca,Outro,"Ate 0,5 SM",Nao,Sim,Nao,Publica,Nao,Sim,7.9,83.6,7.1,85.9,0,Aprovado
3,18,Feminino,Branca,Solteiro,"Ate 0,5 SM",Nao,Sim,Nao,Privada,Nao,Sim,7.5,98.1,7.7,85.1,0,Aprovado
2,21,Masculino,Branca,Solteiro,"0,5-1 SM",Sim,Sim,Nao,Publica,Sim,Nao,3.8,65.7,2.9,45.8,1,Reprovado
3,20,Masculino,Parda,Solteiro,"Ate 0,5 SM",Nao,Sim,Nao,Publica,Sim,Sim,3.6,81.5,5.6,82.9,2,Reprovado
3,17,Feminino,Parda,Solteiro,"Ate 0,5 SM",Nao,Sim,Nao,Privada,Nao,Sim,5.2,82.5,5.3,65.1,0,Em Risco
2,17,Masculino,Parda,Solteiro,"0,5-1 SM",Nao,Sim,Nao,Publica,Nao,Nao,5.4,96.9,4.8,65.5,1,Em Risco
1,17,Masculino,Branca,Solteiro,"Ate 0,5 SM",Nao,Sim,Nao,Publica,Sim,Sim,5.5,83.8,5.2,54.8,1,Em Risco
1,15,Masculino,Parda,Solteiro,"Ate 0,5 SM",Nao,Sim,Nao,Publica,Nao,Sim,8.0,83.0,6.9,71.2,0,Aprovado
2,16,Feminino,Branca,Solteiro,Acima de 1 SM,Nao,Sim,Sim,Publica,Nao,Nao,6.3,89.8,5.2,79.8,1,Aprovado
2,16,Feminino,Parda,Solteiro,"Ate 0,5 SM",Nao,Nao,Nao,Publica,Nao,Sim,8.4,91.7,7.1,58.3,0,Aprovado
1,15,Feminino,Parda,Solteiro,"Ate 0,5 SM",Nao,Sim,Nao,Publica,Nao,Sim,4.3,81.3,3.4,42.1,1,Reprovado
1,16,Masculino,Parda,Solteiro,"0,5-1 SM",Nao,Sim,Nao,Publica,Nao,Nao,6.0,76.4,5.9,62.1,0,Reprovado
3,19,Feminino,Parda,Solteiro,Acima de 1 SM,Sim,Sim,Sim,Publica,Sim,Nao,7.0,87.0,5.4,49.2,1,Em Risco
3,17,Feminino,Branca,Solteiro,"Ate 0,5 SM",Nao,Sim,Nao,Publica,Nao,Sim,7.6,91.4,6.1,59.7,0,Aprovado
2,18,Masculino,Parda,Solteiro,"0,5-1 SM",Sim,Sim,Sim,Publica,Sim,Nao,5.4,73.5,4.4,60.8,1,Reprovado
1,15,Feminino,Parda,Solteiro,"0,5-1 SM",Nao,Sim,Nao,Publica,Nao,Nao,7.8,85.9,7.8,53.3,0,Aprovado
1,15,Feminino,Parda,Solteiro,"Ate 0,5 SM",Nao,Sim,Nao,Publica,Nao,Sim,7.5,90.7,8.5,86.3,0,Aprovado
1,15,Feminino,Parda,Solteiro,"Ate 0,5 SM",Nao,Nao,Sim,Publica,Nao,Nao,5.7,79.5,4.1,55.8,1,Em Risco
3,17,Masculino,Parda,Solteiro,"Ate 0,5 SM",Nao,Sim,Nao,Privada,Nao,Sim,7.0,82.6,5.7,45.1,0,Em Risco
1,15,Masculino,Parda,Solteiro,"0,5-1 SM",Nao,Sim,Sim,Publica,Nao,Nao,7.7,99.9,5.9,68.1,1,Aprovado
2,16,Masculino,Branca,Solteiro,"0,5-1 SM",Nao,Sim,Sim,Publica,Nao,Nao,6.0,83.0,4.9,80.0,1,Aprovado
1,15,Masculino,Parda,Solteiro,"Ate 0,5 SM",Nao,Sim,Nao,Publica,Nao,Sim,8.7,92.1,7.3,50.3,1,Aprovado
2,17,Feminino,Parda,Solteiro,"0,5-1 SM",Nao,Sim,Sim,Publica,Nao,Nao,5.7,68.4,5.3,61.7,1,Reprovado
2,16,Masculino,Parda,Solteiro,"0,5-1 SM",Nao,Sim,Nao,Publica,Nao,Nao,6.6,83.5,6.5,78.2,0,Aprovado
3,20,Feminino,Parda,Casado/Uniao,"Ate 0,5 SM",Sim,Sim,Nao,Privada,Sim,Sim,4.0,82.9,5.2,99.0,1,Em Risco
1,15,Masculino,Parda,Solteiro,"0,5-1 SM",Nao,Sim,Nao,Publica,Nao,Nao,6.6,100.0,6.0,83.1,0,Aprovado
1,15,Masculino,Parda,Outro,"Ate 0,5 SM",Nao,Nao,Nao,Privada,Nao,Sim,5.0,90.1,4.1,67.9,2,Em Risco
1,17,Feminino,Parda,Solteiro,Acima de 1 SM,Nao,Sim,Sim,Publica,Sim,Nao,6.1,75.4,6.7,59.5,1,Reprovado
3,17,Masculino,Preta,Solteiro,"Ate 0,5 SM",Nao,Sim,Sim,Privada,Nao,Sim,4.9,81.6,2.5,52.1,0,Reprovado
3,17,Feminino,Parda,Solteiro,"0,5-1 SM",Nao,Sim,Sim,Publica,Nao,Nao,7.8,80.1,7.0,55.2,1,Aprovado
2,19,Masculino,Branca,Solteiro,"0,5-1 SM",Sim,Sim,Sim,Privada,Sim,Nao,6.4,77.3,5.1,40.2,1,Reprovado
2,16,Masculino,Branca,Casado/Uniao,"Ate 0,5 SM",Nao,Sim,Nao,Publica,Nao,Sim,7.9,90.4,6.3,73.8,0,Aprovado
2,16,Feminino,Parda,Solteiro,Acima de 1 SM,Nao,Sim,Sim,Privada,Nao,Nao,6.7,81.8,6.1,46.8,0,Aprovado
1,16,Feminino,Parda,Solteiro,"0,5-1 SM",Nao,Sim,Nao,Publica,Nao,Nao,7.9,100.0,6.3,70.5,0,Aprovado
3,19,Masculino,Parda,Solteiro,Acima de 1 SM,Nao,Sim,Sim,Publica,Sim,Nao,6.5,74.7,5.7,49.8,1,Reprovado
2,16,Masculino,Parda,Solteiro,"Ate 0,5 SM",Nao,Sim,Nao,Publica,Nao,Sim,6.6,85.4,5.7,62.4,1,Aprovado
2,17,Feminino,Branca,Solteiro,"Ate 0,5 SM",Nao,Sim,Nao,Publica,Nao,Nao,9.2,82.7,6.6,55.1,0,Aprovado
2,17,Feminino,Preta,Solteiro,Acima de 1 SM,Sim,Sim,Sim,Publica,Nao,Nao,5.9,82.6,4.5,49.8,1,Em Risco
1,15,Feminino,Parda,Solteiro,"0,5-1 SM",Nao,Sim,Nao,Privada,Nao,Nao,8.2,82.6,6.6,46.9,1,Aprovado
1,15,Masculino,Parda,Solteiro,"0,5-1 SM",Nao,Sim,Nao,Publica,Nao,Nao,7.1,93.1,6.1,53.1,1,Aprovado
3,17,Feminino,Parda,Solteiro,Acima de 1 SM,Nao,Sim,Nao,Publica,Nao,Nao,5.9,78.5,6.5,72.1,0,Em Risco
1,15,Masculino,Parda,Solteiro,"Ate 0,5 SM",Nao,Sim,Nao,Publica,Nao,Nao,4.7,65.6,5.3,56.1,0,Reprovado
2,16,Masculino,Branca,Solteiro,"Ate 0,5 SM",Nao,Sim,Nao,Publica,Nao,Nao,5.1,79.2,5.6,59.2,1,Em Risco
1,15,Feminino,Parda,Solteiro,"Ate 0,5 SM",Nao,Sim,Nao,Publica,Nao,Sim,7.9,85.7,7.3,73.1,1,Aprovado
2,16,Masculino,Parda,Solteiro,"0,5-1 SM",Nao,Sim,Sim,Privada,Nao,Nao,9.2,97.7,7.2,65.1,0,Aprovado
1,15,Masculino,Preta,Solteiro,"0,5-1 SM",Nao,Sim,Sim,Publica,Nao,Nao,6.9,88.0,4.8,52.9,0,Em Risco
1,18,Masculino,Parda,Solteiro,Acima de 1 SM,Nao,Sim,Nao,Publica,Sim,Nao,6.3,78.9,4.7,49.0,2,Em Risco
3,17,Masculino,Parda,Solteiro,"Ate 0,5 SM",Sim,Sim,Nao,Publica,Nao,Sim,7.0,93.7,6.5,75.3,0,Aprovado
1,15,Feminino,Parda,Solteiro,"0,5-1 SM",Sim,Sim,Nao,Publica,Nao,Nao,6.1,73.9,6.4,63.1,1,Em Risco
2,16,Feminino,Parda,Solteiro,Acima de 1 SM,Nao,Sim,Sim,Publica,Nao,Nao,8.4,73.4,7.6,56.0,1,Em Risco
2,16,Masculino,Preta,Solteiro,"0,5-1 SM",Nao,Sim,Sim,Publica,Nao,Nao,7.2,88.3,7.1,72.4,1,Aprovado
2,19,Feminino,Branca,Solteiro,"Ate 0,5 SM",Sim,Sim,Nao,Publica,Sim,Sim,5.6,89.4,3.2,51.2,2,Reprovado
3,17,Feminino,Parda,Solteiro,"0,5-1 SM",Sim,Sim,Sim,Publica,Nao,Nao,5.4,86.6,5.9,72.4,1,Em Risco
3,23,Feminino,Branca,Solteiro,Acima de 1 SM,Sim,Sim,Sim,Publica,Sim,Nao,4.8,66.5,3.1,30.7,1,Reprovado
1,15,Masculino,Parda,Solteiro,Acima de 1 SM,Sim,Sim,Sim,Publica,Nao,Nao,2.4,60.2,3.8,63.5,1,Reprovado
1,15,Feminino,Preta,Solteiro,"0,5-1 SM",Nao,Sim,Nao,Privada,Nao,Nao,8.2,96.1,7.7,79.7,1,Aprovado
1,16,Feminino,Branca,Solteiro,Acima de 1 SM,Nao,Sim,Nao,Publica,Nao,Nao,6.5,78.9,3.6,52.9,1,Em Risco
2,16,Masculino,Parda,Solteiro,"Ate 0,5 SM",Sim,Nao,Nao,Publica,Nao,Sim,5.2,82.9,5.7,59.1,0,Em Risco
1,15,Masculino,Branca,Solteiro,"Ate 0,5 SM",Nao,Sim,Nao,Publica,Nao,Sim,3.9,80.0,5.4,80.1,0,Reprovado
2,16,Masculino,Parda,Solteiro,Acima de 1 SM,Sim,Sim,Sim,Publica,Nao,Nao,5.7,72.4,6.7,73.1,1,Reprovado
2,19,Feminino,Parda,Solteiro,"Ate 0,5 SM",Nao,Nao,Nao,Publica,Sim,Sim,4.6,80.6,3.8,60.4,1,Reprovado
1,17,Masculino,Preta,Solteiro,"Ate 0,5 SM",Nao,Sim,Nao,Publica,Sim,Nao,4.9,81.6,4.7,57.6,1,Em Risco
3,17,Feminino,Branca,Solteiro,"Ate 0,5 SM",Nao,Sim,Nao,Publica,Nao,Sim,6.9,87.1,7.1,66.2,1,Aprovado
1,15,Masculino,Branca,Solteiro,"Ate 0,5 SM",Nao,Sim,Nao,Publica,Nao,Sim,6.6,94.0,6.4,90.8,0,Aprovado
1,15,Feminino,Parda,Solteiro,"0,5-1 SM",Nao,Sim,Sim,Publica,Nao,Nao,5.0,79.5,4.8,60.1,1,Em Risco
3,17,Masculino,Parda,Solteiro,"Ate 0,5 SM",Nao,Sim,Nao,Publica,Nao,Sim,4.8,87.3,4.3,61.5,0,Reprovado
2,17,Feminino,Parda,Solteiro,Acima de 1 SM,Nao,Sim,Sim,Publica,Nao,Nao,5.3,82.8,5.7,86.1,1,Em Risco
2,16,Feminino,Branca,Solteiro,Acima de 1 SM,Nao,Sim,Sim,Publica,Nao,Nao,9.4,100.0,9.6,72.3,0,Aprovado
2,16,Masculino,Parda,Solteiro,"Ate 0,5 SM",Nao,Sim,Nao,Publica,Nao,Sim,8.4,93.5,7.2,75.7,0,Aprovado
1,17,Masculino,Preta,Solteiro,"Ate 0,5 SM",Sim,Sim,Nao,Publica,Sim,Nao,4.3,92.4,3.7,45.6,1,Reprovado
3,22,Masculino,Parda,Solteiro,"0,5-1 SM",Nao,Sim,Nao,Privada,Sim,Nao,3.5,69.4,3.2,37.2,1,Reprovado
3,17,Feminino,Parda,Solteiro,"0,5-1 SM",Nao,Sim,Sim,Publica,Nao,Nao,7.0,72.6,6.9,71.4,2,Reprovado
2,16,Feminino,Parda,Solteiro,"Ate 0,5 SM",Nao,Sim,Nao,Publica,Nao,Sim,6.5,87.0,6.9,83.2,1,Aprovado
1,15,Masculino,Branca,Solteiro,"Ate 0,5 SM",Nao,Sim,Nao,Privada,Nao,Sim,8.6,91.5,8.9,99.0,0,Aprovado
2,20,Masculino,Parda,Solteiro,"Ate 0,5 SM",Nao,Sim,Nao,Publica,Sim,Nao,6.9,91.6,5.7,68.3,1,Em Risco
1,15,Masculino,Branca,Solteiro,"Ate 0,5 SM",Nao,Sim,Nao,Publica,Nao,Sim,7.0,92.5,5.1,46.7,0,Aprovado
1,15,Feminino,Parda,Solteiro,"Ate 0,5 SM",Nao,Sim,Nao,Publica,Nao,Sim,5.0,82.2,5.0,56.5,1,Em Risco
3,17,Feminino,Parda,Solteiro,"0,5-1 SM",Nao,Sim,Nao,Publica,Nao,Nao,6.8,79.0,4.5,43.2,0,Em Risco
1,15,Feminino,Preta,Solteiro,"0,5-1 SM",Nao,Sim,Nao,Privada,Nao,Nao,7.7,90.0,7.5,68.9,1,Aprovado
3,17,Masculino,Preta,Solteiro,"0,5-1 SM",Nao,Sim,Nao,Publica,Nao,Nao,5.5,74.3,5.8,67.7,0,Reprovado
2,16,Masculino,Branca,Solteiro,"Ate 0,5 SM",Nao,Sim,Nao,Privada,Nao,Sim,7.0,92.7,6.8,35.0,0,Aprovado
1,17,Feminino,Parda,Solteiro,"0,5-1 SM",Nao,Sim,Nao,Publica,Sim,Nao,5.2,80.5,5.1,46.6,1,Em Risco
2,18,Masculino,Parda,Solteiro,"Ate 0,5 SM",Sim,Sim,Sim,Publica,Sim,Sim,8.4,100.0,8.7,77.9,2,Aprovado
3,17,Feminino,Parda,Solteiro,"Ate 0,5 SM",Nao,Sim,Nao,Publica,Nao,Sim,4.7,81.4,5.0,73.4,2,Em Risco
3,17,Masculino,Parda,Solteiro,"0,5-1 SM",Nao,Sim,Nao,Privada,Nao,Nao,8.1,88.9,6.0,52.0,0,Aprovado
3,17,Masculino,Branca,Solteiro,"0,5-1 SM",Nao,Sim,Nao,Publica,Nao,Nao,4.3,71.5,5.1,59.8,0,Reprovado
2,16,Feminino,Parda,Solteiro,"Ate 0,5 SM",Nao,Sim,Sim,Publica,Nao,Sim,9.1,97.1,8.2,73.7,0,Aprovado
2,16,Feminino,Parda,Solteiro,"0,5-1 SM",Nao,Sim,Nao,Publica,Nao,Nao,5.0,82.5,5.9,65.3,0,Em Risco
3,20,Feminino,Parda,Solteiro,Acima de 1 SM,Sim,Sim,Sim,Publica,Sim,Nao,6.2,80.2,5.6,54.6,2,Em Risco
1,15,Masculino,Parda,Solteiro,"Ate 0,5 SM",Nao,Sim,Nao,Publica,Nao,Sim,4.3,87.6,6.6,84.4,1,Em Risco
2,20,Masculino,Parda,Solteiro,"0,5-1 SM",Sim,Sim,Sim,Publica,Sim,Nao,4.0,75.2,3.5,48.6,2,Reprovado
1,15,Feminino,Parda,Solteiro,Acima de 1 SM,Sim,Sim,Nao,Privada,Nao,Nao,7.5,84.9,6.0,34.0,1,Aprovado
3,17,Feminino,Parda,Solteiro,"0,5-1 SM",Nao,Sim,Sim,Publica,Nao,Nao,8.1,86.2,6.8,74.7,1,Aprovado
3,17,Feminino,Parda,Solteiro,"Ate 0,5 SM",Nao,Sim,Sim,Publica,Nao,Sim,7.1,94.9,5.6,72.2,1,Aprovado
1,17,Masculino,Branca,Solteiro,"Ate 0,5 SM",Sim,Nao,Nao,Publica,Sim,Nao,6.2,81.8,4.9,34.6,1,Reprovado
2,16,Feminino,Parda,Solteiro,"Ate 0,5 SM",Nao,Nao,Nao,Publica,Nao,Sim,7.6,90.3,5.1,54.7,1,Aprovado
3,17,Feminino,Parda,Solteiro,"Ate 0,5 SM",Nao,Sim,Nao,Publica,Nao,Sim,5.6,82.2,5.4,55.1,0,Em Risco
1,16,Feminino,Branca,Solteiro,"0,5-1 SM",Nao,Sim,Sim,Privada,Nao,Nao,5.1,76.2,4.9,58.6,1,Em Risco
2,19,Feminino,Branca,Solteiro,"Ate 0,5 SM",Nao,Sim,Nao,Publica,Sim,Sim,5.9,82.5,6.3,78.3,1,Em Risco
3,17,Masculino,Outra,Solteiro,Acima de 1 SM,Nao,Sim,Sim,Privada,Nao,Nao,6.4,91.6,6.1,60.0,2,Em Risco
1,15,Feminino,Branca,Solteiro,"Ate 0,5 SM",Nao,Sim,Nao,Publica,Nao,Sim,7.0,92.0,7.0,76.8,0,Aprovado
2,16,Feminino,Parda,Solteiro,"0,5-1 SM",Nao,Sim,Sim,Publica,Nao,Nao,7.5,86.9,4.0,24.9,0,Aprovado
1,15,Feminino,Preta,Solteiro,"Ate 0,5 SM",Sim,Nao,Nao,Publica,Nao,Sim,4.9,82.0,4.9,82.2,0,Em Risco
3,17,Feminino,Parda,Solteiro,"Ate 0,5 SM",Nao,Sim,Nao,Publica,Nao,Sim,7.4,90.0,6.5,63.2,1,Aprovado
3,17,Feminino,Parda,Casado/Uniao,"0,5-1 SM",Nao,Sim,Nao,Publica,Nao,Nao,7.3,87.0,5.9,88.5,1,Aprovado
3,17,Feminino,Branca,Solteiro,"Ate 0,5 SM",Nao,Nao,Nao,Publica,Nao,Sim,8.6,95.0,9.5,97.7,0,Aprovado
2,16,Masculino,Parda,Solteiro,"Ate 0,5 SM",Sim,Sim,Nao,Publica,Nao,Sim,5.5,80.0,6.2,56.5,0,Em Risco
3,23,Masculino,Preta,Solteiro,"Ate 0,5 SM",Sim,Sim,Sim,Publica,Sim,Sim,6.8,83.4,4.5,35.6,1,Em Risco
3,17,Masculino,Preta,Solteiro,"Ate 0,5 SM",Nao,Sim,Nao,Privada,Nao,Sim,7.3,88.1,6.0,73.0,0,Aprovado
1,15,Masculino,Parda,Solteiro,"0,5-1 SM",Nao,Sim,Nao,Publica,Nao,Nao,7.3,82.2,5.3,36.6,2,Aprovado
3,21,Masculino,Branca,Solteiro,Acima de 1 SM,Nao,Sim,Nao,Publica,Sim,Nao,8.3,97.1,9.7,94.1,1,Aprovado
1,15,Masculino,Parda,Casado/Uniao,"Ate 0,5 SM",Sim,Nao,Nao,Publica,Nao,Sim,6.2,83.5,5.8,64.6,2,Em Risco
2,16,Masculino,Parda,Solteiro,"Ate 0,5 SM",Nao,Sim,Nao,Publica,Nao,Sim,8.5,98.7,8.6,91.6,0,Aprovado
1,15,Masculino,Branca,Solteiro,"0,5-1 SM",Nao,Sim,Nao,Publica,Nao,Nao,5.0,72.4,4.5,53.9,1,Reprovado
1,16,Masculino,Parda,Solteiro,Acima de 1 SM,Sim,Sim,Nao,Privada,Nao,Nao,7.8,90.4,4.8,55.4,0,Aprovado
1,15,Masculino,Preta,Solteiro,Acima de 1 SM,Nao,Sim,Sim,Publica,Nao,Nao,7.5,86.0,7.3,73.2,0,Aprovado
2,17,Feminino,Parda,Solteiro,"0,5-1 SM",Nao,Sim,Nao,Publica,Nao,Nao,8.6,96.2,7.7,60.7,1,Aprovado
1,16,Feminino,Parda,Solteiro,"Ate 0,5 SM",Sim,Sim,Nao,Publica,Nao,Nao,3.4,75.1,2.9,73.3,0,Reprovado
3,17,Masculino,Branca,Solteiro,"Ate 0,5 SM",Nao,Sim,Nao,Publica,Nao,Sim,7.6,94.6,5.5,52.0,1,Aprovado
1,15,Feminino,Parda,Solteiro,"Ate 0,5 SM",Nao,Sim,Nao,Publica,Nao,Nao,6.1,68.1,7.2,66.7,1,Reprovado
1,15,Feminino,Parda,Solteiro,"Ate 0,5 SM",Sim,Nao,Nao,Publica,Nao,Sim,5.3,83.7,5.7,64.4,0,Em Risco
2,17,Masculino,Parda,Solteiro,"0,5-1 SM",Nao,Sim,Nao,Privada,Nao,Nao,5.6,72.3,3.4,48.9,0,Reprovado
3,17,Feminino,Branca,Solteiro,"0,5-1 SM",Nao,Sim,Sim,Publica,Nao,Nao,8.0,88.2,8.6,70.5,0,Aprovado
1,15,Feminino,Parda,Solteiro,"0,5-1 SM",Nao,Sim,Nao,Publica,Nao,Nao,7.2,91.3,5.9,69.7,1,Aprovado
2,19,Feminino,Branca,Solteiro,"Ate 0,5 SM",Sim,Sim,Nao,Publica,Sim,Nao,4.0,63.8,2.2,20.1,1,Reprovado
3,17,Masculino,Parda,Solteiro,"0,5-1 SM",Nao,Sim,Sim,Publica,Nao,Nao,7.0,93.2,6.8,78.4,0,Aprovado
2,16,Feminino,Parda,Solteiro,"Ate 0,5 SM",Nao,Sim,Nao,Publica,Nao,Nao,7.4,85.1,5.5,56.9,1,Aprovado
1,15,Masculino,Branca,Solteiro,"Ate 0,5 SM",Nao,Sim,Nao,Publica,Nao,Sim,6.7,100.0,5.0,82.3,0,Aprovado
1,17,Feminino,Parda,Solteiro,"Ate 0,5 SM",Nao,Sim,Sim,Publica,Sim,Sim,7.7,91.4,7.7,78.9,1,Aprovado
3,22,Feminino,Parda,Solteiro,Acima de 1 SM,Sim,Sim,Sim,Publica,Sim,Nao,5.6,90.1,4.1,47.1,1,Reprovado
1,15,Feminino,Preta,Solteiro,"Ate 0,5 SM",Nao,Sim,Nao,Publica,Nao,Nao,3.5,76.7,3.2,37.9,0,Reprovado
3,18,Feminino,Preta,Solteiro,"0,5-1 SM",Nao,Sim,Sim,Publica,Nao,Nao,7.0,81.8,5.5,46.3,1,Em Risco
2,16,Masculino,Parda,Solteiro,"Ate 0,5 SM",Nao,Sim,Nao,Publica,Nao,Sim,6.7,82.4,4.9,53.3,2,Aprovado
3,17,Feminino,Parda,Casado/Uniao,"Ate 0,5 SM",Nao,Sim,Nao,Publica,Nao,Sim,6.9,87.6,5.1,55.6,0,Aprovado
3,17,Feminino,Preta,Casado/Uniao,Acima de 1 SM,Nao,Sim,Sim,Publica,Nao,Nao,8.4,88.7,6.9,68.4,1,Aprovado
3,17,Masculino,Branca,Solteiro,"Ate 0,5 SM",Nao,Sim,Nao,Privada,Nao,Sim,4.1,83.9,5.4,76.2,1,Reprovado
1,18,Feminino,Preta,Outro,"Ate 0,5 SM",Nao,Sim,Nao,Publica,Sim,Sim,5.6,82.8,5.7,66.3,1,Em Risco
3,17,Masculino,Parda,Solteiro,"Ate 0,5 SM",Nao,Sim,Nao,Privada,Nao,Sim,5.4,82.5,6.3,67.3,1,Em Risco
2,16,Masculino,Outra,Solteiro,Acima de 1 SM,Sim,Sim,Nao,Publica,Nao,Nao,4.6,65.1,6.0,71.1,1,Reprovado
2,17,Feminino,Parda,Solteiro,"Ate 0,5 SM",Nao,Sim,Nao,Publica,Nao,Sim,6.4,87.2,8.5,96.6,0,Aprovado
2,17,Masculino,Parda,Solteiro,"Ate 0,5 SM",Nao,Sim,Nao,Publica,Nao,Sim,7.4,83.4,5.7,52.0,0,Aprovado
3,17,Feminino,Parda,Solteiro,"Ate 0,5 SM",Nao,Sim,Nao,Publica,Nao,Sim,6.8,89.7,7.0,86.2,1,Aprovado
3,17,Masculino,Parda,Solteiro,"Ate 0,5 SM",Nao,Sim,Nao,Publica,Nao,Sim,5.6,84.4,6.9,81.1,0,Em Risco
3,17,Masculino,Parda,Solteiro,"Ate 0,5 SM",Nao,Sim,Nao,Publica,Nao,Sim,6.3,82.8,7.3,93.4,1,Aprovado
2,16,Feminino,Parda,Solteiro,"0,5-1 SM",Sim,Sim,Nao,Publica,Nao,Nao,7.2,92.8,5.3,72.8,0,Aprovado
2,19,Masculino,Parda,Solteiro,"0,5-1 SM",Sim,Sim,Nao,Publica,Sim,Nao,6.3,80.6,4.3,37.4,1,Em Risco
3,17,Feminino,Preta,Solteiro,"Ate 0,5 SM",Nao,Sim,Nao,Publica,Nao,Sim,8.8,99.9,9.5,99.5,0,Aprovado
1,19,Feminino,Parda,Solteiro,"0,5-1 SM",Sim,Sim,Sim,Publica,Sim,Nao,5.0,86.0,4.4,59.4,1,Reprovado
1,16,Feminino,Parda,Solteiro,Acima de 1 SM,Nao,Sim,Nao,Privada,Nao,Nao,4.6,67.9,4.7,68.9,1,Reprovado
1,18,Feminino,Parda,Solteiro,Acima de 1 SM,Sim,Sim,Sim,Privada,Sim,Nao,5.6,82.1,3.9,55.0,1,Reprovado
1,20,Feminino,Parda,Solteiro,"Ate 0,5 SM",Nao,Sim,Nao,Publica,Sim,Sim,3.6,81.6,5.9,75.4,1,Reprovado
1,15,Masculino,Parda,Solteiro,"Ate 0,5 SM",Nao,Sim,Nao,Publica,Nao,Nao,9.1,98.4,6.6,75.6,0,Aprovado
1,15,Feminino,Parda,Solteiro,Acima de 1 SM,Nao,Sim,Sim,Publica,Nao,Nao,5.9,82.7,5.6,77.2,1,Aprovado
1,15,Masculino,Branca,Solteiro,"Ate 0,5 SM",Nao,Nao,Nao,Privada,Nao,Sim,7.8,85.1,6.4,71.5,0,Aprovado
1,17,Feminino,Branca,Solteiro,"Ate 0,5 SM",Nao,Sim,Nao,Publica,Sim,Sim,8.3,100.0,8.0,87.5,1,Aprovado
3,17,Feminino,Branca,Solteiro,Acima de 1 SM,Nao,Sim,Nao,Publica,Nao,Nao,6.9,91.5,7.1,75.5,0,Aprovado
2,18,Feminino,Parda,Solteiro,"Ate 0,5 SM",Sim,Sim,Nao,Publica,Sim,Nao,5.3,80.6,5.4,56.3,2,Reprovado
2,16,Feminino,Parda,Casado/Uniao,"Ate 0,5 SM",Nao,Sim,Nao,Privada,Nao,Sim,4.9,80.2,6.8,87.7,1,Em Risco
2,16,Feminino,Parda,Solteiro,"Ate 0,5 SM",Sim,Sim,Nao,Publica,Nao,Sim,5.3,81.3,2.8,44.9,1,Reprovado
1,15,Feminino,Branca,Solteiro,"0,5-1 SM",Nao,Sim,Nao,Publica,Nao,Nao,8.5,97.2,7.7,88.1,0,Aprovado
3,17,Feminino,Parda,Solteiro,"Ate 0,5 SM",Nao,Nao,Nao,Publica,Nao,Sim,6.7,81.2,5.5,69.7,0,Aprovado
3,17,Masculino,Parda,Solteiro,Acima de 1 SM,Nao,Sim,Nao,Privada,Nao,Nao,6.8,87.0,5.9,63.2,1,Aprovado
1,15,Masculino,Parda,Solteiro,"0,5-1 SM",Nao,Sim,Nao,Privada,Nao,Nao,8.3,83.2,5.0,43.9,0,Em Risco
2,16,Masculino,Parda,Solteiro,"Ate 0,5 SM",Nao,Sim,Sim,Publica,Nao,Sim,7.7,85.3,7.0,72.0,0,Aprovado
3,17,Feminino,Outra,Solteiro,"Ate 0,5 SM",Nao,Sim,Nao,Publica,Nao,Sim,6.3,81.7,5.9,56.8,0,Em Risco
3,17,Masculino,Preta,Solteiro,"Ate 0,5 SM",Nao,Sim,Nao,Publica,Nao,Sim,6.7,87.9,6.2,64.3,1,Aprovado
2,19,Masculino,Branca,Solteiro,"0,5-1 SM",Nao,Sim,Nao,Publica,Sim,Nao,4.9,82.8,5.9,55.9,2,Em Risco
2,16,Masculino,Parda,Solteiro,"Ate 0,5 SM",Nao,Sim,Nao,Privada,Nao,Nao,5.9,82.4,5.6,76.4,0,Em Risco
1,15,Feminino,Branca,Solteiro,Acima de 1 SM,Nao,Sim,Sim,Publica,Nao,Nao,6.7,87.3,6.3,45.9,0,Em Risco
3,17,Feminino,Parda,Solteiro,"Ate 0,5 SM",Sim,Sim,Nao,Publica,Nao,Sim,6.7,87.4,6.3,70.4,1,Aprovado
1,17,Masculino,Branca,Solteiro,"Ate 0,5 SM",Nao,Sim,Nao,Publica,Sim,Sim,4.3,82.7,6.2,64.9,1,Em Risco
3,19,Masculino,Parda,Solteiro,"Ate 0,5 SM",Sim,Sim,Nao,Publica,Sim,Sim,5.5,83.9,5.0,62.6,1,Em Risco
2,16,Masculino,Parda,Solteiro,"0,5-1 SM",Nao,Sim,Nao,Privada,Nao,Nao,6.1,63.6,5.9,52.9,0,Reprovado
2,16,Masculino,Preta,Solteiro,"Ate 0,5 SM",Nao,Sim,Nao,Publica,Nao,Sim,5.3,85.2,5.3,67.4,1,Em Risco
2,22,Masculino,Parda,Solteiro,"Ate 0,5 SM",Sim,Sim,Sim,Publica,Sim,Sim,5.3,84.6,5.9,70.9,1,Em Risco
1,15,Feminino,Branca,Solteiro,Acima de 1 SM,Nao,Sim,Nao,Publica,Nao,Nao,3.6,67.1,4.2,42.0,0,Reprovado
1,15,Feminino,Branca,Solteiro,"Ate 0,5 SM",Nao,Sim,Nao,Publica,Nao,Nao,5.5,79.9,4.8,66.3,1,Em Risco
1,15,Masculino,Parda,Solteiro,"Ate 0,5 SM",Nao,Sim,Nao,Publica,Nao,Sim,9.6,98.6,9.7,90.5,0,Aprovado
1,19,Masculino,Parda,Solteiro,"0,5-1 SM",Nao,Sim,Nao,Privada,Sim,Nao,5.7,81.4,5.5,68.1,1,Aprovado
3,17,Masculino,Parda,Solteiro,"0,5-1 SM",Nao,Sim,Nao,Publica,Nao,Nao,3.5,65.9,4.0,53.8,1,Reprovado
1,15,Masculino,Branca,Solteiro,"Ate 0,5 SM",Nao,Sim,Sim,Privada,Nao,Sim,7.2,89.8,6.5,60.2,1,Aprovado
1,22,Masculino,Parda,Solteiro,"Ate 0,5 SM",Sim,Sim,Nao,Publica,Sim,Sim,6.6,92.8,6.7,65.2,1,Aprovado
3,20,Masculino,Parda,Solteiro,"0,5-1 SM",Nao,Sim,Nao,Privada,Sim,Nao,5.9,95.9,4.1,41.6,1,Em Risco
3,17,Masculino,Parda,Solteiro,"Ate 0,5 SM",Nao,Sim,Nao,Publica,Nao,Sim,7.1,89.0,4.9,57.0,0,Aprovado
3,17,Feminino,Parda,Solteiro,"0,5-1 SM",Nao,Sim,Nao,Publica,Nao,Nao,5.8,81.9,6.7,61.0,0,Aprovado
3,17,Feminino,Branca,Solteiro,"Ate 0,5 SM",Sim,Sim,Nao,Publica,Nao,Nao,4.0,79.9,0.9,19.2,1,Reprovado
1,17,Feminino,Parda,Solteiro,"Ate 0,5 SM",Nao,Sim,Nao,Privada,Sim,Sim,6.1,82.9,4.3,44.2,2,Em Risco
2,19,Masculino,Parda,Solteiro,"Ate 0,5 SM",Nao,Sim,Nao,Publica,Sim,Nao,9.5,98.7,8.7,93.6,1,Aprovado
3,17,Feminino,Branca,Solteiro,"Ate 0,5 SM",Nao,Sim,Nao,Publica,Nao,Sim,4.7,84.4,5.1,67.0,0,Em Risco
2,17,Feminino,Parda,Outro,"0,5-1 SM",Nao,Sim,Nao,Privada,Nao,Nao,6.0,86.1,4.0,36.6,0,Em Risco
1,15,Masculino,Parda,Solteiro,"Ate 0,5 SM",Nao,Sim,Nao,Publica,Nao,Nao,6.1,94.0,6.4,79.2,0,Em Risco
3,17,Masculino,Parda,Solteiro,"Ate 0,5 SM",Nao,Sim,Nao,Publica,Nao,Sim,10.0,92.3,9.3,65.1,0,Aprovado
1,15,Feminino,Parda,Solteiro,Acima de 1 SM,Nao,Sim,Nao,Publica,Nao,Nao,6.9,76.7,4.8,39.1,0,Reprovado
1,15,Masculino,Parda,Solteiro,"Ate 0,5 SM",Nao,Sim,Nao,Publica,Nao,Nao,4.0,78.2,4.4,59.7,0,Reprovado
2,19,Masculino,Outra,Solteiro,"0,5-1 SM",Sim,Sim,Nao,Publica,Sim,Nao,2.7,74.1,3.2,51.9,1,Reprovado
2,16,Feminino,Branca,Solteiro,Acima de 1 SM,Nao,Sim,Sim,Publica,Nao,Nao,7.9,90.4,7.5,68.9,1,Aprovado
2,16,Feminino,Branca,Solteiro,Acima de 1 SM,Nao,Sim,Nao,Publica,Nao,Nao,9.9,70.4,5.9,45.5,0,Reprovado
1,16,Masculino,Branca,Solteiro,Acima de 1 SM,Nao,Sim,Sim,Publica,Nao,Nao,6.6,79.0,5.2,55.3,0,Em Risco
3,20,Feminino,Parda,Solteiro,"Ate 0,5 SM",Sim,Nao,Nao,Publica,Sim,Sim,4.8,82.8,6.4,63.7,1,Reprovado
1,15,Feminino,Parda,Solteiro,Acima de 1 SM,Nao,Sim,Sim,Publica,Nao,Nao,7.6,82.4,6.3,45.1,0,Aprovado
1,15,Masculino,Parda,Solteiro,"0,5-1 SM",Nao,Sim,Sim,Publica,Nao,Nao,5.8,80.9,5.3,46.9,0,Em Risco
3,17,Feminino,Branca,Solteiro,"0,5-1 SM",Sim,Sim,Nao,Publica,Nao,Nao,2.7,77.3,2.9,58.9,1,Reprovado
3,19,Masculino,Preta,Solteiro,"Ate 0,5 SM",Nao,Sim,Nao,Publica,Sim,Nao,7.2,96.1,4.3,61.3,1,Em Risco
3,17,Masculino,Parda,Solteiro,Acima de 1 SM,Nao,Sim,Nao,Privada,Nao,Nao,6.0,86.1,5.9,63.4,0,Em Risco
3,18,Feminino,Parda,Casado/Uniao,"0,5-1 SM",Nao,Sim,Nao,Privada,Nao,Nao,8.0,89.8,7.5,73.4,0,Aprovado
2,16,Masculino,Parda,Solteiro,"0,5-1 SM",Nao,Sim,Nao,Publica,Nao,Nao,5.5,75.0,4.2,41.0,0,Reprovado
2,16,Masculino,Parda,Solteiro,"Ate 0,5 SM",Nao,Sim,Nao,Privada,Nao,Sim,6.8,91.4,6.1,62.7,1,Aprovado
1,18,Masculino,Branca,Solteiro,"Ate 0,5 SM",Nao,Sim,Nao,Privada,Sim,Sim,9.2,90.0,9.7,96.8,1,Aprovado
2,17,Feminino,Parda,Solteiro,Acima de 1 SM,Sim,Sim,Sim,Publica,Nao,Nao,7.9,90.5,6.4,58.7,0,Em Risco
1,15,Feminino,Branca,Outro,"Ate 0,5 SM",Nao,Sim,Nao,Publica,Nao,Nao,6.8,74.3,6.8,73.3,0,Aprovado
1,15,Masculino,Parda,Solteiro,"Ate 0,5 SM",Nao,Sim,Nao,Publica,Nao,Nao,6.7,79.5,5.7,59.1,0,Aprovado
3,17,Feminino,Preta,Solteiro,"0,5-1 SM",Nao,Sim,Nao,Publica,Nao,Nao,7.3,91.7,7.0,68.6,0,Aprovado
2,16,Masculino,Branca,Solteiro,"Ate 0,5 SM",Nao,Sim,Nao,Privada,Nao,Sim,7.2,83.4,7.4,70.6,0,Aprovado
1,15,Feminino,Branca,Solteiro,"Ate 0,5 SM",Sim,Sim,Nao,Publica,Nao,Sim,4.3,82.1,4.0,74.0,1,Reprovado
1,18,Masculino,Parda,Solteiro,"Ate 0,5 SM",Nao,Nao,Nao,Publica,Sim,Sim,4.0,82.0,3.0,56.8,1,Reprovado
2,16,Feminino,Parda,Solteiro,"Ate 0,5 SM",Nao,Sim,Nao,Publica,Nao,Sim,3.7,81.7,5.1,71.7,2,Reprovado
1,15,Feminino,Parda,Solteiro,"Ate 0,5 SM",Nao,Sim,Nao,Publica,Nao,Sim,7.4,93.4,6.6,53.9,0,Aprovado
3,17,Feminino,Parda,Solteiro,"Ate 0,5 SM",Nao,Sim,Nao,Publica,Nao,Sim,5.9,86.6,3.2,63.9,0,Em Risco
2,16,Masculino,Parda,Solteiro,"Ate 0,5 SM",Nao,Sim,Nao,Privada,Nao,Sim,8.9,95.8,9.5,88.1,0,Aprovado
2,16,Feminino,Branca,Solteiro,"0,5-1 SM",Sim,Sim,Nao,Publica,Nao,Nao,6.5,73.8,4.6,28.9,1,Reprovado
2,19,Masculino,Parda,Solteiro,Acima de 1 SM,Sim,Sim,Nao,Privada,Sim,Nao,4.5,67.9,3.2,22.9,2,Reprovado
3,17,Feminino,Parda,Casado/Uniao,"Ate 0,5 SM",Sim,Sim,Sim,Publica,Nao,Sim,6.2,88.5,5.3,62.5,2,Aprovado
1,18,Masculino,Parda,Solteiro,"Ate 0,5 SM",Sim,Sim,Nao,Publica,Sim,Sim,4.9,80.4,5.0,69.2,1,Em Risco
2,16,Masculino,Branca,Solteiro,"Ate 0,5 SM",Nao,Sim,Nao,Publica,Nao,Sim,5.7,81.6,7.2,89.4,0,Aprovado
2,16,Masculino,Branca,Solteiro,"0,5-1 SM",Nao,Sim,Sim,Privada,Nao,Nao,8.1,84.3,6.4,62.9,1,Aprovado
1,16,Masculino,Parda,Solteiro,Acima de 1 SM,Nao,Sim,Nao,Publica,Nao,Nao,9.9,87.6,9.0,74.7,0,Aprovado
3,17,Feminino,Parda,Solteiro,"Ate 0,5 SM",Sim,Sim,Sim,Publica,Nao,Sim,7.8,84.0,7.0,51.1,0,Aprovado
3,17,Feminino,Branca,Solteiro,"Ate 0,5 SM",Nao,Nao,Nao,Publica,Nao,Sim,6.2,90.1,3.8,49.4,1,Em Risco
2,16,Feminino,Preta,Solteiro,"0,5-1 SM",Nao,Sim,Nao,Privada,Nao,Nao,8.2,86.9,5.7,55.6,0,Aprovado
3,17,Feminino,Parda,Solteiro,"0,5-1 SM",Nao,Sim,Nao,Publica,Nao,Nao,8.7,82.3,7.1,52.3,0,Aprovado
3,17,Feminino,Branca,Solteiro,"Ate 0,5 SM",Nao,Nao,Sim,Publica,Nao,Sim,4.7,81.4,6.2,73.5,1,Reprovado
2,16,Masculino,Branca,Solteiro,"0,5-1 SM",Nao,Sim,Nao,Publica,Nao,Nao,8.0,93.9,6.3,52.5,0,Aprovado
3,19,Masculino,Parda,Solteiro,"0,5-1 SM",Sim,Sim,Sim,Publica,Sim,Nao,6.8,72.7,5.1,47.0,1,Reprovado
2,16,Masculino,Parda,Solteiro,Acima de 1 SM,Nao,Sim,Sim,Publica,Nao,Nao,8.5,99.2,6.9,54.4,1,Aprovado
2,16,Masculino,Parda,Solteiro,"Ate 0,5 SM",Sim,Sim,Nao,Privada,Nao,Sim,7.2,82.8,7.1,58.5,0,Aprovado
2,16,Masculino,Parda,Casado/Uniao,Acima de 1 SM,Nao,Sim,Sim,Publica,Nao,Nao,6.7,81.6,5.3,52.0,0,Em Risco
3,17,Masculino,Parda,Solteiro,"Ate 0,5 SM",Nao,Sim,Sim,Privada,Nao,Sim,9.6,97.4,8.8,74.9,0,Aprovado
1,15,Masculino,Parda,Solteiro,"0,5-1 SM",Nao,Sim,Sim,Publica,Nao,Nao,7.2,83.1,5.7,46.5,0,Em Risco
3,18,Masculino,Parda,Solteiro,"Ate 0,5 SM",Nao,Sim,Sim,Publica,Nao,Sim,6.2,83.9,7.8,93.1,0,Aprovado
3,18,Feminino,Parda,Solteiro,"Ate 0,5 SM",Sim,Sim,Nao,Privada,Nao,Sim,6.8,91.7,3.6,55.5,0,Em Risco
1,15,Masculino,Parda,Solteiro,"0,5-1 SM",Nao,Sim,Nao,Publica,Nao,Nao,7.7,88.8,7.6,65.9,0,Aprovado
3,17,Feminino,Parda,Solteiro,"Ate 0,5 SM",Nao,Sim,Nao,Publica,Nao,Sim,6.6,83.4,5.7,64.4,0,Aprovado
1,15,Feminino,Parda,Solteiro,"Ate 0,5 SM",Nao,Sim,Nao,Publica,Nao,Sim,7.0,90.4,6.2,59.3,1,Aprovado
1,15,Feminino,Parda,Solteiro,"Ate 0,5 SM",Nao,Sim,Nao,Publica,Nao,Sim,6.6,86.9,8.1,81.5,2,Aprovado
3,17,Masculino,Parda,Solteiro,"Ate 0,5 SM",Nao,Sim,Nao,Publica,Nao,Sim,5.6,82.1,5.0,51.3,0,Em Risco
1,15,Masculino,Parda,Solteiro,"Ate 0,5 SM",Sim,Sim,Nao,Publica,Nao,Sim,4.9,82.5,7.3,75.9,1,Em Risco
3,19,Masculino,Branca,Solteiro,Acima de 1 SM,Sim,Sim,Nao,Publica,Sim,Nao,3.8,65.5,4.5,41.1,2,Reprovado
3,17,Masculino,Parda,Solteiro,"Ate 0,5 SM",Nao,Sim,Sim,Publica,Nao,Sim,8.8,90.5,8.0,66.7,1,Aprovado
2,16,Masculino,Branca,Solteiro,"Ate 0,5 SM",Nao,Nao,Nao,Publica,Nao,Sim,5.9,87.6,6.5,69.3,0,Em Risco
1,15,Feminino,Parda,Solteiro,"Ate 0,5 SM",Nao,Sim,Nao,Privada,Nao,Nao,2.1,79.8,3.3,81.3,1,Reprovado
1,15,Feminino,Parda,Solteiro,"Ate 0,5 SM",Nao,Sim,Nao,Publica,Nao,Sim,7.0,92.4,5.8,74.7,0,Aprovado
2,16,Feminino,Parda,Solteiro,"Ate 0,5 SM",Sim,Sim,Nao,Publica,Nao,Sim,6.5,89.3,5.3,68.0,0,Aprovado
3,18,Masculino,Preta,Solteiro,"Ate 0,5 SM",Sim,Sim,Nao,Publica,Nao,Nao,3.6,79.3,4.7,56.6,1,Reprovado
2,16,Masculino,Branca,Solteiro,"Ate 0,5 SM",Sim,Nao,Nao,Publica,Nao,Sim,4.7,83.7,3.2,42.8,0,Reprovado
1,15,Feminino,Branca,Solteiro,"Ate 0,5 SM",Nao,Nao,Nao,Publica,Nao,Sim,5.1,82.1,6.0,86.4,1,Em Risco
2,19,Masculino,Outra,Solteiro,"0,5-1 SM",Sim,Sim,Sim,Publica,Sim,Nao,4.8,81.2,4.6,61.3,1,Reprovado
2,17,Feminino,Parda,Solteiro,"0,5-1 SM",Nao,Sim,Sim,Privada,Nao,Nao,8.5,92.1,8.0,72.6,0,Aprovado
3,17,Feminino,Parda,Solteiro,"Ate 0,5 SM",Nao,Sim,Nao,Privada,Nao,Sim,6.4,86.8,6.1,73.0,0,Aprovado
1,15,Masculino,Parda,Solteiro,"Ate 0,5 SM",Nao,Sim,Nao,Publica,Nao,Sim,5.9,84.5,4.5,39.7,1,Em Risco
3,20,Masculino,Parda,Solteiro,Acima de 1 SM,Sim,Sim,Nao,Publica,Sim,Nao,7.1,91.4,6.4,54.5,1,Aprovado
2,16,Masculino,Parda,Solteiro,"Ate 0,5 SM",Nao,Sim,Nao,Publica,Nao,Nao,7.1,75.4,6.7,62.9,1,Reprovado
3,17,Masculino,Branca,Solteiro,Acima de 1 SM,Sim,Sim,Sim,Publica,Nao,Nao,4.3,62.3,3.4,34.0,0,Reprovado
1,15,Masculino,Branca,Solteiro,"Ate 0,5 SM",Nao,Nao,Nao,Publica,Nao,Sim,5.4,84.3,4.4,47.3,0,Em Risco
2,16,Masculino,Parda,Solteiro,"Ate 0,5 SM",Nao,Nao,Sim,Publica,Nao,Nao,7.0,87.8,6.4,65.7,0,Aprovado
3,17,Masculino,Parda,Outro,"0,5-1 SM",Nao,Sim,Nao,Publica,Nao,Nao,5.2,72.1,5.8,58.7,1,Reprovado
1,15,Feminino,Parda,Solteiro,Acima de 1 SM,Nao,Sim,Nao,Publica,Nao,Nao,9.3,99.0,8.0,84.0,0,Aprovado
3,17,Feminino,Preta,Solteiro,"Ate 0,5 SM",Nao,Sim,Nao,Publica,Nao,Sim,6.6,82.1,7.3,62.8,0,Aprovado
2,16,Masculino,Parda,Solteiro,"Ate 0,5 SM",Nao,Sim,Nao,Publica,Nao,Sim,5.5,100.0,5.3,62.2,0,Em Risco
1,15,Feminino,Branca,Solteiro,"Ate 0,5 SM",Nao,Sim,Nao,Publica,Nao,Nao,5.0,84.5,5.0,44.4,0,Reprovado
1,15,Feminino,Preta,Solteiro,Acima de 1 SM,Sim,Sim,Nao,Publica,Nao,Nao,7.4,91.6,6.0,65.2,1,Aprovado
2,16,Feminino,Parda,Solteiro,"0,5-1 SM",Nao,Sim,Sim,Publica,Nao,Nao,6.0,81.1,6.4,38.5,0,Em Risco
1,15,Feminino,Parda,Solteiro,"Ate 0,5 SM",Nao,Sim,Nao,Privada,Nao,Nao,7.1,82.0,5.4,74.2,0,Em Risco
2,17,Masculino,Parda,Outro,"Ate 0,5 SM",Nao,Sim,Sim,Privada,Nao,Sim,5.5,80.9,6.3,67.1,1,Em Risco
1,15,Masculino,Branca,Solteiro,"Ate 0,5 SM",Sim,Nao,Nao,Publica,Nao,Sim,5.8,83.3,4.5,61.6,1,Em Risco
2,21,Feminino,Parda,Solteiro,"Ate 0,5 SM",Sim,Sim,Nao,Publica,Sim,Sim,4.6,80.7,3.9,74.1,1,Reprovado
1,15,Feminino,Outra,Solteiro,"Ate 0,5 SM",Sim,Sim,Nao,Publica,Nao,Sim,5.6,81.9,5.2,71.5,0,Em Risco
3,17,Feminino,Parda,Casado/Uniao,"0,5-1 SM",Nao,Sim,Nao,Publica,Nao,Nao,5.4,68.8,3.5,32.3,1,Reprovado
3,21,Feminino,Preta,Solteiro,"Ate 0,5 SM",Sim,Sim,Nao,Publica,Sim,Sim,6.8,88.2,5.0,55.3,2,Em Risco
3,17,Feminino,Parda,Solteiro,"Ate 0,5 SM",Nao,Sim,Nao,Publica,Nao,Sim,5.8,82.9,6.5,84.0,0,Aprovado
3,17,Masculino,Parda,Solteiro,"0,5-1 SM",Nao,Sim,Sim,Publica,Nao,Nao,6.6,87.2,4.1,55.2,1,Em Risco
1,15,Masculino,Preta,Solteiro,"Ate 0,5 SM",Sim,Sim,Nao,Publica,Nao,Sim,5.9,85.2,6.7,68.0,1,Em Risco
3,17,Masculino,Branca,Solteiro,"Ate 0,5 SM",Nao,Sim,Nao,Publica,Nao,Nao,8.5,94.5,5.8,46.6,0,Aprovado
1,17,Feminino,Branca,Solteiro,"Ate 0,5 SM",Nao,Sim,Nao,Publica,Sim,Sim,7.1,100.0,6.4,70.4,1,Em Risco
1,15,Feminino,Parda,Solteiro,"Ate 0,5 SM",Nao,Sim,Nao,Publica,Nao,Sim,7.5,95.2,6.6,74.1,0,Aprovado
1,18,Feminino,Branca,Solteiro,"0,5-1 SM",Sim,Sim,Nao,Publica,Sim,Nao,3.4,60.1,4.4,61.0,1,Reprovado
2,16,Feminino,Outra,Solteiro,"0,5-1 SM",Nao,Sim,Nao,Publica,Nao,Nao,5.6,81.8,5.8,70.3,0,Em Risco
3,19,Feminino,Parda,Solteiro,"Ate 0,5 SM",Sim,Sim,Nao,Publica,Sim,Sim,7.0,87.2,4.6,60.8,1,Aprovado
2,16,Feminino,Branca,Casado/Uniao,"Ate 0,5 SM",Nao,Sim,Nao,Publica,Nao,Sim,4.9,80.2,2.6,54.8,0,Reprovado
2,16,Feminino,Parda,Outro,"Ate 0,5 SM",Nao,Sim,Nao,Publica,Nao,Sim,6.6,82.1,5.5,76.0,0,Aprovado
1,15,Masculino,Preta,Solteiro,"Ate 0,5 SM",Nao,Sim,Nao,Publica,Nao,Nao,5.1,79.3,4.3,52.8,1,Reprovado
3,17,Feminino,Parda,Casado/Uniao,"Ate 0,5 SM",Sim,Nao,Nao,Publica,Nao,Sim,4.5,83.0,4.7,59.8,2,Reprovado
2,16,Feminino,Branca,Solteiro,"Ate 0,5 SM",Nao,Sim,Nao,Publica,Nao,Sim,8.6,88.6,5.4,59.5,0,Aprovado
2,18,Masculino,Parda,Solteiro,"Ate 0,5 SM",Sim,Sim,Nao,Publica,Sim,Sim,6.4,91.0,6.2,92.1,1,Em Risco
1,15,Masculino,Parda,Solteiro,"Ate 0,5 SM",Nao,Sim,Nao,Publica,Nao,Sim,7.7,92.9,7.3,76.4,1,Aprovado
3,17,Feminino,Parda,Solteiro,"0,5-1 SM",Nao,Sim,Sim,Publica,Nao,Nao,7.8,97.3,6.1,64.1,0,Aprovado
2,21,Masculino,Parda,Solteiro,Acima de 1 SM,Nao,Sim,Sim,Publica,Sim,Nao,6.3,89.2,3.7,68.0,1,Em Risco
1,15,Masculino,Parda,Solteiro,Acima de 1 SM,Nao,Sim,Sim,Publica,Nao,Nao,6.1,80.3,6.9,42.0,1,Em Risco
1,15,Masculino,Parda,Solteiro,"Ate 0,5 SM",Nao,Sim,Nao,Publica,Nao,Sim,5.9,93.1,6.0,77.7,1,Aprovado
2,16,Feminino,Preta,Solteiro,"0,5-1 SM",Sim,Sim,Sim,Publica,Nao,Nao,6.1,74.0,5.1,62.2,0,Reprovado
2,16,Feminino,Branca,Solteiro,"0,5-1 SM",Nao,Sim,Sim,Publica,Nao,Nao,9.1,100.0,7.8,85.0,0,Aprovado
1,15,Masculino,Branca,Solteiro,Acima de 1 SM,Nao,Sim,Sim,Publica,Nao,Nao,5.3,71.5,4.4,24.1,0,Reprovado
3,17,Masculino,Branca,Solteiro,"Ate 0,5 SM",Nao,Sim,Nao,Privada,Nao,Sim,5.9,83.5,5.4,69.2,0,Aprovado
1,15,Feminino,Parda,Outro,"0,5-1 SM",Nao,Sim,Nao,Privada,Nao,Nao,5.4,74.3,3.1,40.9,2,Reprovado
2,23,Feminino,Parda,Solteiro,"Ate 0,5 SM",Sim,Sim,Nao,Publica,Sim,Sim,6.8,84.3,5.3,48.6,1,Em Risco
3,17,Feminino,Parda,Casado/Uniao,"0,5-1 SM",Sim,Sim,Sim,Publica,Nao,Nao,8.8,100.0,7.2,65.4,1,Aprovado
2,16,Masculino,Parda,Solteiro,"Ate 0,5 SM",Nao,Sim,Nao,Publica,Nao,Sim,6.9,84.0,6.8,79.7,0,Aprovado
2,16,Masculino,Branca,Solteiro,"0,5-1 SM",Nao,Sim,Sim,Privada,Nao,Nao,7.5,93.3,8.1,77.1,1,Aprovado
2,16,Masculino,Parda,Solteiro,Acima de 1 SM,Nao,Sim,Sim,Publica,Nao,Nao,7.1,84.6,6.3,49.6,0,Aprovado
1,19,Feminino,Branca,Solteiro,"Ate 0,5 SM",Sim,Sim,Nao,Publica,Sim,Sim,6.0,89.0,3.7,49.2,2,Em Risco
3,17,Masculino,Parda,Solteiro,"Ate 0,5 SM",Nao,Sim,Nao,Publica,Nao,Sim,7.5,86.2,5.8,67.0,0,Aprovado
2,16,Masculino,Branca,Solteiro,"Ate 0,5 SM",Sim,Sim,Nao,Publica,Nao,Sim,6.6,87.1,6.1,77.4,0,Aprovado
3,20,Masculino,Parda,Solteiro,"Ate 0,5 SM",Nao,Sim,Nao,Publica,Sim,Sim,9.2,93.4,9.7,99.3,1,Aprovado
1,15,Masculino,Parda,Solteiro,"Ate 0,5 SM",Nao,Sim,Nao,Publica,Nao,Sim,7.5,85.1,7.3,56.6,1,Aprovado
1,20,Feminino,Preta,Solteiro,"Ate 0,5 SM",Sim,Sim,Sim,Publica,Sim,Nao,3.5,86.7,5.3,70.6,2,Reprovado
1,16,Masculino,Parda,Solteiro,Acima de 1 SM,Nao,Sim,Nao,Publica,Nao,Nao,6.7,88.4,7.2,75.9,0,Aprovado
2,16,Feminino,Preta,Solteiro,"Ate 0,5 SM",Nao,Sim,Nao,Privada,Nao,Sim,7.0,86.1,6.6,71.7,1,Aprovado
1,15,Feminino,Parda,Solteiro,"0,5-1 SM",Nao,Sim,Sim,Publica,Nao,Nao,7.3,82.7,5.4,56.7,1,Aprovado
3,17,Masculino,Parda,Solteiro,Acima de 1 SM,Nao,Sim,Sim,Publica,Nao,Nao,6.8,85.1,5.6,74.7,1,Aprovado
2,16,Feminino,Branca,Solteiro,Acima de 1 SM,Nao,Sim,Sim,Publica,Nao,Nao,7.2,78.7,6.6,57.3,0,Em Risco
3,17,Feminino,Parda,Solteiro,"0,5-1 SM",Nao,Sim,Sim,Publica,Nao,Nao,5.9,91.7,4.7,58.8,1,Em Risco
1,15,Feminino,Preta,Solteiro,"Ate 0,5 SM",Nao,Sim,Nao,Publica,Nao,Sim,9.3,99.8,9.8,96.7,0,Aprovado
3,17,Masculino,Parda,Solteiro,"0,5-1 SM",Sim,Sim,Nao,Publica,Nao,Nao,7.3,86.4,6.4,48.9,0,Aprovado
3,17,Masculino,Parda,Solteiro,"Ate 0,5 SM",Nao,Sim,Nao,Privada,Nao,Sim,5.1,85.4,6.2,56.8,1,Em Risco
3,20,Masculino,Parda,Solteiro,Acima de 1 SM,Sim,Sim,Sim,Publica,Sim,Nao,5.8,75.1,5.3,48.7,1,Reprovado
3,17,Feminino,Parda,Solteiro,"0,5-1 SM",Nao,Sim,Nao,Publica,Nao,Nao,5.5,70.8,5.3,54.4,0,Reprovado
3,17,Feminino,Parda,Outro,"0,5-1 SM",Nao,Nao,Sim,Publica,Nao,Nao,8.6,92.5,7.2,73.2,0,Aprovado
2,23,Feminino,Parda,Outro,"Ate 0,5 SM",Sim,Nao,Nao,Publica,Sim,Sim,5.1,82.8,4.9,55.9,1,Em Risco
1,15,Masculino,Parda,Solteiro,"Ate 0,5 SM",Nao,Sim,Nao,Publica,Nao,Sim,6.0,86.5,5.5,59.7,0,Em Risco
1,15,Masculino,Preta,Solteiro,"0,5-1 SM",Sim,Sim,Sim,Publica,Nao,Nao,7.3,77.6,6.2,49.1,0,Reprovado
3,24,Feminino,Preta,Casado/Uniao,Acima de 1 SM,Nao,Sim,Sim,Publica,Sim,Nao,9.3,93.5,5.0,37.2,1,Aprovado
2,17,Masculino,Parda,Solteiro,"Ate 0,5 SM",Nao,Sim,Nao,Publica,Nao,Nao,7.0,79.9,6.8,64.9,0,Em Risco
3,17,Feminino,Parda,Solteiro,Acima de 1 SM,Nao,Sim,Sim,Publica,Nao,Nao,6.5,75.6,4.7,58.9,0,Em Risco
2,16,Masculino,Parda,Solteiro,"Ate 0,5 SM",Nao,Nao,Nao,Privada,Nao,Sim,9.7,94.7,9.8,96.8,0,Aprovado
1,15,Masculino,Parda,Solteiro,"0,5-1 SM",Nao,Sim,Nao,Publica,Nao,Nao,4.4,79.4,5.0,73.8,1,Reprovado
1,15,Masculino,Parda,Solteiro,"0,5-1 SM",Sim,Sim,Nao,Publica,Nao,Nao,6.1,73.7,4.7,42.0,0,Reprovado
2,16,Masculino,Parda,Solteiro,"Ate 0,5 SM",Nao,Sim,Nao,Publica,Nao,Sim,9.0,95.3,7.3,73.5,1,Aprovado
2,16,Masculino,Outra,Solteiro,"Ate 0,5 SM",Nao,Sim,Sim,Privada,Nao,Sim,7.2,88.5,5.7,68.2,1,Aprovado
1,19,Masculino,Preta,Solteiro,"0,5-1 SM",Sim,Sim,Nao,Publica,Sim,Nao,5.6,85.8,5.7,68.1,1,Em Risco
2,19,Masculino,Parda,Solteiro,"Ate 0,5 SM",Sim,Sim,Nao,Publica,Sim,Sim,5.5,90.2,3.5,38.4,1,Reprovado
1,15,Masculino,Parda,Solteiro,"Ate 0,5 SM",Nao,Sim,Nao,Publica,Nao,Sim,5.9,83.9,7.5,72.9,0,Aprovado
2,16,Masculino,Preta,Solteiro,"0,5-1 SM",Nao,Sim,Sim,Publica,Nao,Nao,7.2,84.9,6.5,82.6,0,Aprovado
1,15,Feminino,Parda,Solteiro,"0,5-1 SM",Nao,Sim,Sim,Publica,Nao,Nao,7.8,80.1,5.6,44.5,1,Em Risco
3,22,Masculino,Branca,Outro,"Ate 0,5 SM",Sim,Sim,Nao,Publica,Sim,Sim,5.0,82.7,5.7,57.9,1,Reprovado
1,15,Feminino,Branca,Solteiro,"Ate 0,5 SM",Nao,Nao,Nao,Publica,Nao,Sim,3.0,83.4,2.9,53.3,1,Reprovado
2,22,Feminino,Parda,Solteiro,"Ate 0,5 SM",Sim,Sim,Nao,Publica,Sim,Sim,9.2,96.0,9.6,92.8,1,Aprovado
1,15,Feminino,Parda,Solteiro,"0,5-1 SM",Sim,Sim,Nao,Publica,Nao,Nao,8.8,95.2,7.9,88.6,0,Aprovado
1,17,Feminino,Branca,Solteiro,"Ate 0,5 SM",Sim,Sim,Nao,Publica,Sim,Sim,5.0,82.9,3.8,49.9,1,Reprovado
2,19,Masculino,Branca,Solteiro,"0,5-1 SM",Sim,Sim,Nao,Publica,Sim,Nao,3.5,64.5,2.3,27.6,1,Reprovado
2,16,Feminino,Parda,Solteiro,"0,5-1 SM",Nao,Sim,Nao,Publica,Nao,Nao,7.3,84.9,6.7,75.3,0,Aprovado
2,16,Feminino,Preta,Solteiro,"Ate 0,5 SM",Nao,Sim,Nao,Publica,Nao,Sim,9.5,95.9,9.0,91.1,0,Aprovado
1,16,Feminino,Parda,Solteiro,"Ate 0,5 SM",Sim,Sim,Sim,Publica,Nao,Sim,7.0,88.8,6.5,69.3,0,Aprovado
2,16,Masculino,Parda,Solteiro,Acima de 1 SM,Sim,Sim,Nao,Publica,Nao,Nao,8.4,99.1,6.9,84.1,0,Aprovado
3,18,Masculino,Preta,Outro,"Ate 0,5 SM",Sim,Sim,Nao,Publica,Nao,Sim,7.0,94.0,5.8,69.0,1,Aprovado
3,17,Masculino,Branca,Solteiro,"0,5-1 SM",Nao,Sim,Nao,Publica,Nao,Nao,7.4,90.8,6.8,75.8,0,Aprovado
1,17,Feminino,Parda,Solteiro,Acima de 1 SM,Nao,Sim,Sim,Publica,Sim,Nao,5.8,73.2,6.5,63.7,1,Reprovado
2,16,Feminino,Branca,Solteiro,Acima de 1 SM,Nao,Sim,Nao,Publica,Nao,Nao,7.0,79.5,5.9,52.0,0,Aprovado
1,15,Masculino,Parda,Solteiro,"Ate 0,5 SM",Sim,Sim,Nao,Privada,Nao,Nao,6.1,75.6,5.7,81.2,0,Em Risco
1,15,Feminino,Parda,Solteiro,"Ate 0,5 SM",Nao,Sim,Nao,Publica,Nao,Sim,6.4,86.1,7.6,57.1,2,Aprovado
3,22,Feminino,Parda,Solteiro,Acima de 1 SM,Sim,Sim,Nao,Publica,Sim,Nao,5.3,64.4,4.9,49.8,1,Reprovado
1,15,Masculino,Parda,Solteiro,"0,5-1 SM",Nao,Sim,Nao,Publica,Nao,Nao,6.7,84.3,5.8,45.4,0,Aprovado
2,16,Feminino,Parda,Solteiro,"Ate 0,5 SM",Nao,Sim,Nao,Publica,Nao,Sim,4.8,86.0,5.0,54.8,2,Em Risco
2,16,Feminino,Parda,Solteiro,"Ate 0,5 SM",Nao,Sim,Nao,Publica,Nao,Sim,7.5,94.4,6.9,92.1,0,Aprovado
2,18,Masculino,Branca,Casado/Uniao,"Ate 0,5 SM",Sim,Sim,Nao,Publica,Sim,Nao,9.3,90.2,8.9,99.5,1,Aprovado
2,22,Feminino,Branca,Solteiro,Acima de 1 SM,Nao,Sim,Sim,Publica,Sim,Nao,6.1,76.9,6.1,65.4,1,Em Risco
1,15,Masculino,Parda,Solteiro,"Ate 0,5 SM",Nao,Sim,Nao,Publica,Nao,Sim,6.9,92.3,7.4,57.7,1,Aprovado
1,17,Feminino,Parda,Solteiro,"0,5-1 SM",Nao,Sim,Nao,Publica,Sim,Nao,4.7,76.5,3.9,49.9,1,Reprovado
2,16,Feminino,Parda,Solteiro,"0,5-1 SM",Nao,Sim,Nao,Publica,Nao,Nao,3.9,69.1,3.2,29.3,0,Reprovado
1,16,Feminino,Outra,Solteiro,"0,5-1 SM",Nao,Sim,Sim,Publica,Nao,Nao,6.3,78.4,7.7,73.4,0,Aprovado
1,15,Masculino,Parda,Solteiro,"0,5-1 SM",Sim,Sim,Nao,Publica,Nao,Nao,4.1,72.4,4.9,73.8,2,Reprovado
1,15,Masculino,Parda,Solteiro,Acima de 1 SM,Nao,Sim,Sim,Publica,Nao,Nao,7.9,88.1,8.2,90.0,0,Aprovado
1,15,Masculino,Parda,Solteiro,"Ate 0,5 SM",Nao,Sim,Nao,Publica,Nao,Nao,5.0,80.9,4.3,51.5,1,Reprovado
2,16,Feminino,Parda,Solteiro,"Ate 0,5 SM",Nao,Sim,Nao,Publica,Nao,Sim,8.4,100.0,8.0,79.9,0,Aprovado
1,17,Masculino,Parda,Outro,"0,5-1 SM",Nao,Sim,Nao,Publica,Sim,Nao,5.9,71.4,6.1,65.0,1,Reprovado
2,18,Feminino,Branca,Solteiro,"Ate 0,5 SM",Nao,Sim,Nao,Publica,Sim,Sim,6.0,81.7,7.2,75.0,2,Aprovado
2,17,Masculino,Branca,Solteiro,"Ate 0,5 SM",Nao,Sim,Nao,Publica,Nao,Sim,8.7,93.8,8.5,92.5,0,Aprovado
3,20,Masculino,Parda,Casado/Uniao,"Ate 0,5 SM",Sim,Sim,Sim,Publica,Sim,Sim,6.0,84.0,5.5,73.2,2,Em Risco
1,15,Masculino,Parda,Solteiro,"Ate 0,5 SM",Nao,Sim,Sim,Publica,Nao,Sim,6.7,82.7,4.7,68.1,1,Aprovado
1,20,Feminino,Parda,Solteiro,"0,5-1 SM",Sim,Sim,Sim,Publica,Sim,Nao,4.1,78.1,4.9,50.3,1,Reprovado
1,15,Feminino,Branca,Solteiro,"0,5-1 SM",Nao,Sim,Sim,Publica,Nao,Nao,6.9,87.4,6.3,45.8,0,Em Risco
2,16,Masculino,Parda,Solteiro,"Ate 0,5 SM",Nao,Sim,Nao,Publica,Nao,Sim,5.9,96.8,4.8,58.6,1,Em Risco
2,16,Masculino,Preta,Solteiro,"0,5-1 SM",Nao,Sim,Nao,Publica,Nao,Nao,6.2,80.1,7.8,61.0,0,Em Risco
1,21,Feminino,Parda,Solteiro,"Ate 0,5 SM",Nao,Sim,Sim,Publica,Sim,Sim,6.3,91.4,6.9,70.1,1,Aprovado
3,18,Masculino,Parda,Solteiro,"0,5-1 SM",Sim,Sim,Nao,Publica,Nao,Nao,5.4,68.4,5.3,54.3,1,Reprovado
1,15,Feminino,Parda,Outro,"Ate 0,5 SM",Sim,Sim,Nao,Privada,Nao,Nao,6.5,92.1,5.2,48.6,0,Em Risco
2,16,Feminino,Parda,Solteiro,"0,5-1 SM",Nao,Sim,Nao,Publica,Nao,Nao,6.3,88.6,5.2,65.0,0,Em Risco
2,18,Feminino,Parda,Solteiro,"Ate 0,5 SM",Nao,Sim,Nao,Publica,Sim,Sim,6.5,95.7,6.2,75.7,1,Aprovado
3,17,Feminino,Parda,Solteiro,"Ate 0,5 SM",Nao,Nao,Nao,Publica,Nao,Sim,5.5,87.7,6.4,77.0,0,Aprovado
3,17,Feminino,Parda,Solteiro,"0,5-1 SM",Nao,Sim,Sim,Publica,Nao,Nao,5.4,77.4,5.2,67.4,1,Em Risco
3,17,Feminino,Parda,Solteiro,"Ate 0,5 SM",Nao,Sim,Nao,Privada,Nao,Sim,5.7,81.4,4.9,67.3,0,Em Risco
1,15,Feminino,Parda,Solteiro,Acima de 1 SM,Sim,Sim,Nao,Publica,Nao,Nao,8.1,86.8,5.6,50.2,1,Aprovado
3,19,Feminino,Parda,Solteiro,"0,5-1 SM",Sim,Sim,Nao,Publica,Sim,Nao,6.7,72.7,5.7,45.7,1,Reprovado
1,15,Masculino,Parda,Solteiro,"Ate 0,5 SM",Sim,Sim,Nao,Publica,Nao,Sim,7.6,84.4,6.7,60.5,1,Aprovado
3,18,Masculino,Branca,Solteiro,"0,5-1 SM",Nao,Sim,Nao,Publica,Nao,Nao,8.1,93.7,7.3,73.2,0,Aprovado
2,16,Masculino,Parda,Solteiro,"Ate 0,5 SM",Sim,Sim,Nao,Publica,Nao,Sim,5.4,82.9,4.4,70.3,1,Em Risco
3,18,Feminino,Parda,Solteiro,"Ate 0,5 SM",Nao,Sim,Nao,Privada,Nao,Sim,7.0,86.1,6.8,67.4,0,Aprovado
2,21,Feminino,Parda,Solteiro,Acima de 1 SM,Nao,Sim,Nao,Publica,Sim,Nao,6.2,76.6,5.8,46.3,1,Reprovado
2,16,Masculino,Parda,Casado/Uniao,"Ate 0,5 SM",Nao,Sim,Nao,Publica,Nao,Sim,7.3,82.4,7.1,84.7,1,Aprovado
2,19,Masculino,Parda,Solteiro,"0,5-1 SM",Sim,Sim,Nao,Publica,Sim,Nao,5.1,77.5,6.0,47.6,2,Reprovado
3,17,Masculino,Preta,Outro,"Ate 0,5 SM",Sim,Sim,Nao,Publica,Nao,Sim,6.1,85.8,7.8,99.1,0,Aprovado
1,15,Feminino,Parda,Outro,"0,5-1 SM",Nao,Sim,Sim,Publica,Nao,Nao,6.9,78.6,5.7,49.0,0,Em Risco
1,15,Feminino,Parda,Outro,"Ate 0,5 SM",Nao,Sim,Sim,Publica,Nao,Sim,7.5,86.5,6.8,84.6,1,Aprovado
1,15,Feminino,Branca,Solteiro,"Ate 0,5 SM",Nao,Sim,Nao,Publica,Nao,Sim,7.3,99.1,5.4,60.0,1,Aprovado
1,16,Masculino,Branca,Casado/Uniao,Acima de 1 SM,Sim,Sim,Sim,Publica,Nao,Nao,6.7,91.6,5.8,61.5,0,Aprovado
3,17,Feminino,Branca,Solteiro,"Ate 0,5 SM",Nao,Sim,Nao,Publica,Nao,Nao,6.6,74.1,4.0,42.2,0,Em Risco
1,15,Masculino,Branca,Solteiro,"0,5-1 SM",Nao,Sim,Sim,Publica,Nao,Nao,7.1,85.5,6.3,67.2,0,Aprovado
3,19,Feminino,Branca,Solteiro,"Ate 0,5 SM",Sim,Nao,Nao,Publica,Sim,Sim,7.3,98.7,6.1,70.4,1,Aprovado
1,18,Masculino,Parda,Casado/Uniao,"Ate 0,5 SM",Sim,Sim,Nao,Publica,Sim,Sim,3.2,80.0,5.6,69.8,1,Reprovado
1,17,Feminino,Parda,Solteiro,"0,5-1 SM",Nao,Sim,Nao,Publica,Sim,Nao,4.6,72.5,6.2,86.0,1,Reprovado
3,18,Masculino,Parda,Solteiro,"Ate 0,5 SM",Nao,Sim,Sim,Publica,Nao,Sim,7.7,97.9,5.8,65.8,0,Aprovado
2,19,Masculino,Preta,Solteiro,"Ate 0,5 SM",Nao,Sim,Nao,Publica,Sim,Sim,6.3,90.4,6.2,79.8,1,Em Risco
2,16,Feminino,Branca,Solteiro,Acima de 1 SM,Nao,Sim,Sim,Publica,Nao,Nao,7.3,93.3,7.2,76.5,0,Aprovado
2,20,Masculino,Parda,Solteiro,"0,5-1 SM",Nao,Sim,Nao,Publica,Sim,Nao,6.8,82.8,7.0,77.5,1,Aprovado
3,17,Masculino,Parda,Solteiro,"Ate 0,5 SM",Sim,Nao,Nao,Publica,Nao,Nao,6.0,85.2,5.4,64.7,0,Reprovado
1,15,Feminino,Preta,Solteiro,"Ate 0,5 SM",Nao,Sim,Nao,Publica,Nao,Sim,5.7,91.2,5.7,76.2,0,Em Risco
3,17,Feminino,Branca,Solteiro,"0,5-1 SM",Nao,Sim,Sim,Privada,Nao,Nao,7.8,89.0,7.6,78.0,0,Aprovado
3,17,Masculino,Parda,Solteiro,Acima de 1 SM,Nao,Sim,Nao,Publica,Nao,Nao,6.7,81.4,5.7,63.8,0,Aprovado
2,16,Feminino,Branca,Casado/Uniao,Acima de 1 SM,Nao,Sim,Sim,Publica,Nao,Nao,6.4,90.8,6.1,77.6,1,Aprovado
1,17,Feminino,Parda,Solteiro,Acima de 1 SM,Sim,Sim,Sim,Publica,Sim,Nao,6.9,98.4,4.4,56.3,1,Em Risco
2,17,Masculino,Parda,Solteiro,"Ate 0,5 SM",Nao,Sim,Nao,Publica,Nao,Nao,7.3,100.0,5.3,58.4,1,Em Risco
1,15,Masculino,Parda,Solteiro,Acima de 1 SM,Nao,Sim,Nao,Publica,Nao,Nao,6.9,82.8,6.8,80.7,0,Aprovado
1,15,Masculino,Parda,Solteiro,Acima de 1 SM,Nao,Sim,Sim,Privada,Nao,Nao,9.4,95.3,6.9,42.3,0,Aprovado
1,15,Feminino,Parda,Solteiro,"Ate 0,5 SM",Sim,Sim,Nao,Publica,Nao,Nao,7.7,82.4,7.0,59.3,0,Em Risco
2,16,Masculino,Preta,Solteiro,"Ate 0,5 SM",Nao,Sim,Sim,Publica,Nao,Sim,8.1,93.7,7.5,83.0,0,Aprovado
3,17,Masculino,Preta,Solteiro,"Ate 0,5 SM",Nao,Sim,Sim,Publica,Nao,Sim,10.0,95.0,8.5,66.7,0,Aprovado
3,17,Feminino,Preta,Solteiro,"0,5-1 SM",Nao,Sim,Nao,Publica,Nao,Nao,6.3,78.6,6.4,81.2,0,Em Risco
3,17,Feminino,Parda,Solteiro,"Ate 0,5 SM",Nao,Sim,Nao,Publica,Nao,Sim,5.8,86.6,4.6,74.5,0,Em Risco
2,16,Masculino,Parda,Solteiro,"Ate 0,5 SM",Nao,Sim,Nao,Publica,Nao,Sim,7.6,92.9,6.7,64.3,0,Aprovado
1,15,Feminino,Parda,Solteiro,"Ate 0,5 SM",Nao,Sim,Sim,Publica,Nao,Sim,6.5,81.3,5.9,58.0,1,Em Risco
1,15,Masculino,Parda,Solteiro,"Ate 0,5 SM",Nao,Nao,Nao,Publica,Nao,Sim,6.2,94.0,5.7,84.1,0,Aprovado
3,17,Masculino,Parda,Solteiro,"Ate 0,5 SM",Nao,Sim,Nao,Publica,Nao,Sim,5.2,80.9,5.4,76.3,2,Em Risco
1,15,Feminino,Parda,Outro,"0,5-1 SM",Nao,Sim,Nao,Publica,Nao,Nao,7.2,80.5,5.5,70.2,0,Aprovado
3,17,Feminino,Parda,Solteiro,"Ate 0,5 SM",Nao,Nao,Nao,Publica,Nao,Nao,4.3,79.6,4.4,56.7,0,Reprovado
2,20,Masculino,Preta,Solteiro,Acima de 1 SM,Sim,Sim,Nao,Privada,Sim,Nao,5.7,74.9,4.4,32.3,2,Reprovado
2,16,Feminino,Parda,Solteiro,Acima de 1 SM,Nao,Sim,Nao,Publica,Nao,Nao,6.6,78.0,7.0,61.2,0,Em Risco
3,18,Feminino,Branca,Solteiro,Acima de 1 SM,Sim,Sim,Nao,Publica,Nao,Nao,5.6,73.4,4.7,44.8,2,Em Risco
2,19,Masculino,Parda,Solteiro,"0,5-1 SM",Nao,Sim,Nao,Publica,Sim,Nao,3.6,53.3,3.0,31.6,1,Reprovado
3,17,Feminino,Branca,Solteiro,"Ate 0,5 SM",Nao,Sim,Nao,Publica,Nao,Sim,4.2,81.7,5.4,73.9,0,Reprovado
3,17,Masculino,Parda,Solteiro,"Ate 0,5 SM",Nao,Sim,Nao,Publica,Nao,Nao,5.5,79.8,6.1,90.6,0,Em Risco
2,16,Feminino,Parda,Solteiro,"Ate 0,5 SM",Nao,Sim,Nao,Publica,Nao,Sim,7.2,100.0,7.2,87.0,0,Aprovado
1,17,Feminino,Parda,Solteiro,Acima de 1 SM,Nao,Sim,Nao,Publica,Sim,Nao,6.5,86.2,6.7,63.8,1,Em Risco
2,16,Masculino,Branca,Solteiro,"Ate 0,5 SM",Nao,Nao,Nao,Publica,Nao,Sim,6.2,83.1,4.4,62.2,0,Em Risco
3,17,Masculino,Parda,Solteiro,"Ate 0,5 SM",Sim,Sim,Nao,Publica,Nao,Sim,4.9,80.4,5.1,65.9,0,Em Risco
1,15,Masculino,Parda,Solteiro,"0,5-1 SM",Nao,Sim,Nao,Publica,Nao,Nao,6.9,84.5,7.4,56.8,0,Aprovado
2,16,Masculino,Branca,Solteiro,Acima de 1 SM,Sim,Sim,Sim,Publica,Nao,Nao,4.2,75.1,4.1,52.8,0,Reprovado
2,16,Masculino,Parda,Solteiro,"0,5-1 SM",Nao,Sim,Nao,Publica,Nao,Nao,3.3,64.7,3.3,45.2,2,Reprovado
3,17,Masculino,Parda,Solteiro,"0,5-1 SM",Nao,Sim,Sim,Publica,Nao,Nao,6.5,83.5,7.4,74.9,0,Aprovado
1,15,Feminino,Parda,Solteiro,"Ate 0,5 SM",Nao,Sim,Nao,Publica,Nao,Nao,5.7,91.9,6.1,63.8,1,Em Risco
3,17,Masculino,Preta,Casado/Uniao,"0,5-1 SM",Nao,Sim,Nao,Privada,Nao,Nao,7.9,87.5,6.3,59.9,0,Aprovado
3,17,Feminino,Parda,Solteiro,"Ate 0,5 SM",Sim,Sim,Nao,Publica,Nao,Sim,6.2,80.9,6.5,58.5,0,Em Risco
1,18,Feminino,Parda,Solteiro,Acima de 1 SM,Nao,Sim,Sim,Publica,Sim,Nao,8.6,98.9,7.2,73.3,1,Aprovado
1,15,Masculino,Parda,Solteiro,"Ate 0,5 SM",Nao,Sim,Nao,Privada,Nao,Nao,5.9,82.3,6.4,59.0,1,Em Risco
3,17,Feminino,Parda,Solteiro,"Ate 0,5 SM",Nao,Sim,Nao,Publica,Nao,Sim,7.1,82.2,7.1,80.1,1,Aprovado
1,15,Masculino,Preta,Solteiro,Acima de 1 SM,Nao,Sim,Nao,Publica,Nao,Nao,6.3,85.1,3.8,40.2,1,Em Risco
3,20,Masculino,Parda,Solteiro,"Ate 0,5 SM",Sim,Sim,Nao,Publica,Sim,Sim,7.2,83.6,5.9,33.6,1,Em Risco
2,16,Feminino,Parda,Solteiro,Acima de 1 SM,Nao,Sim,Sim,Publica,Nao,Nao,6.7,87.2,7.2,70.4,0,Aprovado
1,22,Masculino,Parda,Solteiro,Acima de 1 SM,Sim,Sim,Sim,Publica,Sim,Nao,7.1,98.5,5.6,71.7,1,Em Risco
3,20,Feminino,Parda,Solteiro,"0,5-1 SM",Nao,Sim,Nao,Privada,Sim,Nao,4.6,73.2,4.6,47.7,1,Reprovado
2,16,Feminino,Parda,Solteiro,"Ate 0,5 SM",Sim,Nao,Nao,Publica,Nao,Sim,5.2,86.1,4.2,51.3,1,Reprovado
2,16,Feminino,Parda,Solteiro,"Ate 0,5 SM",Sim,Nao,Sim,Privada,Nao,Sim,6.1,81.9,5.3,69.9,1,Em Risco
1,15,Feminino,Parda,Solteiro,Acima de 1 SM,Sim,Sim,Sim,Publica,Nao,Nao,8.2,81.4,7.1,52.9,1,Aprovado
2,20,Feminino,Branca,Solteiro,Acima de 1 SM,Sim,Sim,Nao,Publica,Sim,Nao,2.8,78.5,3.5,74.0,1,Reprovado
1,15,Masculino,Parda,Solteiro,"Ate 0,5 SM",Nao,Nao,Nao,Publica,Nao,Sim,5.8,83.9,7.2,74.9,1,Aprovado
2,20,Masculino,Parda,Solteiro,"Ate 0,5 SM",Sim,Sim,Nao,Privada,Sim,Sim,5.1,83.7,4.8,66.6,1,Reprovado
3,17,Feminino,Parda,Solteiro,"Ate 0,5 SM",Nao,Sim,Nao,Publica,Nao,Sim,3.7,82.9,4.0,80.4,1,Reprovado
1,15,Masculino,Parda,Solteiro,Acima de 1 SM,Nao,Sim,Sim,Publica,Nao,Nao,6.4,79.3,6.3,71.5,0,Em Risco
2,17,Masculino,Branca,Solteiro,"Ate 0,5 SM",Nao,Sim,Nao,Publica,Nao,Sim,4.4,83.2,6.0,81.0,1,Reprovado
1,15,Masculino,Parda,Solteiro,"Ate 0,5 SM",Nao,Sim,Nao,Publica,Nao,Sim,3.4,81.7,3.9,72.3,1,Reprovado
3,20,Feminino,Parda,Solteiro,"0,5-1 SM",Sim,Sim,Nao,Publica,Sim,Nao,5.1,68.1,6.6,50.1,1,Reprovado
1,15,Masculino,Preta,Solteiro,"Ate 0,5 SM",Sim,Sim,Nao,Publica,Nao,Sim,5.6,90.8,3.9,52.0,1,Em Risco
3,17,Feminino,Parda,Solteiro,Acima de 1 SM,Nao,Sim,Nao,Publica,Nao,Nao,6.3,90.9,5.6,52.3,1,Em Risco
2,16,Masculino,Parda,Solteiro,"Ate 0,5 SM",Nao,Sim,Nao,Privada,Nao,Sim,6.9,82.7,5.2,40.0,0,Aprovado
1,15,Masculino,Parda,Solteiro,"Ate 0,5 SM",Nao,Sim,Nao,Publica,Nao,Nao,5.3,78.8,4.8,62.0,2,Em Risco
1,18,Masculino,Parda,Solteiro,"Ate 0,5 SM",Nao,Sim,Sim,Publica,Sim,Sim,8.6,93.7,8.1,83.7,1,Aprovado
1,15,Masculino,Parda,Solteiro,"Ate 0,5 SM",Sim,Nao,Nao,Publica,Nao,Sim,5.7,90.6,5.9,83.7,1,Em Risco
2,16,Feminino,Parda,Solteiro,"Ate 0,5 SM",Nao,Sim,Nao,Privada,Nao,Nao,8.3,82.5,8.5,67.6,0,Aprovado
1,16,Masculino,Parda,Outro,"Ate 0,5 SM",Nao,Sim,Nao,Publica,Nao,Nao,4.3,95.9,4.2,78.1,1,Reprovado
3,21,Masculino,Parda,Solteiro,"Ate 0,5 SM",Nao,Sim,Nao,Publica,Sim,Sim,4.8,82.0,5.2,57.3,1,Em Risco
2,19,Feminino,Parda,Solteiro,Acima de 1 SM,Nao,Sim,Sim,Publica,Sim,Nao,7.3,92.0,6.6,65.1,1,Aprovado
1,15,Masculino,Branca,Solteiro,"Ate 0,5 SM",Nao,Nao,Sim,Publica,Nao,Nao,6.3,91.0,5.1,60.0,0,Em Risco
2,16,Masculino,Parda,Solteiro,Acima de 1 SM,Sim,Sim,Sim,Privada,Nao,Nao,5.3,76.2,5.1,41.9,1,Reprovado
2,16,Masculino,Branca,Solteiro,"0,5-1 SM",Nao,Sim,Nao,Privada,Nao,Nao,4.2,71.5,1.8,23.5,0,Reprovado
1,17,Feminino,Parda,Solteiro,"Ate 0,5 SM",Sim,Sim,Nao,Publica,Sim,Sim,6.4,83.4,5.8,66.1,1,Em Risco
1,15,Feminino,Branca,Solteiro,"Ate 0,5 SM",Sim,Sim,Sim,Publica,Nao,Sim,7.2,83.7,8.0,77.3,0,Aprovado
1,15,Masculino,Parda,Solteiro,"Ate 0,5 SM",Sim,Sim,Nao,Publica,Nao,Sim,6.3,86.1,6.2,64.8,1,Em Risco
3,17,Masculino,Parda,Solteiro,"Ate 0,5 SM",Nao,Sim,Nao,Publica,Nao,Nao,9.4,95.8,8.4,91.0,0,Aprovado
2,17,Masculino,Branca,Solteiro,"Ate 0,5 SM",Nao,Sim,Nao,Publica,Nao,Sim,5.0,81.7,4.4,82.2,0,Em Risco
2,18,Masculino,Branca,Solteiro,"Ate 0,5 SM",Sim,Sim,Nao,Publica,Sim,Sim,5.4,82.2,4.9,52.9,1,Reprovado
3,18,Feminino,Parda,Solteiro,"0,5-1 SM",Sim,Sim,Sim,Publica,Nao,Nao,4.6,78.0,5.5,54.3,1,Reprovado
3,17,Feminino,Parda,Solteiro,"Ate 0,5 SM",Nao,Sim,Nao,Privada,Nao,Sim,5.6,82.0,6.9,92.7,1,Em Risco
2,19,Masculino,Parda,Solteiro,"Ate 0,5 SM",Sim,Sim,Nao,Publica,Sim,Sim,7.1,86.4,7.4,68.6,1,Em Risco
3,17,Feminino,Branca,Solteiro,"Ate 0,5 SM",Sim,Sim,Sim,Publica,Nao,Nao,3.9,76.8,4.1,58.9,0,Reprovado
1,15,Masculino,Parda,Solteiro,"0,5-1 SM",Nao,Sim,Nao,Publica,Nao,Nao,7.3,88.8,5.0,34.1,0,Aprovado
1,15,Masculino,Preta,Solteiro,"Ate 0,5 SM",Nao,Sim,Nao,Publica,Nao,Sim,8.4,87.5,7.6,62.5,0,Aprovado
1,15,Masculino,Preta,Solteiro,Acima de 1 SM,Sim,Sim,Sim,Publica,Nao,Nao,7.6,88.4,6.5,48.9,0,Aprovado
1,15,Masculino,Branca,Solteiro,"Ate 0,5 SM",Nao,Sim,Nao,Publica,Nao,Sim,7.0,90.3,5.2,72.0,0,Aprovado
2,16,Feminino,Parda,Solteiro,Acima de 1 SM,Nao,Sim,Nao,Publica,Nao,Nao,6.0,87.5,4.9,59.8,1,Em Risco
3,17,Masculino,Parda,Solteiro,"Ate 0,5 SM",Nao,Sim,Nao,Publica,Nao,Sim,5.6,82.0,7.2,72.6,0,Em Risco
1,15,Masculino,Branca,Solteiro,Acima de 1 SM,Nao,Sim,Sim,Publica,Nao,Nao,4.1,67.9,4.1,58.4,0,Reprovado
1,17,Feminino,Parda,Solteiro,"0,5-1 SM",Nao,Sim,Nao,Privada,Sim,Nao,6.1,76.8,6.0,71.0,1,Reprovado
2,18,Feminino,Preta,Solteiro,"Ate 0,5 SM",Sim,Sim,Sim,Publica,Sim,Sim,5.3,81.8,3.9,60.4,1,Reprovado
3,17,Feminino,Parda,Solteiro,"Ate 0,5 SM",Nao,Sim,Sim,Privada,Nao,Sim,6.0,85.6,5.7,61.4,0,Em Risco
1,17,Feminino,Preta,Solteiro,"Ate 0,5 SM",Nao,Sim,Sim,Privada,Sim,Sim,6.4,88.5,5.8,73.6,1,Aprovado
2,17,Masculino,Parda,Solteiro,Acima de 1 SM,Nao,Sim,Nao,Privada,Nao,Nao,6.9,91.9,5.9,61.4,2,Aprovado
1,15,Feminino,Parda,Solteiro,"0,5-1 SM",Nao,Sim,Nao,Privada,Nao,Nao,5.8,79.1,5.1,51.8,0,Em Risco
1,15,Feminino,Preta,Solteiro,"Ate 0,5 SM",Nao,Sim,Nao,Publica,Nao,Nao,8.5,83.9,7.0,79.6,1,Aprovado
3,17,Feminino,Parda,Solteiro,"Ate 0,5 SM",Nao,Sim,Nao,Privada,Nao,Sim,7.5,94.6,5.0,49.7,0,Aprovado
3,17,Feminino,Preta,Solteiro,"Ate 0,5 SM",Nao,Sim,Nao,Publica,Nao,Sim,9.2,93.9,8.9,93.9,0,Aprovado
1,17,Masculino,Parda,Solteiro,"0,5-1 SM",Nao,Sim,Nao,Publica,Sim,Nao,5.8,80.1,5.0,38.3,1,Em Risco
3,17,Feminino,Parda,Solteiro,"0,5-1 SM",Nao,Sim,Sim,Publica,Nao,Nao,7.5,79.5,6.0,61.3,1,Aprovado
2,16,Masculino,Parda,Solteiro,"Ate 0,5 SM",Nao,Sim,Nao,Publica,Nao,Sim,5.3,82.5,6.1,61.6,2,Em Risco
3,17,Masculino,Parda,Solteiro,"Ate 0,5 SM",Sim,Sim,Nao,Publica,Nao,Sim,6.9,82.8,4.5,52.6,0,Aprovado
2,16,Masculino,Parda,Casado/Uniao,"Ate 0,5 SM",Sim,Sim,Nao,Publica,Nao,Sim,5.7,84.7,5.9,52.7,0,Em Risco
2,16,Feminino,Preta,Solteiro,"Ate 0,5 SM",Nao,Sim,Nao,Publica,Nao,Nao,5.1,73.8,6.1,63.4,0,Em Risco
2,19,Masculino,Branca,Solteiro,"Ate 0,5 SM",Nao,Sim,Sim,Publica,Sim,Sim,6.2,83.1,7.9,94.0,1,Aprovado
2,20,Feminino,Parda,Solteiro,"Ate 0,5 SM",Sim,Nao,Sim,Publica,Sim,Sim,5.2,80.2,2.6,39.1,1,Reprovado
1,20,Masculino,Parda,Solteiro,"Ate 0,5 SM",Sim,Sim,Nao,Publica,Sim,Sim,8.5,100.0,5.6,62.0,1,Aprovado
1,15,Feminino,Preta,Solteiro,Acima de 1 SM,Nao,Sim,Sim,Publica,Nao,Nao,7.6,86.6,7.9,86.6,0,Aprovado
1,17,Masculino,Preta,Solteiro,"0,5-1 SM",Sim,Sim,Sim,Publica,Sim,Nao,7.9,90.3,4.3,45.9,1,Aprovado
2,16,Feminino,Preta,Solteiro,Acima de 1 SM,Nao,Sim,Sim,Publica,Nao,Nao,8.5,87.9,6.7,61.6,0,Aprovado
1,16,Feminino,Preta,Solteiro,"Ate 0,5 SM",Nao,Sim,Nao,Publica,Nao,Sim,6.5,81.6,6.2,61.1,1,Aprovado
2,18,Masculino,Parda,Solteiro,Acima de 1 SM,Nao,Sim,Sim,Publica,Sim,Nao,5.9,76.7,4.3,63.9,1,Em Risco
3,18,Masculino,Parda,Solteiro,"0,5-1 SM",Sim,Sim,Sim,Publica,Nao,Nao,4.1,69.2,4.9,54.5,0,Reprovado
1,19,Feminino,Parda,Solteiro,"Ate 0,5 SM",Nao,Sim,Nao,Publica,Sim,Sim,4.8,82.7,3.9,59.8,1,Em Risco
2,21,Feminino,Parda,Solteiro,"Ate 0,5 SM",Sim,Sim,Nao,Publica,Sim,Sim,8.8,93.3,8.4,98.4,1,Aprovado
2,16,Feminino,Preta,Solteiro,"0,5-1 SM",Nao,Sim,Nao,Publica,Nao,Nao,6.1,76.4,6.0,67.7,2,Aprovado
3,17,Masculino,Parda,Solteiro,Acima de 1 SM,Nao,Sim,Sim,Privada,Nao,Nao,7.6,78.9,7.1,55.0,1,Aprovado
1,16,Feminino,Branca,Solteiro,"Ate 0,5 SM",Nao,Sim,Sim,Publica,Nao,Sim,4.2,81.6,5.1,74.4,0,Reprovado
2,16,Masculino,Branca,Solteiro,"Ate 0,5 SM",Nao,Sim,Nao,Publica,Nao,Sim,7.0,83.7,6.4,72.4,0,Aprovado
3,17,Feminino,Branca,Solteiro,"0,5-1 SM",Nao,Sim,Nao,Publica,Nao,Nao,7.9,98.4,7.1,69.3,0,Aprovado
3,17,Feminino,Branca,Solteiro,Acima de 1 SM,Sim,Sim,Sim,Publica,Nao,Nao,4.2,73.3,4.8,61.9,0,Reprovado
2,23,Masculino,Parda,Solteiro,"0,5-1 SM",Nao,Sim,Sim,Privada,Sim,Nao,6.9,88.7,7.4,74.2,1,Aprovado
2,16,Feminino,Branca,Solteiro,"Ate 0,5 SM",Nao,Sim,Sim,Publica,Nao,Sim,8.5,93.4,8.9,85.2,0,Aprovado
2,16,Feminino,Parda,Solteiro,"Ate 0,5 SM",Sim,Sim,Nao,Publica,Nao,Sim,8.2,94.6,6.2,55.9,0,Aprovado
3,17,Feminino,Parda,Solteiro,"Ate 0,5 SM",Nao,Sim,Nao,Publica,Nao,Nao,5.8,74.0,7.7,71.0,1,Reprovado
2,16,Masculino,Branca,Solteiro,Acima de 1 SM,Sim,Sim,Sim,Publica,Nao,Nao,7.6,80.6,6.8,68.1,0,Em Risco
1,16,Masculino,Parda,Solteiro,"0,5-1 SM",Sim,Sim,Sim,Publica,Nao,Nao,8.2,91.5,4.8,51.9,0,Aprovado
3,17,Feminino,Branca,Solteiro,"Ate 0,5 SM",Nao,Nao,Nao,Publica,Nao,Nao,6.7,88.0,5.2,62.0,1,Em Risco
2,16,Masculino,Preta,Solteiro,"Ate 0,5 SM",Nao,Sim,Nao,Publica,Nao,Nao,8.1,78.3,7.5,64.9,0,Em Risco
2,16,Masculino,Preta,Solteiro,Acima de 1 SM,Nao,Sim,Sim,Privada,Nao,Nao,7.1,82.9,4.9,51.4,1,Aprovado
1,15,Feminino,Parda,Solteiro,"0,5-1 SM",Nao,Sim,Nao,Publica,Nao,Nao,7.0,97.4,6.4,63.4,0,Aprovado
2,16,Masculino,Preta,Solteiro,Acima de 1 SM,Sim,Sim,Sim,Publica,Nao,Nao,5.7,82.7,3.4,39.3,1,Em Risco
2,16,Feminino,Parda,Solteiro,"Ate 0,5 SM",Sim,Sim,Sim,Publica,Nao,Sim,6.1,93.4,6.0,65.3,1,Em Risco
2,16,Masculino,Branca,Solteiro,"0,5-1 SM",Nao,Sim,Sim,Publica,Nao,Nao,7.4,83.2,6.3,55.4,0,Aprovado
1,16,Masculino,Parda,Solteiro,"0,5-1 SM",Nao,Sim,Nao,Publica,Nao,Nao,5.5,75.6,3.6,54.5,0,Reprovado
2,16,Feminino,Preta,Solteiro,"Ate 0,5 SM",Nao,Sim,Nao,Publica,Nao,Nao,6.2,87.8,5.6,62.3,0,Em Risco
3,17,Feminino,Parda,Solteiro,Acima de 1 SM,Nao,Sim,Nao,Publica,Nao,Nao,7.6,92.7,8.3,74.4,0,Aprovado
1,15,Feminino,Parda,Solteiro,"Ate 0,5 SM",Nao,Sim,Nao,Publica,Nao,Sim,9.1,97.2,6.9,95.1,0,Aprovado
3,17,Feminino,Parda,Solteiro,"0,5-1 SM",Nao,Sim,Nao,Publica,Nao,Nao,3.8,62.0,5.1,83.1,2,Reprovado
2,16,Feminino,Parda,Solteiro,Acima de 1 SM,Nao,Sim,Nao,Publica,Nao,Nao,9.2,100.0,8.1,74.6,0,Aprovado
3,18,Masculino,Preta,Solteiro,"Ate 0,5 SM",Sim,Sim,Nao,Publica,Nao,Sim,5.7,97.5,6.6,80.1,0,Aprovado
3,18,Masculino,Parda,Solteiro,"0,5-1 SM",Sim,Sim,Sim,Publica,Nao,Nao,7.6,78.3,7.8,48.3,0,Reprovado
2,17,Masculino,Parda,Solteiro,"Ate 0,5 SM",Nao,Sim,Nao,Publica,Nao,Sim,8.7,99.3,9.5,96.8,0,Aprovado
3,23,Feminino,Parda,Casado/Uniao,"0,5-1 SM",Nao,Sim,Nao,Publica,Sim,Nao,7.9,87.0,8.4,64.7,1,Aprovado
3,17,Masculino,Parda,Solteiro,Acima de 1 SM,Nao,Sim,Sim,Privada,Nao,Nao,6.2,79.6,6.6,63.2,0,Aprovado
2,16,Masculino,Parda,Solteiro,"0,5-1 SM",Nao,Sim,Nao,Publica,Nao,Nao,6.2,83.3,5.8,48.1,0,Em Risco
1,15,Masculino,Branca,Solteiro,"0,5-1 SM",Nao,Sim,Sim,Publica,Nao,Nao,6.7,76.5,5.9,63.0,0,Reprovado
2,16,Masculino,Parda,Solteiro,"Ate 0,5 SM",Nao,Sim,Nao,Publica,Nao,Sim,6.0,83.6,5.7,70.0,2,Aprovado
3,17,Masculino,Parda,Solteiro,"Ate 0,5 SM",Nao,Sim,Nao,Publica,Nao,Sim,8.2,83.7,7.3,58.7,0,Aprovado
3,19,Feminino,Parda,Solteiro,"Ate 0,5 SM",Sim,Sim,Nao,Privada,Sim,Nao,5.5,81.5,4.3,42.4,1,Reprovado
3,17,Masculino,Parda,Solteiro,"0,5-1 SM",Nao,Sim,Nao,Publica,Nao,Nao,4.3,87.4,1.9,38.6,1,Reprovado
2,16,Feminino,Parda,Solteiro,"Ate 0,5 SM",Nao,Sim,Nao,Publica,Nao,Sim,5.6,82.2,5.1,60.0,0,Em Risco
3,17,Feminino,Parda,Solteiro,"0,5-1 SM",Sim,Sim,Nao,Publica,Nao,Nao,3.9,69.9,5.1,54.5,0,Reprovado
1,19,Masculino,Branca,Solteiro,"Ate 0,5 SM",Sim,Nao,Nao,Publica,Sim,Sim,4.9,82.2,4.9,66.9,1,Reprovado
2,16,Feminino,Parda,Solteiro,"0,5-1 SM",Nao,Sim,Nao,Publica,Nao,Nao,7.3,93.6,6.6,67.8,0,Aprovado
1,15,Masculino,Parda,Outro,"Ate 0,5 SM",Nao,Sim,Nao,Publica,Nao,Nao,5.6,81.5,5.2,75.5,1,Em Risco
1,15,Feminino,Parda,Solteiro,"0,5-1 SM",Nao,Sim,Nao,Publica,Nao,Nao,5.9,86.4,5.8,69.1,0,Em Risco
1,15,Feminino,Parda,Solteiro,"0,5-1 SM",Nao,Sim,Sim,Privada,Nao,Nao,6.6,80.4,7.1,63.2,0,Em Risco
2,16,Feminino,Branca,Casado/Uniao,Acima de 1 SM,Nao,Sim,Sim,Publica,Nao,Nao,7.2,89.3,7.8,79.3,0,Aprovado
2,16,Feminino,Parda,Solteiro,"0,5-1 SM",Nao,Sim,Sim,Publica,Nao,Nao,7.5,66.0,6.8,43.3,0,Reprovado
2,16,Masculino,Branca,Solteiro,"0,5-1 SM",Sim,Sim,Nao,Publica,Nao,Nao,7.0,90.2,5.1,54.7,0,Aprovado
2,16,Masculino,Parda,Solteiro,Acima de 1 SM,Nao,Sim,Sim,Publica,Nao,Nao,9.9,91.8,9.6,87.7,0,Aprovado
1,17,Feminino,Parda,Casado/Uniao,"0,5-1 SM",Nao,Sim,Sim,Publica,Sim,Nao,6.4,80.6,6.3,43.1,1,Aprovado
1,15,Masculino,Parda,Outro,"Ate 0,5 SM",Nao,Sim,Nao,Publica,Nao,Sim,7.4,94.4,5.5,66.9,0,Aprovado
1,15,Masculino,Parda,Solteiro,Acima de 1 SM,Sim,Sim,Sim,Privada,Nao,Nao,4.6,64.3,3.2,51.8,1,Reprovado
1,15,Masculino,Parda,Solteiro,"0,5-1 SM",Sim,Sim,Sim,Publica,Nao,Nao,5.9,87.2,4.3,48.1,1,Em Risco
2,16,Feminino,Parda,Solteiro,"Ate 0,5 SM",Nao,Sim,Sim,Publica,Nao,Sim,6.4,84.1,5.0,49.0,1,Aprovado
2,18,Masculino,Parda,Solteiro,"0,5-1 SM",Nao,Sim,Nao,Publica,Sim,Nao,4.6,83.4,5.3,76.0,1,Reprovado
2,19,Feminino,Parda,Solteiro,Acima de 1 SM,Sim,Sim,Sim,Publica,Sim,Nao,5.3,71.6,6.6,69.5,1,Reprovado
2,16,Masculino,Parda,Solteiro,Acima de 1 SM,Nao,Sim,Sim,Publica,Nao,Nao,6.9,73.1,5.6,40.7,0,Reprovado
1,17,Masculino,Parda,Solteiro,Acima de 1 SM,Nao,Sim,Sim,Publica,Sim,Nao,5.8,79.6,4.7,52.2,2,Em Risco
3,17,Feminino,Branca,Solteiro,"Ate 0,5 SM",Sim,Sim,Nao,Publica,Nao,Sim,9.4,100.0,10.0,97.9,0,Aprovado
2,16,Masculino,Parda,Solteiro,"Ate 0,5 SM",Nao,Sim,Nao,Publica,Nao,Sim,7.1,92.5,6.0,74.0,0,Aprovado
2,16,Feminino,Preta,Solteiro,"Ate 0,5 SM",Nao,Sim,Nao,Publica,Nao,Sim,9.1,90.1,8.7,77.0,0,Aprovado
1,19,Masculino,Parda,Solteiro,"Ate 0,5 SM",Nao,Sim,Nao,Privada,Sim,Nao,8.0,79.8,6.1,50.2,1,Aprovado
1,17,Masculino,Parda,Solteiro,Acima de 1 SM,Nao,Sim,Sim,Publica,Sim,Nao,5.6,76.9,6.7,45.0,1,Reprovado
2,16,Masculino,Parda,Solteiro,"Ate 0,5 SM",Nao,Sim,Nao,Publica,Nao,Sim,6.5,88.6,6.6,65.4,1,Aprovado
2,16,Feminino,Parda,Solteiro,"0,5-1 SM",Nao,Sim,Nao,Publica,Nao,Nao,5.9,83.3,5.0,64.5,0,Em Risco
2,16,Feminino,Parda,Solteiro,"0,5-1 SM",Nao,Sim,Sim,Publica,Nao,Nao,6.6,93.8,3.9,57.8,0,Em Risco
2,16,Feminino,Parda,Solteiro,"0,5-1 SM",Nao,Sim,Nao,Publica,Nao,Nao,5.2,74.4,3.9,51.1,2,Em Risco
2,16,Masculino,Parda,Casado/Uniao,"Ate 0,5 SM",Nao,Sim,Nao,Publica,Nao,Sim,5.9,80.6,5.4,63.5,0,Em Risco
3,18,Feminino,Parda,Solteiro,"Ate 0,5 SM",Sim,Sim,Nao,Publica,Nao,Sim,6.5,92.8,3.4,47.5,0,Em Risco
3,17,Feminino,Branca,Solteiro,"Ate 0,5 SM",Nao,Sim,Nao,Publica,Nao,Sim,6.9,88.3,6.4,67.8,0,Aprovado
3,17,Feminino,Parda,Solteiro,"Ate 0,5 SM",Nao,Sim,Nao,Publica,Nao,Sim,6.8,88.4,5.5,40.6,0,Aprovado
3,19,Feminino,Parda,Outro,Acima de 1 SM,Nao,Sim,Sim,Publica,Sim,Nao,6.4,87.6,7.8,79.0,1,Aprovado
1,18,Feminino,Parda,Solteiro,"0,5-1 SM",Sim,Sim,Nao,Publica,Sim,Nao,6.6,91.7,6.9,77.7,1,Em Risco
1,15,Masculino,Branca,Solteiro,"Ate 0,5 SM",Nao,Sim,Nao,Publica,Nao,Sim,6.1,83.8,3.9,55.1,1,Em Risco
1,15,Feminino,Parda,Solteiro,Acima de 1 SM,Nao,Sim,Sim,Publica,Nao,Nao,8.8,100.0,7.6,86.0,0,Aprovado
2,16,Masculino,Parda,Solteiro,"Ate 0,5 SM",Nao,Sim,Nao,Privada,Nao,Sim,4.2,82.4,3.7,27.2,0,Reprovado
3,18,Feminino,Branca,Solteiro,"0,5-1 SM",Sim,Sim,Sim,Publica,Nao,Nao,7.2,82.3,6.6,35.6,0,Em Risco
1,15,Masculino,Preta,Solteiro,"Ate 0,5 SM",Nao,Sim,Nao,Publica,Nao,Sim,7.1,86.5,5.2,53.1,0,Em Risco
3,21,Masculino,Parda,Solteiro,"0,5-1 SM",Sim,Sim,Nao,Publica,Sim,Nao,4.6,78.0,4.7,47.5,2,Reprovado
1,16,Masculino,Parda,Solteiro,"Ate 0,5 SM",Sim,Sim,Nao,Publica,Nao,Sim,5.5,82.0,5.2,48.0,0,Reprovado
3,17,Masculino,Branca,Solteiro,"Ate 0,5 SM",Nao,Sim,Nao,Publica,Nao,Nao,7.1,91.6,6.7,74.8,0,Aprovado
1,16,Masculino,Branca,Solteiro,"Ate 0,5 SM",Nao,Sim,Nao,Publica,Nao,Sim,9.2,93.6,8.7,96.4,0,Aprovado
1,15,Feminino,Parda,Solteiro,"Ate 0,5 SM",Nao,Sim,Sim,Publica,Nao,Nao,4.5,76.2,2.4,44.7,0,Reprovado
2,16,Feminino,Parda,Solteiro,"0,5-1 SM",Nao,Sim,Nao,Privada,Nao,Nao,7.4,97.0,5.2,69.0,0,Aprovado
1,15,Feminino,Parda,Solteiro,"Ate 0,5 SM",Nao,Sim,Nao,Publica,Nao,Sim,5.9,84.4,4.5,52.1,1,Em Risco
1,15,Feminino,Parda,Solteiro,"0,5-1 SM",Nao,Sim,Nao,Publica,Nao,Nao,7.9,90.4,7.0,75.7,0,Aprovado
1,16,Masculino,Preta,Solteiro,"0,5-1 SM",Nao,Sim,Nao,Privada,Nao,Nao,4.2,71.7,7.3,71.8,1,Em Risco
3,17,Feminino,Parda,Solteiro,"0,5-1 SM",Nao,Sim,Sim,Publica,Nao,Nao,10.0,99.0,5.8,41.8,0,Aprovado
2,16,Masculino,Branca,Solteiro,"0,5-1 SM",Nao,Sim,Sim,Publica,Nao,Nao,5.6,81.1,4.8,43.1,1,Em Risco
1,19,Feminino,Preta,Solteiro,"Ate 0,5 SM",Nao,Sim,Nao,Publica,Sim,Sim,7.8,100.0,7.8,80.8,1,Aprovado
2,20,Masculino,Parda,Solteiro,"Ate 0,5 SM",Sim,Sim,Nao,Publica,Sim,Sim,5.4,81.9,5.8,70.4,1,Em Risco
3,17,Masculino,Parda,Solteiro,Acima de 1 SM,Sim,Sim,Sim,Publica,Nao,Nao,5.5,73.9,5.0,47.2,1,Reprovado
1,15,Masculino,Parda,Solteiro,"0,5-1 SM",Nao,Sim,Nao,Publica,Nao,Nao,6.8,93.0,6.7,89.4,1,Aprovado
2,16,Masculino,Parda,Solteiro,"0,5-1 SM",Sim,Sim,Nao,Publica,Nao,Nao,7.3,83.5,6.1,50.9,0,Em Risco
1,15,Masculino,Preta,Solteiro,"0,5-1 SM",Nao,Sim,Sim,Publica,Nao,Nao,4.8,76.4,6.4,77.3,0,Em Risco
1,15,Masculino,Parda,Solteiro,"Ate 0,5 SM",Sim,Sim,Nao,Publica,Nao,Sim,6.9,83.8,7.3,79.1,1,Aprovado
2,16,Feminino,Parda,Solteiro,"0,5-1 SM",Nao,Sim,Nao,Publica,Nao,Nao,6.4,72.0,6.4,68.9,0,Reprovado
1,15,Feminino,Parda,Solteiro,Acima de 1 SM,Nao,Sim,Sim,Publica,Nao,Nao,7.8,90.5,6.1,73.2,0,Aprovado
2,16,Masculino,Branca,Solteiro,"Ate 0,5 SM",Nao,Sim,Nao,Publica,Nao,Sim,6.5,92.3,6.2,80.4,0,Aprovado
2,18,Masculino,Parda,Solteiro,Acima de 1 SM,Nao,Sim,Sim,Publica,Sim,Nao,5.7,79.0,4.9,62.5,1,Em Risco
1,18,Feminino,Parda,Solteiro,"Ate 0,5 SM",Sim,Sim,Nao,Publica,Sim,Nao,4.0,61.6,4.2,54.0,1,Reprovado
2,16,Masculino,Preta,Solteiro,"Ate 0,5 SM",Nao,Nao,Nao,Publica,Nao,Nao,7.1,86.7,5.9,71.8,1,Aprovado
1,15,Feminino,Parda,Solteiro,Acima de 1 SM,Sim,Sim,Nao,Publica,Nao,Nao,7.1,81.0,4.6,45.4,0,Aprovado
3,22,Masculino,Preta,Outro,"0,5-1 SM",Nao,Sim,Nao,Publica,Sim,Nao,6.8,67.4,5.8,46.2,1,Reprovado
2,18,Feminino,Parda,Solteiro,Acima de 1 SM,Nao,Sim,Nao,Publica,Sim,Nao,6.7,83.4,4.4,45.9,1,Em Risco
3,17,Feminino,Outra,Solteiro,Acima de 1 SM,Nao,Sim,Sim,Publica,Nao,Nao,8.2,94.9,6.4,63.8,0,Aprovado
2,16,Feminino,Parda,Solteiro,"Ate 0,5 SM",Nao,Sim,Nao,Privada,Nao,Sim,8.6,97.3,9.8,95.6,0,Aprovado
1,15,Feminino,Parda,Solteiro,"0,5-1 SM",Sim,Sim,Nao,Publica,Nao,Nao,3.6,80.5,4.0,64.8,0,Reprovado
2,16,Masculino,Parda,Solteiro,"Ate 0,5 SM",Sim,Sim,Nao,Publica,Nao,Sim,3.0,81.1,4.3,68.5,1,Reprovado
3,18,Masculino,Parda,Solteiro,"Ate 0,5 SM",Sim,Sim,Nao,Publica,Nao,Sim,8.2,99.6,7.5,79.9,0,Aprovado
2,16,Feminino,Parda,Solteiro,"Ate 0,5 SM",Nao,Sim,Nao,Publica,Nao,Sim,4.7,80.1,4.9,61.3,0,Em Risco
3,17,Feminino,Parda,Solteiro,"0,5-1 SM",Nao,Sim,Sim,Privada,Nao,Nao,5.5,89.1,6.1,77.6,2,Em Risco
3,18,Masculino,Branca,Solteiro,"Ate 0,5 SM",Sim,Sim,Nao,Privada,Nao,Sim,5.8,90.0,4.6,36.7,0,Em Risco
1,15,Feminino,Branca,Casado/Uniao,"0,5-1 SM",Nao,Sim,Nao,Publica,Nao,Nao,4.3,70.3,4.5,35.9,1,Reprovado
1,15,Masculino,Parda,Solteiro,"0,5-1 SM",Sim,Sim,Nao,Publica,Nao,Nao,5.5,82.8,4.0,52.4,0,Reprovado
2,18,Masculino,Parda,Solteiro,"Ate 0,5 SM",Sim,Sim,Nao,Publica,Sim,Sim,4.2,82.5,3.1,58.7,1,Reprovado
2,16,Feminino,Parda,Solteiro,"0,5-1 SM",Nao,Sim,Sim,Publica,Nao,Nao,6.5,92.7,4.7,63.9,1,Em Risco
3,18,Masculino,Branca,Solteiro,"Ate 0,5 SM",Nao,Sim,Nao,Publica,Nao,Sim,6.8,85.7,6.4,66.4,0,Aprovado
3,18,Feminino,Parda,Solteiro,"Ate 0,5 SM",Nao,Sim,Nao,Publica,Nao,Sim,6.0,82.5,6.3,83.2,0,Aprovado
1,15,Masculino,Parda,Solteiro,"0,5-1 SM",Nao,Sim,Sim,Publica,Nao,Nao,6.3,79.0,6.0,74.6,0,Em Risco
1,15,Masculino,Preta,Solteiro,"Ate 0,5 SM",Nao,Sim,Sim,Publica,Nao,Sim,7.1,94.1,6.9,69.4,0,Aprovado
3,20,Feminino,Preta,Solteiro,Acima de 1 SM,Nao,Sim,Sim,Publica,Sim,Nao,7.8,77.0,5.8,60.2,1,Reprovado
1,15,Feminino,Parda,Solteiro,"0,5-1 SM",Nao,Sim,Nao,Publica,Nao,Nao,8.5,73.5,5.1,27.1,0,Reprovado
3,17,Masculino,Branca,Solteiro,"Ate 0,5 SM",Nao,Sim,Nao,Publica,Nao,Sim,6.2,89.4,5.4,64.2,0,Em Risco
2,17,Masculino,Branca,Solteiro,"0,5-1 SM",Nao,Sim,Sim,Publica,Nao,Nao,9.2,97.8,6.5,71.2,0,Aprovado
2,16,Masculino,Parda,Solteiro,"Ate 0,5 SM",Nao,Sim,Nao,Publica,Nao,Sim,7.6,90.6,6.8,61.7,1,Aprovado
1,18,Masculino,Parda,Solteiro,"Ate 0,5 SM",Nao,Sim,Nao,Publica,Sim,Nao,4.3,79.5,4.2,53.9,1,Reprovado
2,16,Feminino,Outra,Solteiro,"Ate 0,5 SM",Nao,Sim,Nao,Publica,Nao,Nao,4.8,79.5,5.5,56.0,1,Reprovado
2,20,Feminino,Parda,Solteiro,"Ate 0,5 SM",Nao,Sim,Nao,Publica,Sim,Sim,5.1,81.6,3.7,43.5,2,Reprovado
2,16,Masculino,Parda,Solteiro,"Ate 0,5 SM",Nao,Sim,Nao,Publica,Nao,Sim,8.3,96.3,6.6,82.7,0,Aprovado
1,15,Masculino,Parda,Casado/Uniao,Acima de 1 SM,Sim,Sim,Sim,Publica,Nao,Nao,5.9,76.5,6.6,66.6,0,Em Risco
3,19,Feminino,Branca,Solteiro,"Ate 0,5 SM",Nao,Sim,Nao,Publica,Sim,Sim,3.4,82.1,4.1,61.5,2,Reprovado
3,17,Feminino,Preta,Solteiro,"0,5-1 SM",Nao,Sim,Sim,Publica,Nao,Nao,6.5,77.0,5.2,48.5,0,Aprovado
1,20,Feminino,Parda,Solteiro,"Ate 0,5 SM",Nao,Sim,Nao,Publica,Sim,Nao,3.3,79.6,4.1,53.8,1,Reprovado
1,20,Feminino,Branca,Solteiro,"Ate 0,5 SM",Nao,Sim,Nao,Publica,Sim,Sim,4.5,83.1,4.5,50.7,1,Reprovado
1,15,Masculino,Preta,Solteiro,"Ate 0,5 SM",Nao,Sim,Nao,Publica,Nao,Sim,5.7,82.7,6.1,80.5,0,Em Risco
2,16,Masculino,Branca,Solteiro,"0,5-1 SM",Nao,Sim,Nao,Publica,Nao,Nao,6.6,81.8,4.8,54.5,2,Em Risco
2,17,Feminino,Parda,Solteiro,"Ate 0,5 SM",Nao,Sim,Nao,Publica,Nao,Sim,7.8,87.2,7.3,79.4,0,Aprovado
2,16,Feminino,Parda,Solteiro,"Ate 0,5 SM",Nao,Sim,Nao,Privada,Nao,Sim,7.5,84.6,6.4,62.7,0,Aprovado
1,16,Masculino,Preta,Solteiro,"Ate 0,5 SM",Nao,Sim,Nao,Publica,Nao,Sim,4.9,83.0,6.2,79.8,1,Em Risco
2,16,Masculino,Parda,Solteiro,"0,5-1 SM",Sim,Sim,Nao,Publica,Nao,Nao,5.5,81.6,3.9,38.0,1,Em Risco
2,19,Masculino,Preta,Solteiro,"Ate 0,5 SM",Nao,Nao,Nao,Publica,Sim,Sim,5.7,83.8,5.3,53.4,1,Em Risco
2,19,Feminino,Branca,Solteiro,"0,5-1 SM",Nao,Sim,Nao,Publica,Sim,Nao,5.6,74.7,3.8,73.2,2,Reprovado
3,17,Masculino,Parda,Solteiro,"Ate 0,5 SM",Sim,Sim,Nao,Publica,Nao,Nao,5.6,77.8,4.3,60.5,1,Em Risco
1,16,Masculino,Branca,Solteiro,"0,5-1 SM",Sim,Sim,Sim,Privada,Nao,Nao,4.3,82.8,1.7,44.7,0,Reprovado
2,16,Feminino,Parda,Solteiro,"Ate 0,5 SM",Nao,Sim,Nao,Publica,Nao,Sim,5.0,80.1,5.1,62.3,1,Em Risco
2,16,Masculino,Parda,Solteiro,"Ate 0,5 SM",Nao,Sim,Nao,Publica,Nao,Nao,5.9,92.7,4.7,71.7,0,Em Risco
2,16,Masculino,Parda,Solteiro,"Ate 0,5 SM",Nao,Sim,Nao,Publica,Nao,Nao,2.4,79.6,3.8,55.3,1,Reprovado
3,19,Masculino,Parda,Solteiro,Acima de 1 SM,Sim,Sim,Nao,Publica,Sim,Nao,6.5,81.9,5.6,69.4,1,Em Risco
2,20,Masculino,Parda,Solteiro,"Ate 0,5 SM",Sim,Sim,Nao,Privada,Sim,Sim,3.8,82.6,2.9,35.1,1,Reprovado
3,17,Masculino,Branca,Solteiro,Acima de 1 SM,Nao,Sim,Nao,Publica,Nao,Nao,7.5,74.8,5.0,36.1,0,Reprovado
1,15,Feminino,Preta,Solteiro,"Ate 0,5 SM",Nao,Sim,Nao,Publica,Nao,Sim,9.5,98.7,9.8,88.9,0,Aprovado
1,15,Feminino,Parda,Solteiro,"Ate 0,5 SM",Nao,Sim,Nao,Publica,Nao,Sim,5.7,93.6,6.8,67.7,0,Em Risco
3,22,Masculino,Preta,Solteiro,"Ate 0,5 SM",Sim,Sim,Nao,Privada,Sim,Sim,9.6,94.0,9.2,99.6,1,Aprovado
2,16,Masculino,Parda,Solteiro,"Ate 0,5 SM",Nao,Sim,Nao,Publica,Nao,Sim,7.4,82.0,6.9,67.0,0,Aprovado
1,18,Feminino,Parda,Outro,Acima de 1 SM,Nao,Sim,Sim,Publica,Sim,Nao,6.0,86.0,4.3,81.6,1,Em Risco
1,18,Masculino,Parda,Solteiro,"0,5-1 SM",Nao,Sim,Sim,Publica,Sim,Nao,5.7,90.1,5.3,65.3,1,Em Risco
1,15,Masculino,Parda,Solteiro,"0,5-1 SM",Nao,Sim,Nao,Publica,Nao,Nao,7.9,99.8,7.5,63.4,2,Aprovado
3,17,Feminino,Branca,Solteiro,"0,5-1 SM",Nao,Sim,Nao,Publica,Nao,Nao,6.8,75.3,5.9,56.4,1,Em Risco
1,15,Masculino,Parda,Solteiro,"Ate 0,5 SM",Nao,Sim,Nao,Publica,Nao,Nao,7.8,96.1,4.9,66.3,1,Aprovado
1,17,Masculino,Preta,Solteiro,Acima de 1 SM,Nao,Sim,Sim,Publica,Sim,Nao,3.3,79.7,4.5,43.4,1,Reprovado
1,16,Masculino,Preta,Solteiro,"Ate 0,5 SM",Sim,Sim,Nao,Publica,Nao,Sim,6.1,83.9,4.3,52.5,0,Em Risco
1,15,Feminino,Branca,Solteiro,"0,5-1 SM",Nao,Sim,Nao,Publica,Nao,Nao,4.4,63.7,3.2,46.8,0,Reprovado
1,15,Masculino,Parda,Outro,"Ate 0,5 SM",Sim,Sim,Nao,Publica,Nao,Sim,6.0,88.0,5.1,59.9,0,Em Risco
2,17,Masculino,Parda,Solteiro,Acima de 1 SM,Nao,Sim,Nao,Publica,Nao,Nao,7.6,95.2,8.6,90.8,1,Aprovado
1,18,Masculino,Parda,Solteiro,"0,5-1 SM",Sim,Sim,Nao,Privada,Sim,Nao,7.9,88.8,5.8,45.4,1,Aprovado
3,17,Feminino,Outra,Solteiro,Acima de 1 SM,Nao,Sim,Sim,Publica,Nao,Nao,5.8,72.0,5.2,70.1,0,Reprovado
1,16,Masculino,Parda,Solteiro,"Ate 0,5 SM",Nao,Sim,Nao,Publica,Nao,Sim,5.8,88.1,4.4,53.1,0,Em Risco
2,21,Masculino,Parda,Solteiro,"Ate 0,5 SM",Nao,Sim,Nao,Publica,Sim,Nao,5.8,74.7,3.5,44.6,1,Reprovado
3,17,Feminino,Parda,Solteiro,"Ate 0,5 SM",Nao,Sim,Nao,Publica,Nao,Sim,5.2,83.4,5.4,68.1,0,Em Risco
2,20,Feminino,Parda,Solteiro,"0,5-1 SM",Sim,Sim,Nao,Publica,Sim,Nao,6.7,94.4,4.1,37.9,1,Em Risco
2,16,Masculino,Parda,Solteiro,"0,5-1 SM",Nao,Sim,Sim,Publica,Nao,Nao,6.7,73.4,5.7,46.9,0,Reprovado
1,15,Masculino,Parda,Solteiro,"Ate 0,5 SM",Nao,Nao,Nao,Publica,Nao,Sim,6.4,90.4,4.7,53.9,0,Em Risco
1,15,Masculino,Parda,Solteiro,"Ate 0,5 SM",Nao,Sim,Nao,Publica,Nao,Sim,7.3,87.5,7.1,61.0,0,Aprovado
2,16,Feminino,Parda,Solteiro,"Ate 0,5 SM",Nao,Sim,Sim,Publica,Nao,Sim,6.7,85.0,6.1,63.1,1,Aprovado
3,17,Masculino,Parda,Solteiro,Acima de 1 SM,Nao,Sim,Sim,Publica,Nao,Nao,5.9,83.8,5.9,76.4,2,Aprovado
2,17,Masculino,Parda,Solteiro,"Ate 0,5 SM",Nao,Sim,Nao,Publica,Nao,Sim,9.3,99.6,9.1,97.6,0,Aprovado
2,16,Masculino,Parda,Solteiro,"0,5-1 SM",Nao,Sim,Nao,Publica,Nao,Nao,5.3,70.0,4.2,23.4,0,Reprovado
3,18,Masculino,Branca,Solteiro,"Ate 0,5 SM",Nao,Sim,Nao,Publica,Nao,Sim,6.6,81.5,5.3,66.6,0,Em Risco
2,17,Masculino,Parda,Solteiro,"Ate 0,5 SM",Nao,Sim,Nao,Publica,Nao,Sim,7.7,99.2,7.4,85.0,1,Aprovado
1,15,Masculino,Branca,Solteiro,Acima de 1 SM,Nao,Sim,Nao,Publica,Nao,Nao,5.1,74.2,6.0,82.4,1,Reprovado
2,19,Feminino,Parda,Solteiro,"Ate 0,5 SM",Nao,Sim,Nao,Publica,Sim,Sim,3.9,82.1,3.9,66.0,1,Reprovado
3,17,Feminino,Branca,Solteiro,"Ate 0,5 SM",Nao,Sim,Nao,Publica,Nao,Sim,9.4,98.0,8.9,98.4,0,Aprovado
1,16,Masculino,Parda,Solteiro,"Ate 0,5 SM",Nao,Sim,Nao,Publica,Nao,Sim,5.5,81.2,6.1,74.7,2,Em Risco
2,16,Masculino,Parda,Solteiro,"Ate 0,5 SM",Sim,Sim,Nao,Publica,Nao,Nao,6.0,85.2,5.9,73.5,1,Em Risco
1,15,Feminino,Parda,Solteiro,"0,5-1 SM",Nao,Sim,Sim,Publica,Nao,Nao,7.2,88.8,5.7,39.2,1,Aprovado
2,16,Masculino,Preta,Solteiro,"Ate 0,5 SM",Nao,Sim,Nao,Publica,Nao,Sim,3.7,80.5,3.7,62.0,2,Reprovado
1,15,Feminino,Parda,Solteiro,"0,5-1 SM",Nao,Sim,Nao,Publica,Nao,Nao,7.3,89.2,6.6,59.9,1,Aprovado
2,16,Feminino,Parda,Solteiro,"Ate 0,5 SM",Nao,Sim,Nao,Publica,Nao,Sim,4.9,80.9,4.3,63.4,0,Em Risco
3,17,Masculino,Parda,Solteiro,Acima de 1 SM,Sim,Sim,Sim,Publica,Nao,Nao,6.5,90.2,7.2,53.7,2,Aprovado
1,15,Masculino,Parda,Solteiro,"0,5-1 SM",Nao,Sim,Nao,Publica,Nao,Nao,5.6,87.2,5.5,46.3,1,Em Risco
2,16,Masculino,Parda,Solteiro,Acima de 1 SM,Nao,Sim,Sim,Publica,Nao,Nao,6.3,87.1,6.6,73.2,0,Aprovado
3,18,Feminino,Parda,Solteiro,Acima de 1 SM,Nao,Sim,Nao,Publica,Nao,Nao,8.9,92.1,7.6,57.2,0,Aprovado
3,17,Feminino,Parda,Solteiro,"Ate 0,5 SM",Nao,Sim,Nao,Publica,Nao,Sim,6.9,87.3,6.7,68.4,1,Aprovado
1,22,Feminino,Parda,Solteiro,"Ate 0,5 SM",Nao,Sim,Nao,Privada,Sim,Sim,7.2,98.9,4.5,50.5,1,Aprovado
2,16,Feminino,Branca,Solteiro,"0,5-1 SM",Nao,Sim,Nao,Publica,Nao,Nao,6.6,92.2,5.5,81.9,1,Em Risco
1,15,Masculino,Parda,Solteiro,"Ate 0,5 SM",Nao,Sim,Sim,Privada,Nao,Sim,7.8,100.0,5.5,65.0,0,Aprovado
3,21,Feminino,Parda,Solteiro,"Ate 0,5 SM",Sim,Sim,Nao,Publica,Sim,Sim,6.0,82.4,6.6,81.9,1,Em Risco
3,19,Feminino,Branca,Solteiro,"Ate 0,5 SM",Nao,Sim,Nao,Publica,Sim,Sim,6.2,82.6,4.7,51.3,1,Em Risco
2,17,Feminino,Parda,Solteiro,"Ate 0,5 SM",Nao,Sim,Nao,Publica,Nao,Sim,7.9,92.7,8.2,77.8,0,Aprovado
3,17,Masculino,Parda,Solteiro,"Ate 0,5 SM",Nao,Nao,Nao,Publica,Nao,Nao,6.4,85.4,3.7,41.7,1,Em Risco
2,17,Feminino,Branca,Solteiro,"Ate 0,5 SM",Nao,Sim,Nao,Publica,Nao,Sim,9.4,98.3,7.1,60.0,0,Aprovado
2,16,Feminino,Parda,Solteiro,"Ate 0,5 SM",Nao,Sim,Nao,Publica,Nao,Nao,7.7,86.4,5.6,50.4,1,Aprovado
1,17,Feminino,Parda,Solteiro,"0,5-1 SM",Nao,Sim,Sim,Publica,Sim,Nao,4.8,83.1,2.5,15.5,1,Reprovado
3,17,Feminino,Branca,Casado/Uniao,"Ate 0,5 SM",Nao,Sim,Nao,Privada,Nao,Sim,6.4,84.0,7.3,68.9,2,Aprovado
1,15,Feminino,Branca,Solteiro,Acima de 1 SM,Nao,Sim,Sim,Privada,Nao,Nao,7.7,80.9,6.9,51.0,0,Aprovado
3,22,Feminino,Parda,Solteiro,"Ate 0,5 SM",Sim,Sim,Nao,Publica,Sim,Sim,5.5,81.3,5.2,80.5,1,Em Risco
3,18,Feminino,Parda,Solteiro,"0,5-1 SM",Nao,Sim,Nao,Privada,Nao,Nao,7.5,89.6,7.1,61.5,1,Aprovado
2,16,Feminino,Parda,Solteiro,"Ate 0,5 SM",Sim,Sim,Nao,Publica,Nao,Sim,7.0,100.0,6.5,79.8,0,Aprovado
1,21,Masculino,Parda,Solteiro,"Ate 0,5 SM",Sim,Sim,Nao,Publica,Sim,Nao,3.7,79.3,1.8,49.5,2,Reprovado
1,20,Masculino,Parda,Solteiro,"Ate 0,5 SM",Nao,Sim,Sim,Publica,Sim,Sim,7.9,89.9,5.6,57.3,1,Aprovado
1,20,Masculino,Parda,Solteiro,"Ate 0,5 SM",Sim,Sim,Nao,Publica,Sim,Sim,4.8,92.7,4.0,61.3,1,Reprovado
1,15,Feminino,Branca,Solteiro,Acima de 1 SM,Sim,Sim,Nao,Privada,Nao,Nao,5.6,75.6,3.2,50.1,0,Reprovado
1,15,Feminino,Branca,Solteiro,"0,5-1 SM",Nao,Sim,Nao,Publica,Nao,Nao,5.7,82.2,6.5,66.0,0,Em Risco
3,17,Feminino,Parda,Solteiro,"Ate 0,5 SM",Nao,Sim,Nao,Privada,Nao,Sim,7.7,100.0,6.4,79.6,0,Aprovado
2,16,Masculino,Parda,Solteiro,"Ate 0,5 SM",Nao,Sim,Sim,Privada,Nao,Nao,6.6,77.5,6.1,64.1,0,Em Risco
1,15,Masculino,Parda,Solteiro,"Ate 0,5 SM",Nao,Sim,Sim,Publica,Nao,Sim,5.9,83.1,8.1,95.8,1,Aprovado
2,16,Masculino,Parda,Solteiro,"Ate 0,5 SM",Nao,Sim,Sim,Publica,Nao,Nao,6.2,78.8,5.9,53.6,2,Reprovado
2,16,Masculino,Parda,Solteiro,"Ate 0,5 SM",Nao,Sim,Nao,Publica,Nao,Nao,4.1,61.9,5.7,50.1,0,Reprovado
2,19,Feminino,Preta,Casado/Uniao,Acima de 1 SM,Nao,Sim,Sim,Publica,Sim,Nao,5.4,87.9,5.3,69.2,1,Em Risco
2,16,Masculino,Parda,Solteiro,"Ate 0,5 SM",Sim,Sim,Nao,Publica,Nao,Nao,4.4,69.3,6.3,55.7,1,Reprovado
3,17,Feminino,Branca,Solteiro,"0,5-1 SM",Nao,Sim,Sim,Publica,Nao,Nao,6.5,77.3,6.5,55.3,0,Aprovado
2,16,Feminino,Parda,Solteiro,"0,5-1 SM",Nao,Sim,Nao,Publica,Nao,Nao,7.3,84.2,6.2,56.6,1,Aprovado
3,17,Masculino,Parda,Solteiro,"0,5-1 SM",Sim,Sim,Nao,Privada,Nao,Nao,6.9,91.0,7.7,78.6,0,Aprovado
3,17,Feminino,Parda,Solteiro,"Ate 0,5 SM",Nao,Sim,Nao,Publica,Nao,Sim,8.1,93.5,4.7,58.0,1,Aprovado
1,15,Masculino,Parda,Solteiro,"0,5-1 SM",Nao,Sim,Nao,Publica,Nao,Nao,7.8,84.3,6.2,67.4,0,Em Risco
3,17,Masculino,Branca,Solteiro,Acima de 1 SM,Nao,Sim,Nao,Publica,Nao,Nao,6.0,83.3,6.1,75.7,0,Em Risco
1,15,Feminino,Preta,Solteiro,"Ate 0,5 SM",Nao,Sim,Nao,Publica,Nao,Sim,6.5,90.4,5.8,58.0,1,Em Risco
3,17,Feminino,Parda,Solteiro,"Ate 0,5 SM",Nao,Sim,Nao,Publica,Nao,Sim,6.4,84.6,6.7,80.8,1,Aprovado
2,16,Masculino,Parda,Solteiro,Acima de 1 SM,Sim,Sim,Sim,Publica,Nao,Nao,3.8,68.5,3.7,58.4,1,Reprovado
3,18,Masculino,Parda,Solteiro,"0,5-1 SM",Sim,Sim,Nao,Publica,Nao,Nao,4.4,79.8,4.0,68.5,0,Reprovado
3,17,Masculino,Outra,Solteiro,"Ate 0,5 SM",Nao,Sim,Nao,Publica,Nao,Sim,6.2,83.7,5.6,86.9,0,Aprovado
3,17,Masculino,Preta,Solteiro,"Ate 0,5 SM",Sim,Sim,Sim,Publica,Nao,Sim,6.1,93.9,4.8,73.0,0,Em Risco
3,17,Feminino,Parda,Solteiro,"Ate 0,5 SM",Nao,Nao,Nao,Publica,Nao,Sim,6.9,83.5,6.7,53.1,0,Aprovado
1,16,Feminino,Parda,Solteiro,"Ate 0,5 SM",Nao,Sim,Nao,Publica,Nao,Sim,7.1,83.7,5.3,63.3,0,Aprovado
1,15,Masculino,Parda,Solteiro,"Ate 0,5 SM",Nao,Sim,Nao,Publica,Nao,Sim,4.1,80.0,4.1,67.7,1,Reprovado
2,17,Feminino,Parda,Solteiro,"Ate 0,5 SM",Nao,Sim,Nao,Publica,Nao,Sim,7.1,86.6,7.3,72.4,0,Aprovado
1,17,Masculino,Parda,Solteiro,"0,5-1 SM",Nao,Sim,Sim,Publica,Sim,Nao,6.5,83.1,4.8,43.5,1,Aprovado
2,18,Masculino,Parda,Casado/Uniao,"0,5-1 SM",Sim,Sim,Nao,Privada,Sim,Nao,6.4,74.2,5.1,49.5,1,Reprovado
1,15,Feminino,Branca,Solteiro,Acima de 1 SM,Sim,Sim,Sim,Publica,Nao,Nao,7.9,90.7,7.2,50.0,0,Aprovado
3,17,Feminino,Parda,Solteiro,"Ate 0,5 SM",Sim,Sim,Nao,Publica,Nao,Nao,5.8,83.6,5.4,61.4,0,Em Risco
2,17,Feminino,Parda,Solteiro,"0,5-1 SM",Nao,Sim,Nao,Publica,Nao,Nao,8.1,81.2,7.9,45.8,1,Em Risco
3,17,Feminino,Branca,Solteiro,"Ate 0,5 SM",Sim,Sim,Nao,Publica,Nao,Nao,4.8,71.9,3.4,58.9,2,Reprovado
1,18,Feminino,Parda,Solteiro,"Ate 0,5 SM",Nao,Sim,Sim,Publica,Sim,Sim,5.0,83.4,4.8,55.4,1,Em Risco
3,17,Masculino,Parda,Solteiro,Acima de 1 SM,Nao,Sim,Sim,Publica,Nao,Nao,7.6,81.2,5.9,58.9,0,Aprovado
3,17,Feminino,Parda,Solteiro,"Ate 0,5 SM",Sim,Sim,Nao,Publica,Nao,Sim,5.5,82.6,6.0,78.3,1,Em Risco
2,16,Feminino,Parda,Solteiro,"Ate 0,5 SM",Nao,Sim,Nao,Publica,Nao,Sim,6.8,93.7,6.2,87.5,0,Aprovado
2,16,Masculino,Parda,Solteiro,"Ate 0,5 SM",Nao,Sim,Nao,Publica,Nao,Nao,9.0,100.0,8.0,70.4,0,Aprovado
3,18,Feminino,Parda,Solteiro,"Ate 0,5 SM",Sim,Sim,Nao,Publica,Nao,Sim,9.5,96.0,9.8,89.5,0,Aprovado
1,19,Feminino,Preta,Solteiro,"0,5-1 SM",Sim,Sim,Sim,Privada,Sim,Nao,6.2,80.8,5.3,59.9,1,Em Risco
2,16,Masculino,Parda,Solteiro,Acima de 1 SM,Nao,Sim,Sim,Publica,Nao,Nao,5.9,76.9,5.5,75.2,1,Em Risco
2,16,Feminino,Branca,Solteiro,"0,5-1 SM",Nao,Sim,Sim,Privada,Nao,Nao,4.7,80.7,7.3,89.0,2,Em Risco
1,15,Masculino,Parda,Solteiro,Acima de 1 SM,Nao,Sim,Nao,Publica,Nao,Nao,6.6,90.8,4.8,54.2,0,Aprovado
1,15,Feminino,Branca,Solteiro,"0,5-1 SM",Nao,Sim,Sim,Publica,Nao,Nao,8.2,83.8,7.3,53.0,0,Aprovado
1,16,Masculino,Preta,Solteiro,Acima de 1 SM,Nao,Sim,Sim,Publica,Nao,Nao,6.6,89.5,6.3,67.0,0,Aprovado
1,15,Feminino,Preta,Solteiro,"Ate 0,5 SM",Sim,Sim,Nao,Publica,Nao,Sim,6.5,83.3,7.1,69.1,0,Em Risco
1,15,Masculino,Parda,Solteiro,Acima de 1 SM,Nao,Nao,Nao,Publica,Nao,Nao,8.3,86.0,4.8,37.8,1,Aprovado
3,17,Masculino,Preta,Solteiro,"Ate 0,5 SM",Nao,Nao,Sim,Publica,Nao,Sim,8.4,93.2,6.7,56.4,0,Aprovado
2,17,Masculino,Parda,Solteiro,Acima de 1 SM,Nao,Sim,Nao,Publica,Nao,Nao,7.2,93.0,6.9,82.2,0,Aprovado
3,17,Feminino,Branca,Solteiro,"Ate 0,5 SM",Sim,Sim,Nao,Publica,Nao,Nao,6.2,83.9,5.3,41.8,0,Em Risco
2,16,Feminino,Parda,Solteiro,"0,5-1 SM",Nao,Sim,Sim,Publica,Nao,Nao,4.8,77.0,3.6,33.5,1,Reprovado
1,15,Feminino,Parda,Solteiro,"0,5-1 SM",Nao,Sim,Sim,Publica,Nao,Nao,6.0,83.0,7.3,74.4,1,Aprovado
2,16,Feminino,Parda,Solteiro,Acima de 1 SM,Nao,Sim,Sim,Publica,Nao,Nao,6.6,86.9,4.0,45.7,0,Aprovado
2,18,Masculino,Preta,Casado/Uniao,"0,5-1 SM",Sim,Sim,Nao,Publica,Sim,Nao,4.3,72.1,5.2,56.6,1,Reprovado
1,18,Masculino,Parda,Solteiro,"Ate 0,5 SM",Nao,Sim,Nao,Publica,Sim,Sim,6.2,88.0,5.1,58.8,1,Em Risco
2,16,Feminino,Branca,Solteiro,"Ate 0,5 SM",Nao,Sim,Sim,Publica,Nao,Sim,9.3,94.3,6.7,59.2,0,Aprovado
1,15,Masculino,Branca,Solteiro,"Ate 0,5 SM",Sim,Sim,Nao,Publica,Nao,Sim,9.5,94.9,8.4,98.2,0,Aprovado
2,16,Feminino,Parda,Solteiro,"Ate 0,5 SM",Nao,Sim,Nao,Publica,Nao,Sim,6.8,92.1,6.0,58.8,1,Aprovado
2,16,Feminino,Parda,Solteiro,"Ate 0,5 SM",Sim,Sim,Nao,Publica,Nao,Sim,7.0,92.2,6.9,60.3,0,Aprovado
1,18,Masculino,Preta,Solteiro,"Ate 0,5 SM",Nao,Sim,Nao,Publica,Sim,Sim,5.0,83.7,6.7,83.3,1,Em Risco
1,15,Masculino,Parda,Solteiro,"Ate 0,5 SM",Nao,Sim,Nao,Publica,Nao,Sim,8.4,97.1,7.3,84.6,0,Aprovado
3,17,Feminino,Parda,Solteiro,Acima de 1 SM,Nao,Sim,Sim,Publica,Nao,Nao,5.0,83.5,5.6,80.7,0,Aprovado
2,16,Masculino,Branca,Solteiro,Acima de 1 SM,Nao,Sim,Nao,Publica,Nao,Nao,7.8,74.9,6.5,67.8,1,Reprovado
1,22,Masculino,Branca,Solteiro,"Ate 0,5 SM",Sim,Sim,Nao,Publica,Sim,Sim,6.1,88.8,6.0,81.6,1,Em Risco
3,17,Masculino,Branca,Solteiro,"Ate 0,5 SM",Nao,Sim,Nao,Privada,Nao,Sim,5.6,93.8,4.4,49.8,1,Em Risco
1,15,Feminino,Parda,Solteiro,"Ate 0,5 SM",Nao,Sim,Nao,Publica,Nao,Sim,6.2,82.9,6.9,74.3,0,Aprovado
2,17,Feminino,Parda,Solteiro,"Ate 0,5 SM",Nao,Nao,Nao,Publica,Nao,Sim,4.7,81.0,6.1,63.1,1,Em Risco
3,17,Masculino,Parda,Solteiro,"Ate 0,5 SM",Nao,Sim,Sim,Publica,Nao,Sim,5.4,88.2,5.9,63.3,0,Em Risco
1,16,Masculino,Parda,Solteiro,"Ate 0,5 SM",Nao,Sim,Sim,Publica,Nao,Sim,4.7,80.7,6.3,82.9,0,Em Risco
1,15,Masculino,Parda,Solteiro,"Ate 0,5 SM",Nao,Sim,Nao,Publica,Nao,Sim,7.4,85.4,7.8,64.1,0,Aprovado
1,15,Feminino,Parda,Solteiro,"Ate 0,5 SM",Sim,Sim,Nao,Publica,Nao,Sim,7.6,91.4,5.3,39.0,0,Aprovado
1,18,Masculino,Parda,Solteiro,"Ate 0,5 SM",Nao,Sim,Sim,Publica,Sim,Nao,3.4,79.3,3.9,61.0,2,Reprovado
1,15,Masculino,Preta,Solteiro,"Ate 0,5 SM",Nao,Sim,Nao,Privada,Nao,Sim,9.0,100.0,6.9,62.4,0,Aprovado
2,16,Feminino,Preta,Solteiro,"0,5-1 SM",Nao,Sim,Sim,Publica,Nao,Nao,6.8,79.4,6.4,54.8,0,Em Risco
1,17,Feminino,Branca,Solteiro,"0,5-1 SM",Nao,Sim,Nao,Publica,Sim,Nao,6.3,84.5,6.0,67.3,1,Aprovado
2,19,Feminino,Parda,Solteiro,"Ate 0,5 SM",Sim,Sim,Nao,Publica,Sim,Sim,3.5,81.2,4.0,58.2,1,Reprovado
3,17,Feminino,Parda,Solteiro,"Ate 0,5 SM",Nao,Sim,Nao,Publica,Nao,Sim,8.2,100.0,6.7,70.6,0,Aprovado
3,17,Masculino,Branca,Solteiro,"Ate 0,5 SM",Nao,Sim,Nao,Publica,Nao,Sim,6.7,93.8,6.1,51.3,0,Aprovado
2,16,Masculino,Parda,Solteiro,"Ate 0,5 SM",Sim,Sim,Nao,Publica,Nao,Sim,7.5,86.5,8.0,72.6,0,Aprovado
1,15,Masculino,Parda,Solteiro,"Ate 0,5 SM",Nao,Sim,Nao,Publica,Nao,Sim,8.0,84.4,6.1,59.9,1,Aprovado
2,21,Masculino,Parda,Solteiro,"Ate 0,5 SM",Sim,Sim,Nao,Publica,Sim,Nao,7.2,91.9,6.8,70.0,1,Aprovado
2,20,Feminino,Parda,Solteiro,"Ate 0,5 SM",Sim,Sim,Nao,Publica,Sim,Sim,4.6,81.0,5.2,85.2,2,Reprovado
2,17,Feminino,Parda,Solteiro,"Ate 0,5 SM",Nao,Sim,Nao,Publica,Nao,Sim,6.2,83.4,7.0,59.3,1,Aprovado
1,17,Feminino,Branca,Solteiro,"0,5-1 SM",Nao,Sim,Nao,Publica,Sim,Nao,5.1,69.6,4.2,45.3,2,Reprovado
3,17,Masculino,Branca,Solteiro,"Ate 0,5 SM",Nao,Sim,Nao,Publica,Nao,Nao,7.6,93.0,6.1,63.8,0,Aprovado
2,16,Feminino,Parda,Solteiro,"Ate 0,5 SM",Sim,Sim,Nao,Publica,Nao,Sim,6.4,83.2,5.8,60.1,0,Em Risco
1,18,Feminino,Parda,Solteiro,"Ate 0,5 SM",Sim,Sim,Nao,Publica,Sim,Sim,6.8,86.6,5.8,61.8,1,Em Risco
1,15,Masculino,Branca,Solteiro,"Ate 0,5 SM",Nao,Sim,Sim,Publica,Nao,Sim,8.2,93.5,7.3,79.6,0,Aprovado
2,18,Feminino,Parda,Solteiro,Acima de 1 SM,Sim,Sim,Nao,Privada,Sim,Nao,3.6,70.3,3.3,50.7,2,Reprovado
3,17,Masculino,Parda,Solteiro,"0,5-1 SM",Nao,Sim,Nao,Publica,Nao,Nao,8.2,95.7,7.8,81.7,0,Aprovado
3,21,Masculino,Branca,Solteiro,"Ate 0,5 SM",Nao,Sim,Nao,Privada,Sim,Sim,9.2,93.4,9.0,97.4,1,Aprovado
3,17,Feminino,Branca,Solteiro,"0,5-1 SM",Nao,Sim,Nao,Publica,Nao,Nao,6.0,75.8,4.0,27.6,0,Reprovado
1,16,Feminino,Branca,Solteiro,"0,5-1 SM",Nao,Sim,Nao,Publica,Nao,Nao,6.9,73.1,6.7,65.8,0,Em Risco
2,16,Masculino,Parda,Solteiro,"Ate 0,5 SM",Nao,Sim,Nao,Publica,Nao,Sim,6.3,84.9,5.6,66.1,0,Em Risco
2,16,Masculino,Parda,Solteiro,"Ate 0,5 SM",Nao,Sim,Nao,Publica,Nao,Sim,7.3,87.8,6.9,79.1,0,Aprovado
1,20,Feminino,Branca,Solteiro,Acima de 1 SM,Sim,Sim,Sim,Publica,Sim,Nao,5.5,73.9,5.1,48.5,2,Reprovado
1,15,Feminino,Parda,Solteiro,"Ate 0,5 SM",Nao,Sim,Sim,Publica,Nao,Sim,7.4,90.0,6.7,64.6,0,Aprovado
3,17,Feminino,Branca,Casado/Uniao,"Ate 0,5 SM",Nao,Sim,Nao,Privada,Nao,Sim,6.7,91.7,5.9,86.3,0,Aprovado
1,15,Masculino,Parda,Solteiro,"Ate 0,5 SM",Nao,Sim,Nao,Publica,Nao,Sim,5.9,89.5,5.9,81.5,0,Aprovado
2,19,Masculino,Branca,Casado/Uniao,"0,5-1 SM",Sim,Sim,Sim,Privada,Sim,Nao,6.2,71.8,5.4,45.2,1,Reprovado
1,15,Masculino,Parda,Solteiro,Acima de 1 SM,Nao,Sim,Sim,Publica,Nao,Nao,10.0,97.7,7.4,71.5,0,Aprovado
1,18,Masculino,Parda,Solteiro,"0,5-1 SM",Sim,Nao,Nao,Privada,Sim,Nao,4.5,79.6,4.3,61.8,1,Reprovado
1,15,Masculino,Parda,Solteiro,"0,5-1 SM",Nao,Sim,Nao,Publica,Nao,Nao,6.1,91.8,4.2,46.6,0,Em Risco
3,18,Masculino,Preta,Outro,Acima de 1 SM,Sim,Sim,Sim,Publica,Nao,Nao,5.7,74.0,5.2,65.4,1,Reprovado
3,18,Feminino,Parda,Solteiro,"0,5-1 SM",Nao,Sim,Sim,Publica,Nao,Nao,6.1,90.1,5.9,63.1,1,Em Risco
3,17,Masculino,Parda,Solteiro,"0,5-1 SM",Nao,Sim,Nao,Privada,Nao,Nao,7.7,80.0,5.7,46.9,0,Em Risco
2,16,Feminino,Branca,Solteiro,Acima de 1 SM,Nao,Sim,Sim,Publica,Nao,Nao,7.9,97.5,6.8,76.9,0,Aprovado
1,15,Masculino,Parda,Solteiro,"Ate 0,5 SM",Nao,Sim,Nao,Publica,Nao,Nao,6.4,81.1,7.5,72.2,1,Aprovado
2,21,Masculino,Parda,Solteiro,"0,5-1 SM",Nao,Sim,Nao,Publica,Sim,Nao,7.2,96.9,6.7,72.6,1,Aprovado
2,16,Masculino,Parda,Solteiro,"0,5-1 SM",Nao,Sim,Nao,Publica,Nao,Nao,7.5,84.9,5.5,60.3,0,Aprovado
3,20,Masculino,Branca,Casado/Uniao,Acima de 1 SM,Nao,Sim,Nao,Publica,Sim,Nao,5.9,78.3,3.9,47.2,1,Em Risco
1,15,Masculino,Parda,Solteiro,Acima de 1 SM,Sim,Sim,Sim,Publica,Nao,Nao,4.6,73.0,4.7,69.5,0,Reprovado
2,16,Feminino,Parda,Solteiro,"0,5-1 SM",Sim,Sim,Nao,Publica,Nao,Nao,7.1,76.0,5.0,20.3,0,Reprovado
1,15,Feminino,Branca,Solteiro,Acima de 1 SM,Sim,Sim,Nao,Publica,Nao,Nao,6.4,71.4,5.6,63.2,0,Reprovado
1,16,Feminino,Parda,Solteiro,"Ate 0,5 SM",Nao,Sim,Nao,Publica,Nao,Sim,6.5,88.4,6.5,63.9,1,Aprovado
3,18,Masculino,Parda,Solteiro,"Ate 0,5 SM",Sim,Sim,Nao,Publica,Nao,Sim,5.4,86.3,4.1,77.1,0,Em Risco
2,16,Feminino,Parda,Solteiro,"Ate 0,5 SM",Nao,Sim,Sim,Privada,Nao,Sim,7.9,96.0,6.9,55.7,0,Aprovado
1,18,Feminino,Preta,Solteiro,"Ate 0,5 SM",Sim,Sim,Nao,Publica,Sim,Sim,9.2,98.4,10.0,91.6,1,Aprovado
2,16,Masculino,Parda,Solteiro,"Ate 0,5 SM",Nao,Sim,Nao,Publica,Nao,Nao,6.1,84.6,6.0,62.3,0,Em Risco
2,16,Feminino,Branca,Solteiro,"Ate 0,5 SM",Sim,Nao,Nao,Publica,Nao,Nao,4.2,79.9,3.7,50.1,0,Reprovado
3,17,Feminino,Branca,Solteiro,"Ate 0,5 SM",Nao,Sim,Nao,Privada,Nao,Sim,8.0,95.0,7.0,81.7,0,Aprovado
3,17,Feminino,Parda,Solteiro,Acima de 1 SM,Nao,Sim,Nao,Publica,Nao,Nao,7.4,95.0,7.3,61.5,0,Aprovado
3,17,Feminino,Preta,Outro,"Ate 0,5 SM",Nao,Sim,Nao,Publica,Nao,Sim,6.8,88.9,6.8,72.5,1,Aprovado
3,17,Feminino,Parda,Solteiro,Acima de 1 SM,Sim,Sim,Nao,Privada,Nao,Nao,2.9,75.4,4.2,56.4,0,Reprovado
1,17,Feminino,Parda,Solteiro,Acima de 1 SM,Nao,Sim,Nao,Publica,Sim,Nao,6.1,80.1,4.2,46.6,1,Em Risco
2,16,Masculino,Parda,Solteiro,"Ate 0,5 SM",Nao,Sim,Sim,Publica,Nao,Nao,6.5,81.7,5.8,38.9,1,Em Risco
2,16,Feminino,Branca,Solteiro,"Ate 0,5 SM",Nao,Sim,Nao,Publica,Nao,Sim,5.6,83.4,4.2,60.3,0,Em Risco
1,15,Feminino,Parda,Solteiro,"0,5-1 SM",Nao,Sim,Nao,Publica,Nao,Nao,7.4,78.9,4.2,35.0,0,Reprovado
3,17,Feminino,Parda,Solteiro,"0,5-1 SM",Nao,Sim,Nao,Publica,Nao,Nao,7.4,84.8,6.9,63.7,0,Aprovado
1,15,Feminino,Parda,Solteiro,"Ate 0,5 SM",Nao,Sim,Nao,Publica,Nao,Sim,7.0,85.6,7.4,82.3,0,Aprovado
3,20,Masculino,Parda,Solteiro,"Ate 0,5 SM",Nao,Sim,Nao,Publica,Sim,Sim,7.2,87.0,7.8,65.4,1,Aprovado
2,16,Masculino,Parda,Solteiro,"Ate 0,5 SM",Nao,Sim,Nao,Publica,Nao,Sim,5.1,83.1,4.7,74.1,0,Em Risco
2,20,Masculino,Parda,Solteiro,"Ate 0,5 SM",Sim,Sim,Nao,Privada,Sim,Sim,5.0,80.1,3.4,71.2,1,Reprovado
2,16,Masculino,Parda,Solteiro,"Ate 0,5 SM",Nao,Sim,Nao,Publica,Nao,Sim,6.5,82.5,5.2,74.4,0,Em Risco
3,17,Masculino,Parda,Solteiro,"Ate 0,5 SM",Nao,Sim,Nao,Publica,Nao,Sim,5.6,88.4,7.4,82.7,0,Aprovado
2,17,Feminino,Parda,Solteiro,"0,5-1 SM",Sim,Sim,Nao,Publica,Nao,Nao,6.9,72.3,6.9,69.0,1,Em Risco
2,17,Masculino,Parda,Solteiro,Acima de 1 SM,Nao,Sim,Sim,Publica,Nao,Nao,6.3,86.3,4.2,66.9,1,Aprovado
1,19,Feminino,Branca,Solteiro,"0,5-1 SM",Nao,Sim,Nao,Publica,Sim,Nao,7.6,86.0,7.2,75.7,1,Aprovado
2,16,Feminino,Branca,Solteiro,Acima de 1 SM,Sim,Sim,Sim,Publica,Nao,Nao,5.3,78.7,5.5,75.3,0,Reprovado
1,15,Masculino,Parda,Solteiro,"0,5-1 SM",Nao,Sim,Nao,Privada,Nao,Nao,9.4,100.0,8.6,82.0,0,Aprovado
3,18,Masculino,Parda,Solteiro,"0,5-1 SM",Sim,Sim,Nao,Publica,Nao,Nao,8.6,92.6,7.8,67.1,0,Aprovado
2,16,Feminino,Branca,Solteiro,"Ate 0,5 SM",Nao,Sim,Nao,Publica,Nao,Sim,9.4,96.0,8.5,97.8,0,Aprovado
2,16,Feminino,Preta,Solteiro,"Ate 0,5 SM",Sim,Sim,Nao,Publica,Nao,Sim,7.5,90.3,4.6,41.2,0,Em Risco
1,15,Feminino,Parda,Solteiro,"0,5-1 SM",Nao,Sim,Sim,Publica,Nao,Nao,6.3,81.4,3.2,37.4,0,Em Risco
1,17,Feminino,Parda,Solteiro,Acima de 1 SM,Sim,Sim,Nao,Publica,Sim,Nao,7.0,83.9,6.7,57.1,1,Aprovado
3,17,Feminino,Parda,Solteiro,"Ate 0,5 SM",Nao,Sim,Nao,Publica,Nao,Sim,6.2,88.4,5.8,54.3,0,Em Risco
1,17,Feminino,Parda,Solteiro,"Ate 0,5 SM",Nao,Nao,Nao,Publica,Sim,Sim,4.0,80.1,2.4,46.9,2,Reprovado
1,15,Feminino,Parda,Solteiro,"0,5-1 SM",Nao,Sim,Sim,Publica,Nao,Nao,2.2,55.2,0.6,22.0,1,Reprovado
1,15,Feminino,Branca,Solteiro,"Ate 0,5 SM",Sim,Sim,Nao,Publica,Nao,Sim,5.7,83.4,5.2,58.5,1,Em Risco
3,19,Feminino,Parda,Casado/Uniao,"Ate 0,5 SM",Sim,Sim,Nao,Publica,Sim,Nao,5.8,81.2,6.4,62.1,2,Em Risco
3,22,Masculino,Preta,Solteiro,"0,5-1 SM",Nao,Sim,Nao,Publica,Sim,Nao,7.6,76.8,6.1,56.8,1,Reprovado
1,16,Feminino,Branca,Solteiro,"Ate 0,5 SM",Nao,Sim,Nao,Publica,Nao,Sim,9.4,91.8,9.9,96.5,0,Aprovado
1,15,Masculino,Branca,Solteiro,"0,5-1 SM",Nao,Sim,Nao,Publica,Nao,Nao,7.8,81.2,5.0,63.6,0,Em Risco
1,22,Feminino,Branca,Solteiro,Acima de 1 SM,Nao,Sim,Sim,Publica,Sim,Nao,5.9,84.2,5.2,62.9,1,Em Risco
3,19,Masculino,Branca,Solteiro,"Ate 0,5 SM",Nao,Sim,Nao,Publica,Sim,Sim,5.5,80.1,5.9,67.0,1,Em Risco
2,16,Masculino,Parda,Solteiro,"Ate 0,5 SM",Nao,Sim,Nao,Privada,Nao,Sim,8.0,100.0,8.5,86.9,1,Aprovado
1,16,Masculino,Branca,Solteiro,"Ate 0,5 SM",Nao,Nao,Nao,Publica,Nao,Nao,3.0,79.5,2.6,55.9,0,Reprovado
1,15,Masculino,Preta,Solteiro,"Ate 0,5 SM",Nao,Nao,Nao,Publica,Nao,Sim,6.2,82.6,6.7,73.3,0,Em Risco
1,19,Masculino,Parda,Solteiro,"0,5-1 SM",Sim,Sim,Nao,Privada,Sim,Nao,5.1,74.5,2.4,38.5,1,Reprovado
2,16,Feminino,Preta,Solteiro,"Ate 0,5 SM",Nao,Sim,Nao,Publica,Nao,Sim,8.2,97.1,7.3,78.6,1,Aprovado
3,22,Masculino,Preta,Outro,"Ate 0,5 SM",Sim,Sim,Nao,Privada,Sim,Nao,4.9,81.4,5.3,57.6,1,Reprovado
1,17,Masculino,Branca,Solteiro,"Ate 0,5 SM",Nao,Sim,Sim,Publica,Sim,Sim,6.9,85.4,8.6,80.1,1,Aprovado
1,15,Masculino,Parda,Solteiro,"Ate 0,5 SM",Nao,Sim,Nao,Publica,Nao,Sim,7.6,83.3,7.5,52.2,0,Aprovado
1,15,Feminino,Parda,Solteiro,"Ate 0,5 SM",Nao,Sim,Nao,Privada,Nao,Sim,4.7,80.1,5.3,73.6,0,Reprovado
3,18,Masculino,Parda,Solteiro,"0,5-1 SM",Sim,Sim,Sim,Publica,Nao,Nao,6.2,83.5,4.9,45.7,1,Em Risco
1,16,Masculino,Parda,Solteiro,"Ate 0,5 SM",Nao,Sim,Nao,Publica,Nao,Sim,5.9,88.7,5.5,76.1,1,Em Risco
3,17,Masculino,Parda,Casado/Uniao,"Ate 0,5 SM",Nao,Sim,Nao,Publica,Nao,Sim,7.7,98.1,7.5,87.4,0,Aprovado
2,17,Feminino,Parda,Solteiro,"Ate 0,5 SM",Nao,Sim,Nao,Publica,Nao,Sim,7.3,90.3,6.7,65.9,0,Aprovado
2,16,Masculino,Branca,Solteiro,Acima de 1 SM,Nao,Sim,Sim,Publica,Nao,Nao,6.7,90.4,6.8,93.8,1,Aprovado
1,15,Masculino,Parda,Solteiro,"Ate 0,5 SM",Nao,Sim,Nao,Publica,Nao,Sim,5.1,90.9,3.2,53.1,2,Reprovado
1,15,Masculino,Parda,Solteiro,"0,5-1 SM",Nao,Sim,Nao,Publica,Nao,Nao,7.8,97.2,6.7,66.6,0,Aprovado
2,16,Feminino,Parda,Casado/Uniao,"Ate 0,5 SM",Nao,Sim,Nao,Publica,Nao,Sim,6.4,90.5,6.8,63.3,1,Aprovado
3,17,Masculino,Parda,Solteiro,"0,5-1 SM",Nao,Sim,Nao,Publica,Nao,Nao,4.3,67.6,5.2,53.9,0,Reprovado
2,16,Feminino,Parda,Solteiro,"Ate 0,5 SM",Sim,Sim,Nao,Publica,Nao,Nao,4.0,77.5,6.4,58.5,2,Reprovado
2,16,Masculino,Parda,Solteiro,Acima de 1 SM,Nao,Sim,Sim,Publica,Nao,Nao,7.6,91.3,7.6,85.6,1,Aprovado
1,15,Feminino,Parda,Solteiro,"0,5-1 SM",Nao,Sim,Nao,Publica,Nao,Nao,4.8,79.2,4.4,63.8,2,Em Risco
3,17,Masculino,Parda,Solteiro,"0,5-1 SM",Nao,Sim,Sim,Publica,Nao,Nao,9.2,100.0,8.0,72.4,0,Aprovado
3,17,Masculino,Parda,Casado/Uniao,"Ate 0,5 SM",Nao,Sim,Nao,Publica,Nao,Sim,5.2,83.4,5.3,62.8,0,Em Risco
1,18,Masculino,Parda,Solteiro,"0,5-1 SM",Nao,Sim,Nao,Publica,Sim,Nao,5.9,79.7,5.5,50.2,1,Reprovado
3,19,Masculino,Parda,Solteiro,"0,5-1 SM",Nao,Sim,Sim,Publica,Sim,Nao,6.5,76.0,6.1,40.6,1,Em Risco
2,16,Masculino,Parda,Solteiro,"Ate 0,5 SM",Nao,Sim,Nao,Publica,Nao,Nao,5.5,76.5,5.1,60.1,0,Em Risco
2,18,Feminino,Parda,Solteiro,"Ate 0,5 SM",Nao,Sim,Nao,Privada,Sim,Sim,3.1,80.6,3.4,54.7,1,Reprovado
3,17,Feminino,Branca,Casado/Uniao,"0,5-1 SM",Nao,Sim,Nao,Publica,Nao,Nao,6.7,86.0,4.1,57.1,0,Em Risco
3,20,Masculino,Preta,Solteiro,"Ate 0,5 SM",Sim,Sim,Nao,Publica,Sim,Sim,4.5,82.3,5.3,64.2,1,Reprovado
2,16,Feminino,Parda,Solteiro,"0,5-1 SM",Nao,Sim,Nao,Publica,Nao,Nao,6.6,89.9,5.6,71.6,1,Em Risco
1,15,Feminino,Parda,Solteiro,"Ate 0,5 SM",Nao,Sim,Nao,Publica,Nao,Sim,6.3,89.8,5.0,61.1,0,Aprovado
1,15,Feminino,Preta,Solteiro,"Ate 0,5 SM",Nao,Sim,Nao,Publica,Nao,Sim,6.8,86.2,4.9,64.1,0,Aprovado
3,17,Masculino,Parda,Solteiro,"0,5-1 SM",Nao,Sim,Nao,Publica,Nao,Nao,8.5,87.2,7.5,56.6,0,Aprovado
1,15,Feminino,Branca,Solteiro,"Ate 0,5 SM",Nao,Sim,Nao,Publica,Nao,Nao,5.7,82.0,6.2,66.3,0,Em Risco
1,16,Masculino,Branca,Outro,Acima de 1 SM,Nao,Sim,Sim,Publica,Nao,Nao,6.4,97.3,5.8,67.1,0,Aprovado
2,17,Feminino,Branca,Solteiro,Acima de 1 SM,Nao,Sim,Nao,Publica,Nao,Nao,4.5,75.6,4.1,50.7,2,Reprovado
2,21,Masculino,Branca,Solteiro,"0,5-1 SM",Nao,Sim,Nao,Privada,Sim,Nao,5.8,77.9,5.4,71.0,1,Em Risco
2,16,Masculino,Preta,Solteiro,"0,5-1 SM",Nao,Sim,Sim,Publica,Nao,Nao,7.3,90.7,5.8,53.9,0,Aprovado
3,17,Masculino,Parda,Solteiro,Acima de 1 SM,Nao,Sim,Sim,Publica,Nao,Nao,6.4,86.5,6.4,70.3,1,Aprovado
1,15,Masculino,Preta,Solteiro,"Ate 0,5 SM",Nao,Sim,Sim,Publica,Nao,Sim,7.3,93.0,7.2,75.1,0,Aprovado
1,16,Feminino,Branca,Solteiro,"0,5-1 SM",Nao,Sim,Sim,Publica,Nao,Nao,6.6,92.5,6.2,61.4,0,Em Risco
1,15,Masculino,Preta,Solteiro,"Ate 0,5 SM",Nao,Sim,Nao,Publica,Nao,Sim,8.8,91.2,8.4,92.2,0,Aprovado
3,23,Feminino,Parda,Solteiro,"Ate 0,5 SM",Sim,Sim,Sim,Privada,Sim,Sim,6.4,93.1,6.7,73.2,1,Em Risco
2,18,Masculino,Parda,Solteiro,"Ate 0,5 SM",Nao,Sim,Nao,Publica,Sim,Sim,5.6,83.6,5.8,57.4,1,Em Risco
1,16,Masculino,Branca,Solteiro,"0,5-1 SM",Nao,Sim,Nao,Publica,Nao,Nao,6.6,93.6,7.5,71.8,1,Aprovado
3,17,Feminino,Parda,Solteiro,"Ate 0,5 SM",Nao,Sim,Nao,Publica,Nao,Sim,5.7,89.3,5.0,70.4,0,Em Risco
3,17,Feminino,Preta,Solteiro,"Ate 0,5 SM",Nao,Sim,Nao,Publica,Nao,Sim,5.6,86.9,5.2,57.7,0,Em Risco
3,17,Masculino,Branca,Solteiro,"0,5-1 SM",Nao,Sim,Nao,Publica,Nao,Nao,6.7,89.1,5.1,67.9,0,Aprovado
3,17,Masculino,Preta,Solteiro,"Ate 0,5 SM",Sim,Sim,Nao,Publica,Nao,Nao,5.7,94.3,5.5,54.7,0,Em Risco
1,15,Feminino,Outra,Solteiro,"0,5-1 SM",Nao,Sim,Sim,Publica,Nao,Nao,9.0,100.0,6.0,48.6,0,Aprovado
3,17,Masculino,Preta,Solteiro,"0,5-1 SM",Nao,Sim,Nao,Publica,Nao,Nao,7.5,82.4,5.6,60.2,1,Aprovado
2,17,Feminino,Parda,Solteiro,"Ate 0,5 SM",Nao,Sim,Nao,Publica,Nao,Sim,7.2,90.0,5.1,62.5,1,Aprovado
3,22,Feminino,Branca,Casado/Uniao,"Ate 0,5 SM",Sim,Sim,Nao,Privada,Sim,Sim,5.4,82.5,3.9,63.6,2,Em Risco
3,21,Masculino,Parda,Solteiro,"0,5-1 SM",Sim,Sim,Nao,Privada,Sim,Nao,3.0,79.7,2.3,58.4,1,Reprovado
3,23,Masculino,Parda,Solteiro,"Ate 0,5 SM",Nao,Sim,Nao,Publica,Sim,Sim,4.9,85.4,5.3,80.9,1,Em Risco
2,18,Masculino,Parda,Casado/Uniao,"Ate 0,5 SM",Nao,Sim,Sim,Publica,Sim,Sim,5.4,93.2,5.6,76.5,1,Em Risco
1,17,Masculino,Parda,Solteiro,"Ate 0,5 SM",Nao,Sim,Nao,Privada,Sim,Nao,5.7,74.4,6.1,57.4,1,Reprovado
2,16,Feminino,Parda,Outro,"Ate 0,5 SM",Nao,Sim,Nao,Publica,Nao,Sim,6.4,91.9,5.1,62.7,0,Em Risco
3,17,Feminino,Parda,Solteiro,"Ate 0,5 SM",Nao,Sim,Nao,Publica,Nao,Sim,7.3,83.0,6.8,89.3,0,Aprovado
3,17,Feminino,Parda,Solteiro,"Ate 0,5 SM",Sim,Sim,Nao,Publica,Nao,Nao,6.4,72.2,3.5,50.5,1,Reprovado
1,17,Feminino,Branca,Solteiro,"0,5-1 SM",Nao,Sim,Nao,Publica,Sim,Nao,7.4,85.0,5.1,57.2,1,Aprovado
1,15,Masculino,Parda,Solteiro,"Ate 0,5 SM",Nao,Nao,Nao,Publica,Nao,Sim,5.8,91.6,6.4,83.3,0,Aprovado
1,15,Feminino,Parda,Solteiro,"0,5-1 SM",Nao,Sim,Sim,Publica,Nao,Nao,7.1,79.8,6.5,57.8,0,Aprovado
3,19,Masculino,Preta,Solteiro,"Ate 0,5 SM",Nao,Nao,Nao,Privada,Sim,Sim,6.2,84.0,6.8,67.5,1,Aprovado
3,17,Feminino,Preta,Solteiro,"Ate 0,5 SM",Nao,Nao,Nao,Publica,Nao,Sim,6.5,93.0,7.2,82.4,1,Aprovado
1,18,Masculino,Branca,Solteiro,"0,5-1 SM",Sim,Sim,Nao,Publica,Sim,Nao,7.1,91.7,6.0,54.0,2,Em Risco
2,16,Feminino,Parda,Solteiro,"0,5-1 SM",Nao,Sim,Nao,Privada,Nao,Nao,7.6,100.0,6.7,74.4,1,Aprovado
3,17,Feminino,Branca,Solteiro,"0,5-1 SM",Nao,Sim,Sim,Publica,Nao,Nao,5.1,76.4,6.1,54.7,1,Em Risco
3,17,Masculino,Parda,Solteiro,"0,5-1 SM",Nao,Sim,Sim,Publica,Nao,Nao,6.7,81.1,6.8,76.8,0,Aprovado
2,16,Masculino,Parda,Solteiro,"0,5-1 SM",Nao,Sim,Nao,Publica,Nao,Nao,6.4,75.8,6.8,57.8,0,Reprovado
2,16,Feminino,Parda,Solteiro,"Ate 0,5 SM",Sim,Sim,Nao,Publica,Nao,Sim,8.8,93.8,6.6,63.8,0,Aprovado
2,16,Masculino,Parda,Solteiro,"0,5-1 SM",Sim,Sim,Sim,Publica,Nao,Nao,5.9,73.2,4.0,35.2,0,Reprovado
1,15,Feminino,Parda,Solteiro,"0,5-1 SM",Nao,Sim,Nao,Publica,Nao,Nao,5.2,65.2,4.1,49.8,0,Reprovado
2,22,Feminino,Parda,Solteiro,Acima de 1 SM,Sim,Sim,Sim,Publica,Sim,Nao,6.6,96.3,4.4,38.3,1,Em Risco
2,18,Masculino,Parda,Casado/Uniao,"0,5-1 SM",Nao,Sim,Sim,Publica,Sim,Nao,6.9,85.4,5.1,45.0,1,Em Risco
3,17,Masculino,Branca,Solteiro,"0,5-1 SM",Nao,Sim,Nao,Publica,Nao,Nao,6.4,99.3,7.3,88.6,0,Aprovado
2,16,Feminino,Preta,Solteiro,"Ate 0,5 SM",Nao,Nao,Sim,Publica,Nao,Sim,6.3,82.7,6.5,55.7,2,Aprovado
3,17,Masculino,Parda,Solteiro,Acima de 1 SM,Nao,Sim,Nao,Publica,Nao,Nao,7.9,87.1,7.3,88.0,0,Aprovado
1,18,Masculino,Parda,Solteiro,Acima de 1 SM,Nao,Sim,Nao,Publica,Sim,Nao,5.0,70.9,3.7,41.1,1,Reprovado
2,17,Feminino,Parda,Solteiro,"0,5-1 SM",Nao,Sim,Nao,Publica,Nao,Nao,6.0,76.7,4.9,46.8,1,Reprovado
1,17,Feminino,Branca,Outro,"0,5-1 SM",Nao,Sim,Sim,Publica,Sim,Nao,5.6,84.4,5.5,75.0,1,Em Risco
1,15,Masculino,Parda,Solteiro,"Ate 0,5 SM",Nao,Sim,Nao,Publica,Nao,Nao,7.9,93.5,6.9,86.0,0,Aprovado
3,17,Masculino,Parda,Solteiro,"0,5-1 SM",Sim,Sim,Nao,Publica,Nao,Nao,6.4,88.3,6.2,64.1,1,Em Risco
3,17,Feminino,Parda,Solteiro,"0,5-1 SM",Sim,Sim,Nao,Publica,Nao,Nao,4.6,82.9,4.7,50.7,1,Reprovado
1,20,Feminino,Parda,Solteiro,"0,5-1 SM",Nao,Sim,Sim,Privada,Sim,Nao,5.1,83.9,4.0,44.4,1,Reprovado
2,16,Feminino,Parda,Solteiro,"Ate 0,5 SM",Nao,Sim,Nao,Publica,Nao,Sim,8.9,90.1,8.4,66.8,0,Aprovado
3,17,Masculino,Parda,Solteiro,"0,5-1 SM",Nao,Sim,Nao,Publica,Nao,Nao,7.9,86.3,7.3,66.2,0,Aprovado
1,15,Feminino,Branca,Solteiro,"Ate 0,5 SM",Nao,Sim,Nao,Publica,Nao,Sim,7.5,91.0,4.6,53.4,0,Aprovado
2,16,Feminino,Preta,Solteiro,"0,5-1 SM",Nao,Sim,Nao,Publica,Nao,Nao,6.5,100.0,4.3,57.7,0,Em Risco
3,17,Feminino,Preta,Solteiro,"Ate 0,5 SM",Sim,Sim,Nao,Privada,Nao,Sim,8.1,98.0,7.8,61.8,1,Aprovado
2,16,Feminino,Parda,Solteiro,"0,5-1 SM",Nao,Sim,Nao,Publica,Nao,Nao,5.0,76.8,3.2,46.7,1,Reprovado
1,15,Masculino,Parda,Solteiro,"Ate 0,5 SM",Nao,Sim,Sim,Privada,Nao,Sim,7.9,96.4,6.8,66.6,0,Aprovado
1,15,Feminino,Branca,Solteiro,"Ate 0,5 SM",Nao,Sim,Nao,Publica,Nao,Sim,5.9,82.6,7.3,89.0,1,Aprovado
3,18,Masculino,Branca,Solteiro,"0,5-1 SM",Sim,Sim,Nao,Publica,Nao,Nao,5.7,81.0,4.2,48.0,0,Reprovado
2,16,Masculino,Parda,Solteiro,"Ate 0,5 SM",Nao,Sim,Nao,Publica,Nao,Sim,7.4,95.7,7.4,97.1,0,Aprovado
1,15,Feminino,Parda,Solteiro,"0,5-1 SM",Nao,Sim,Sim,Publica,Nao,Nao,6.6,83.6,6.3,65.3,1,Aprovado
3,17,Feminino,Parda,Solteiro,Acima de 1 SM,Nao,Sim,Nao,Publica,Nao,Nao,6.1,76.3,5.9,47.8,0,Em Risco
1,15,Feminino,Parda,Solteiro,Acima de 1 SM,Nao,Sim,Nao,Publica,Nao,Nao,6.0,80.3,6.2,75.3,2,Aprovado
3,21,Feminino,Preta,Solteiro,"Ate 0,5 SM",Nao,Sim,Nao,Publica,Sim,Sim,3.3,80.0,5.0,85.8,2,Reprovado
1,15,Masculino,Branca,Solteiro,"0,5-1 SM",Nao,Sim,Sim,Publica,Nao,Nao,7.8,80.6,5.8,52.5,0,Aprovado
3,21,Feminino,Parda,Solteiro,"Ate 0,5 SM",Nao,Nao,Nao,Publica,Sim,Sim,4.3,80.8,4.7,69.3,1,Reprovado
1,15,Masculino,Parda,Solteiro,Acima de 1 SM,Sim,Sim,Sim,Publica,Nao,Nao,9.0,86.0,7.3,51.7,0,Em Risco
1,15,Feminino,Branca,Solteiro,"0,5-1 SM",Nao,Sim,Nao,Publica,Nao,Nao,6.1,73.1,6.6,84.0,0,Em Risco
1,15,Masculino,Parda,Solteiro,"Ate 0,5 SM",Sim,Sim,Nao,Publica,Nao,Nao,7.7,81.6,5.9,42.0,1,Em Risco
1,16,Feminino,Branca,Solteiro,"Ate 0,5 SM",Nao,Sim,Nao,Publica,Nao,Sim,4.1,83.0,4.2,81.2,1,Reprovado
3,17,Masculino,Preta,Solteiro,"Ate 0,5 SM",Nao,Sim,Nao,Publica,Nao,Sim,7.4,99.2,9.3,84.3,0,Aprovado
3,17,Feminino,Branca,Solteiro,"0,5-1 SM",Nao,Sim,Nao,Publica,Nao,Nao,7.7,79.1,6.0,33.3,0,Em Risco
1,20,Feminino,Parda,Solteiro,"Ate 0,5 SM",Nao,Sim,Sim,Publica,Sim,Sim,7.9,100.0,7.6,83.2,1,Aprovado
2,21,Masculino,Parda,Solteiro,"0,5-1 SM",Nao,Sim,Nao,Privada,Sim,Nao,4.1,64.2,4.0,45.7,2,Reprovado
3,18,Feminino,Parda,Solteiro,"0,5-1 SM",Sim,Sim,Sim,Privada,Nao,Nao,5.6,83.7,6.4,81.8,0,Em Risco
3,17,Feminino,Parda,Solteiro,Acima de 1 SM,Nao,Sim,Sim,Publica,Nao,Nao,7.7,90.9,6.1,28.6,1,Aprovado
2,19,Feminino,Parda,Solteiro,Acima de 1 SM,Sim,Sim,Sim,Publica,Sim,Nao,6.2,85.9,3.0,28.8,1,Em Risco
2,19,Feminino,Branca,Solteiro,"Ate 0,5 SM",Sim,Sim,Sim,Privada,Sim,Sim,6.3,82.2,4.3,49.5,1,Em Risco
2,16,Masculino,Branca,Solteiro,"0,5-1 SM",Nao,Sim,Nao,Publica,Nao,Nao,6.0,68.9,4.1,41.1,0,Reprovado
2,17,Masculino,Preta,Solteiro,"0,5-1 SM",Nao,Sim,Sim,Publica,Nao,Nao,8.8,89.1,6.4,79.0,0,Aprovado
1,15,Masculino,Parda,Solteiro,Acima de 1 SM,Nao,Sim,Sim,Privada,Nao,Nao,10.0,100.0,9.1,90.6,0,Aprovado
2,18,Masculino,Preta,Solteiro,"Ate 0,5 SM",Nao,Sim,Nao,Publica,Sim,Nao,6.0,93.7,6.2,71.6,1,Em Risco
1,18,Masculino,Preta,Solteiro,"Ate 0,5 SM",Sim,Sim,Nao,Publica,Sim,Sim,6.0,82.1,4.8,63.5,1,Em Risco
3,17,Feminino,Parda,Solteiro,"Ate 0,5 SM",Nao,Sim,Sim,Publica,Nao,Sim,6.9,86.3,5.5,74.9,1,Aprovado
1,15,Masculino,Branca,Solteiro,"Ate 0,5 SM",Nao,Sim,Nao,Publica,Nao,Sim,8.1,88.1,6.8,71.4,0,Aprovado
2,16,Masculino,Parda,Casado/Uniao,"Ate 0,5 SM",Nao,Sim,Nao,Publica,Nao,Sim,7.5,90.0,7.1,73.2,1,Aprovado
2,16,Masculino,Parda,Solteiro,"Ate 0,5 SM",Nao,Sim,Nao,Publica,Nao,Nao,5.1,79.4,4.5,57.1,1,Reprovado
2,16,Feminino,Parda,Solteiro,"0,5-1 SM",Nao,Sim,Nao,Publica,Nao,Nao,5.7,88.9,4.5,71.7,1,Em Risco
1,21,Feminino,Branca,Casado/Uniao,"Ate 0,5 SM",Nao,Sim,Sim,Privada,Sim,Sim,5.1,82.6,4.2,49.5,1,Em Risco
2,16,Masculino,Parda,Solteiro,"0,5-1 SM",Nao,Sim,Sim,Publica,Nao,Nao,10.0,100.0,6.7,62.2,0,Aprovado
2,16,Feminino,Parda,Solteiro,"Ate 0,5 SM",Nao,Sim,Nao,Publica,Nao,Nao,7.3,85.4,6.4,60.9,0,Aprovado
2,17,Masculino,Parda,Solteiro,Acima de 1 SM,Nao,Sim,Sim,Publica,Nao,Nao,6.2,83.1,5.3,60.5,0,Aprovado
2,16,Feminino,Parda,Solteiro,Acima de 1 SM,Nao,Sim,Sim,Publica,Nao,Nao,6.1,88.7,5.1,57.5,0,Em Risco
2,16,Feminino,Parda,Solteiro,"0,5-1 SM",Nao,Sim,Nao,Publica,Nao,Nao,7.5,88.8,5.0,56.6,1,Aprovado
3,19,Masculino,Parda,Solteiro,Acima de 1 SM,Sim,Sim,Nao,Publica,Sim,Nao,6.8,85.9,5.0,75.4,1,Aprovado
1,16,Feminino,Parda,Solteiro,"Ate 0,5 SM",Nao,Sim,Nao,Publica,Nao,Sim,7.5,84.8,7.5,68.6,0,Aprovado
3,17,Feminino,Parda,Solteiro,"0,5-1 SM",Nao,Sim,Nao,Publica,Nao,Nao,5.9,76.8,7.4,75.2,2,Aprovado
2,16,Masculino,Branca,Solteiro,"Ate 0,5 SM",Nao,Sim,Nao,Publica,Nao,Sim,6.8,83.1,7.1,91.2,1,Aprovado
1,15,Feminino,Parda,Solteiro,"Ate 0,5 SM",Nao,Sim,Nao,Publica,Nao,Sim,6.6,83.2,5.3,55.9,1,Aprovado
1,15,Masculino,Preta,Solteiro,"Ate 0,5 SM",Nao,Sim,Nao,Publica,Nao,Sim,5.2,87.3,4.9,71.5,0,Em Risco
1,15,Masculino,Parda,Solteiro,"Ate 0,5 SM",Nao,Sim,Nao,Publica,Nao,Sim,5.2,90.9,5.1,48.0,1,Em Risco
3,17,Masculino,Parda,Casado/Uniao,"Ate 0,5 SM",Nao,Sim,Nao,Privada,Nao,Sim,7.1,83.0,5.1,47.3,0,Aprovado
2,18,Masculino,Parda,Solteiro,"0,5-1 SM",Nao,Sim,Nao,Publica,Sim,Nao,6.2,84.1,6.7,88.6,1,Aprovado
3,17,Masculino,Parda,Solteiro,"Ate 0,5 SM",Nao,Sim,Nao,Publica,Nao,Sim,7.2,86.3,8.4,79.2,0,Aprovado
2,21,Feminino,Parda,Solteiro,Acima de 1 SM,Sim,Sim,Sim,Privada,Sim,Nao,7.2,95.5,4.8,58.6,1,Aprovado
2,16,Masculino,Branca,Solteiro,"0,5-1 SM",Nao,Sim,Nao,Publica,Nao,Nao,8.4,93.2,8.1,78.8,2,Aprovado
1,15,Masculino,Branca,Solteiro,"Ate 0,5 SM",Nao,Sim,Nao,Privada,Nao,Sim,5.6,83.2,5.9,76.8,0,Aprovado
1,15,Feminino,Parda,Solteiro,"Ate 0,5 SM",Nao,Sim,Nao,Publica,Nao,Nao,7.3,82.1,5.3,46.4,0,Em Risco
2,16,Feminino,Parda,Solteiro,"0,5-1 SM",Nao,Sim,Nao,Publica,Nao,Nao,7.4,77.7,7.6,75.3,0,Em Risco
1,15,Feminino,Branca,Solteiro,"Ate 0,5 SM",Sim,Sim,Nao,Publica,Nao,Sim,5.6,85.8,4.0,59.0,1,Em Risco
1,19,Feminino,Parda,Casado/Uniao,"Ate 0,5 SM",Sim,Sim,Sim,Publica,Sim,Sim,6.0,84.9,4.6,67.7,1,Em Risco
2,16,Feminino,Parda,Solteiro,"0,5-1 SM",Nao,Sim,Nao,Publica,Nao,Nao,6.1,83.6,8.0,100.0,1,Aprovado
3,19,Feminino,Branca,Solteiro,"Ate 0,5 SM",Nao,Sim,Nao,Publica,Sim,Sim,8.6,91.6,9.9,82.5,1,Aprovado
3,17,Feminino,Branca,Solteiro,"Ate 0,5 SM",Nao,Sim,Nao,Publica,Nao,Nao,8.5,98.3,9.8,91.0,0,Aprovado
3,17,Feminino,Parda,Outro,"Ate 0,5 SM",Nao,Sim,Nao,Publica,Nao,Sim,7.0,92.9,7.4,84.2,1,Aprovado
2,16,Masculino,Parda,Solteiro,"Ate 0,5 SM",Sim,Nao,Nao,Publica,Nao,Sim,5.4,86.3,3.1,35.5,1,Reprovado
2,16,Masculino,Parda,Solteiro,"Ate 0,5 SM",Nao,Sim,Nao,Publica,Nao,Sim,9.5,94.6,8.6,91.3,0,Aprovado
2,19,Feminino,Branca,Solteiro,"Ate 0,5 SM",Sim,Sim,Nao,Privada,Sim,Sim,3.9,80.2,4.9,55.6,1,Reprovado
3,22,Masculino,Branca,Solteiro,"Ate 0,5 SM",Nao,Sim,Sim,Publica,Sim,Sim,7.7,83.5,7.9,74.1,1,Aprovado
1,15,Masculino,Parda,Solteiro,"Ate 0,5 SM",Nao,Sim,Nao,Publica,Nao,Sim,7.4,91.1,6.0,59.3,0,Aprovado
2,16,Feminino,Preta,Solteiro,Acima de 1 SM,Nao,Sim,Nao,Privada,Nao,Nao,6.4,88.5,5.9,58.3,1,Em Risco
3,20,Feminino,Preta,Solteiro,"Ate 0,5 SM",Nao,Sim,Nao,Publica,Sim,Sim,4.7,81.7,5.5,77.0,1,Em Risco
2,16,Masculino,Preta,Solteiro,"0,5-1 SM",Nao,Sim,Nao,Publica,Nao,Nao,6.7,79.8,5.5,38.3,1,Reprovado
2,16,Feminino,Branca,Solteiro,"Ate 0,5 SM",Nao,Sim,Nao,Publica,Nao,Sim,5.8,82.9,5.5,60.0,2,Em Risco
2,18,Feminino,Preta,Solteiro,"Ate 0,5 SM",Nao,Sim,Nao,Privada,Sim,Sim,5.8,96.6,4.1,65.6,1,Em Risco
1,16,Feminino,Parda,Solteiro,"0,5-1 SM",Nao,Sim,Nao,Publica,Nao,Nao,4.8,82.8,4.4,62.4,0,Reprovado
1,18,Feminino,Parda,Solteiro,"0,5-1 SM",Nao,Sim,Nao,Publica,Sim,Nao,6.2,86.4,5.8,72.6,1,Em Risco
1,16,Feminino,Preta,Solteiro,"Ate 0,5 SM",Nao,Sim,Nao,Publica,Nao,Sim,6.8,88.5,6.8,65.0,0,Aprovado
1,15,Feminino,Parda,Solteiro,"Ate 0,5 SM",Nao,Nao,Nao,Privada,Nao,Sim,7.8,91.2,6.5,65.6,1,Aprovado
1,15,Masculino,Parda,Solteiro,"Ate 0,5 SM",Nao,Sim,Nao,Publica,Nao,Sim,6.3,82.5,5.8,64.2,0,Aprovado
3,18,Feminino,Branca,Solteiro,"0,5-1 SM",Sim,Sim,Sim,Publica,Nao,Nao,5.9,73.5,2.3,35.0,1,Reprovado
1,17,Feminino,Preta,Solteiro,"Ate 0,5 SM",Nao,Sim,Sim,Publica,Sim,Sim,4.2,80.6,3.7,66.2,1,Reprovado
2,16,Feminino,Branca,Solteiro,"Ate 0,5 SM",Nao,Sim,Nao,Publica,Nao,Sim,9.5,94.1,9.2,95.9,0,Aprovado
1,15,Feminino,Parda,Solteiro,"0,5-1 SM",Nao,Sim,Nao,Publica,Nao,Nao,7.6,84.6,7.2,69.2,0,Aprovado
3,20,Masculino,Parda,Solteiro,Acima de 1 SM,Nao,Sim,Sim,Privada,Sim,Nao,6.6,83.2,6.2,70.0,1,Aprovado
1,15,Feminino,Parda,Solteiro,"0,5-1 SM",Nao,Sim,Nao,Publica,Nao,Nao,4.7,74.5,3.8,71.6,0,Em Risco
2,16,Masculino,Branca,Solteiro,"Ate 0,5 SM",Nao,Sim,Sim,Privada,Nao,Sim,5.4,81.9,6.8,85.8,1,Em Risco
3,17,Masculino,Parda,Solteiro,"0,5-1 SM",Nao,Sim,Nao,Publica,Nao,Nao,5.7,82.8,4.8,59.6,1,Em Risco
3,17,Masculino,Preta,Solteiro,"0,5-1 SM",Nao,Sim,Nao,Publica,Nao,Nao,7.7,87.8,6.3,62.4,1,Aprovado
1,20,Masculino,Branca,Solteiro,"0,5-1 SM",Sim,Sim,Nao,Publica,Sim,Nao,5.8,81.4,4.2,44.4,1,Em Risco
3,20,Feminino,Parda,Solteiro,"0,5-1 SM",Sim,Sim,Nao,Publica,Sim,Nao,3.5,64.0,3.6,44.1,1,Reprovado
2,16,Masculino,Branca,Solteiro,Acima de 1 SM,Nao,Sim,Nao,Publica,Nao,Nao,7.2,90.9,5.7,49.1,1,Aprovado
2,16,Masculino,Branca,Solteiro,"Ate 0,5 SM",Nao,Sim,Nao,Privada,Nao,Sim,5.5,82.2,4.4,48.8,0,Em Risco
1,15,Feminino,Parda,Solteiro,"Ate 0,5 SM",Nao,Sim,Nao,Privada,Nao,Sim,5.9,92.9,7.6,77.9,1,Aprovado
1,15,Masculino,Parda,Solteiro,"0,5-1 SM",Nao,Sim,Nao,Publica,Nao,Nao,7.7,87.6,5.8,56.8,0,Aprovado
3,17,Masculino,Parda,Solteiro,"Ate 0,5 SM",Sim,Nao,Nao,Publica,Nao,Sim,6.7,85.8,5.3,68.5,0,Em Risco
2,16,Masculino,Parda,Solteiro,"Ate 0,5 SM",Nao,Sim,Nao,Publica,Nao,Sim,7.9,95.6,7.6,74.7,1,Aprovado
2,16,Masculino,Branca,Solteiro,"Ate 0,5 SM",Nao,Sim,Nao,Privada,Nao,Sim,6.6,90.8,6.4,70.7,0,Aprovado
3,17,Masculino,Branca,Casado/Uniao,"0,5-1 SM",Nao,Sim,Nao,Publica,Nao,Nao,7.6,94.4,7.2,80.2,0,Aprovado
3,18,Masculino,Parda,Solteiro,"Ate 0,5 SM",Sim,Sim,Nao,Publica,Nao,Sim,5.2,90.7,4.8,64.2,0,Em Risco
1,15,Feminino,Parda,Solteiro,"0,5-1 SM",Nao,Sim,Nao,Publica,Nao,Nao,6.1,85.7,5.2,50.2,1,Em Risco
2,16,Masculino,Parda,Solteiro,"Ate 0,5 SM",Nao,Sim,Nao,Publica,Nao,Nao,6.0,80.5,5.7,43.6,0,Em Risco
1,15,Masculino,Parda,Solteiro,"Ate 0,5 SM",Nao,Sim,Nao,Publica,Nao,Sim,6.5,83.4,6.3,85.3,0,Aprovado
3,22,Feminino,Parda,Solteiro,"Ate 0,5 SM",Sim,Sim,Nao,Publica,Sim,Sim,3.8,80.8,4.7,62.7,2,Reprovado
2,17,Masculino,Parda,Solteiro,"Ate 0,5 SM",Nao,Sim,Nao,Publica,Nao,Sim,6.2,93.2,6.8,93.1,0,Aprovado
3,23,Feminino,Parda,Solteiro,"0,5-1 SM",Sim,Sim,Nao,Privada,Sim,Nao,7.5,78.9,5.3,48.6,1,Em Risco
1,15,Feminino,Preta,Solteiro,Acima de 1 SM,Nao,Sim,Nao,Publica,Nao,Nao,5.2,71.8,4.0,26.1,2,Reprovado
1,15,Masculino,Preta,Solteiro,"0,5-1 SM",Nao,Sim,Sim,Publica,Nao,Nao,5.1,74.9,4.9,58.9,0,Reprovado
1,18,Feminino,Parda,Solteiro,"Ate 0,5 SM",Nao,Nao,Nao,Publica,Sim,Sim,4.0,80.0,5.4,64.2,1,Reprovado
1,15,Masculino,Branca,Solteiro,"Ate 0,5 SM",Nao,Sim,Sim,Publica,Nao,Sim,10.0,99.3,8.2,78.3,1,Aprovado
1,15,Masculino,Preta,Solteiro,"Ate 0,5 SM",Sim,Sim,Sim,Publica,Nao,Nao,7.0,97.1,5.9,54.3,0,Em Risco
3,21,Feminino,Branca,Solteiro,"Ate 0,5 SM",Nao,Sim,Nao,Publica,Sim,Nao,5.5,76.7,4.6,48.9,1,Reprovado
1,15,Masculino,Parda,Solteiro,"Ate 0,5 SM",Sim,Sim,Nao,Publica,Nao,Nao,6.1,83.9,3.4,44.9,1,Em Risco
1,16,Feminino,Branca,Solteiro,"0,5-1 SM",Nao,Sim,Nao,Publica,Nao,Nao,6.7,73.6,4.8,53.7,0,Reprovado
3,17,Feminino,Branca,Solteiro,"Ate 0,5 SM",Nao,Sim,Nao,Publica,Nao,Nao,5.6,71.8,5.4,56.7,0,Reprovado
2,16,Masculino,Parda,Casado/Uniao,"Ate 0,5 SM",Nao,Sim,Nao,Publica,Nao,Sim,5.8,87.8,6.6,72.2,1,Em Risco
3,17,Feminino,Parda,Solteiro,Acima de 1 SM,Nao,Sim,Nao,Publica,Nao,Nao,6.4,93.8,7.4,83.5,0,Aprovado
1,15,Feminino,Branca,Solteiro,"Ate 0,5 SM",Nao,Sim,Nao,Publica,Nao,Nao,5.5,79.9,6.4,70.9,1,Em Risco
2,18,Feminino,Preta,Solteiro,Acima de 1 SM,Sim,Sim,Nao,Publica,Sim,Nao,5.1,74.7,4.2,60.7,1,Reprovado
1,15,Feminino,Branca,Solteiro,Acima de 1 SM,Nao,Sim,Sim,Publica,Nao,Nao,7.5,91.0,6.7,76.7,1,Aprovado
1,15,Feminino,Branca,Solteiro,"Ate 0,5 SM",Nao,Sim,Nao,Publica,Nao,Nao,5.2,78.5,4.7,46.3,0,Reprovado
3,17,Masculino,Parda,Solteiro,"Ate 0,5 SM",Nao,Sim,Sim,Publica,Nao,Sim,10.0,100.0,8.7,68.9,0,Aprovado
1,15,Feminino,Parda,Solteiro,"0,5-1 SM",Nao,Sim,Nao,Publica,Nao,Nao,7.4,80.9,7.6,73.4,0,Aprovado
2,16,Masculino,Parda,Solteiro,"Ate 0,5 SM",Sim,Sim,Nao,Publica,Nao,Sim,4.3,83.0,4.5,44.9,0,Reprovado
2,16,Masculino,Branca,Solteiro,"Ate 0,5 SM",Nao,Sim,Nao,Publica,Nao,Nao,3.2,76.8,4.7,55.6,1,Reprovado
1,15,Feminino,Parda,Solteiro,"0,5-1 SM",Nao,Sim,Nao,Publica,Nao,Nao,5.6,74.6,7.2,78.5,0,Em Risco
3,17,Masculino,Parda,Casado/Uniao,"Ate 0,5 SM",Sim,Sim,Nao,Privada,Nao,Sim,7.0,87.5,5.2,68.5,2,Aprovado
1,15,Feminino,Preta,Solteiro,"Ate 0,5 SM",Nao,Sim,Nao,Publica,Nao,Sim,7.1,83.8,5.9,76.0,0,Aprovado
2,17,Masculino,Preta,Solteiro,"0,5-1 SM",Nao,Sim,Sim,Publica,Nao,Nao,6.7,81.5,4.1,57.4,0,Em Risco
3,17,Feminino,Parda,Solteiro,"0,5-1 SM",Nao,Sim,Sim,Publica,Nao,Nao,6.0,86.8,4.8,68.1,0,Em Risco
2,16,Masculino,Parda,Solteiro,"Ate 0,5 SM",Nao,Sim,Nao,Publica,Nao,Nao,5.3,77.2,5.8,75.5,2,Em Risco
3,18,Masculino,Parda,Solteiro,"Ate 0,5 SM",Sim,Sim,Sim,Publica,Nao,Sim,5.8,82.0,4.3,52.3,1,Em Risco
1,15,Masculino,Parda,Solteiro,"Ate 0,5 SM",Nao,Sim,Nao,Publica,Nao,Sim,5.1,84.8,5.4,68.8,1,Em Risco
2,17,Feminino,Branca,Solteiro,"Ate 0,5 SM",Nao,Sim,Sim,Publica,Nao,Sim,6.3,85.8,6.2,70.4,0,Aprovado
1,15,Masculino,Parda,Solteiro,"0,5-1 SM",Nao,Sim,Nao,Publica,Nao,Nao,8.2,93.2,6.0,60.7,0,Aprovado
3,17,Feminino,Branca,Solteiro,"0,5-1 SM",Sim,Sim,Sim,Publica,Nao,Nao,5.3,71.9,4.2,49.6,0,Reprovado
3,17,Masculino,Branca,Solteiro,"0,5-1 SM",Nao,Sim,Sim,Publica,Nao,Nao,7.6,71.9,5.9,33.3,0,Reprovado
1,15,Masculino,Preta,Solteiro,"Ate 0,5 SM",Nao,Sim,Nao,Publica,Nao,Sim,7.4,84.0,5.6,63.1,0,Aprovado
2,16,Masculino,Parda,Solteiro,"Ate 0,5 SM",Nao,Sim,Nao,Privada,Nao,Sim,5.2,81.1,5.5,58.8,1,Em Risco
1,15,Masculino,Parda,Solteiro,"Ate 0,5 SM",Nao,Sim,Nao,Publica,Nao,Nao,5.4,73.7,4.9,66.6,0,Reprovado
2,16,Feminino,Parda,Solteiro,"Ate 0,5 SM",Sim,Sim,Nao,Privada,Nao,Sim,7.5,84.7,6.8,65.1,0,Aprovado
2,16,Feminino,Parda,Solteiro,"Ate 0,5 SM",Nao,Sim,Nao,Publica,Nao,Sim,5.2,83.0,5.4,74.9,1,Em Risco
3,21,Masculino,Branca,Solteiro,"Ate 0,5 SM",Sim,Sim,Nao,Publica,Sim,Sim,5.4,85.5,5.5,54.1,1,Em Risco
2,16,Feminino,Parda,Solteiro,"Ate 0,5 SM",Nao,Sim,Nao,Publica,Nao,Sim,9.1,100.0,7.3,70.8,0,Aprovado
1,21,Feminino,Branca,Solteiro,"0,5-1 SM",Sim,Sim,Sim,Publica,Sim,Nao,7.1,91.4,5.5,37.8,1,Em Risco
1,15,Masculino,Parda,Solteiro,"0,5-1 SM",Nao,Sim,Sim,Publica,Nao,Nao,6.9,79.3,5.3,61.0,0,Em Risco
1,16,Masculino,Parda,Solteiro,"Ate 0,5 SM",Nao,Sim,Nao,Publica,Nao,Sim,7.5,90.6,7.4,75.5,0,Aprovado
1,15,Feminino,Branca,Solteiro,"Ate 0,5 SM",Sim,Sim,Nao,Publica,Nao,Sim,5.9,92.6,5.8,69.1,0,Em Risco
1,16,Masculino,Parda,Solteiro,Acima de 1 SM,Nao,Sim,Sim,Publica,Nao,Nao,8.3,81.7,6.3,41.6,0,Aprovado
3,17,Masculino,Parda,Solteiro,Acima de 1 SM,Nao,Sim,Sim,Publica,Nao,Nao,4.3,81.6,4.8,73.7,1,Em Risco
2,16,Masculino,Parda,Solteiro,"Ate 0,5 SM",Nao,Sim,Nao,Publica,Nao,Sim,6.3,82.4,6.0,62.5,0,Aprovado
2,22,Feminino,Parda,Solteiro,"0,5-1 SM",Sim,Sim,Nao,Publica,Sim,Nao,2.7,67.1,2.3,49.6,2,Reprovado
1,15,Masculino,Preta,Solteiro,"0,5-1 SM",Nao,Sim,Nao,Publica,Nao,Nao,6.7,86.6,5.5,46.8,0,Aprovado
3,17,Masculino,Parda,Solteiro,"Ate 0,5 SM",Sim,Sim,Nao,Publica,Nao,Sim,5.7,83.6,5.0,50.3,0,Em Risco
3,21,Masculino,Parda,Solteiro,"Ate 0,5 SM",Sim,Sim,Nao,Publica,Sim,Sim,7.2,100.0,7.2,57.2,1,Aprovado
1,15,Masculino,Parda,Solteiro,"Ate 0,5 SM",Nao,Sim,Nao,Publica,Nao,Sim,7.4,87.4,6.1,44.8,1,Aprovado
2,18,Masculino,Branca,Solteiro,"Ate 0,5 SM",Sim,Sim,Nao,Publica,Sim,Nao,4.8,79.6,4.1,49.5,1,Reprovado
2,16,Feminino,Parda,Solteiro,"Ate 0,5 SM",Sim,Sim,Nao,Publica,Nao,Sim,5.5,83.6,4.9,66.8,0,Em Risco
1,17,Masculino,Parda,Solteiro,Acima de 1 SM,Nao,Sim,Sim,Publica,Sim,Nao,6.9,84.2,5.6,57.0,1,Aprovado
2,18,Feminino,Parda,Solteiro,"0,5-1 SM",Nao,Sim,Nao,Publica,Sim,Nao,5.2,80.4,5.9,61.5,1,Em Risco
2,18,Masculino,Parda,Solteiro,"Ate 0,5 SM",Nao,Sim,Nao,Publica,Sim,Sim,5.9,87.9,4.9,68.1,1,Em Risco
1,15,Feminino,Parda,Solteiro,"Ate 0,5 SM",Nao,Sim,Nao,Publica,Nao,Sim,8.2,93.0,7.0,49.4,0,Aprovado
3,17,Feminino,Parda,Solteiro,"0,5-1 SM",Sim,Sim,Sim,Publica,Nao,Nao,5.3,80.1,5.2,66.6,0,Em Risco
3,17,Masculino,Parda,Solteiro,"Ate 0,5 SM",Nao,Sim,Nao,Publica,Nao,Sim,5.9,83.8,4.5,53.1,1,Em Risco
2,16,Feminino,Parda,Casado/Uniao,"Ate 0,5 SM",Nao,Sim,Nao,Publica,Nao,Sim,9.2,93.7,9.7,92.5,0,Aprovado
2,16,Feminino,Parda,Solteiro,Acima de 1 SM,Nao,Sim,Sim,Publica,Nao,Nao,10.0,97.6,7.4,73.5,0,Aprovado
2,16,Feminino,Branca,Solteiro,"Ate 0,5 SM",Sim,Sim,Nao,Publica,Nao,Sim,6.8,83.5,4.4,50.8,1,Em Risco
2,16,Masculino,Preta,Solteiro,"Ate 0,5 SM",Nao,Sim,Nao,Privada,Nao,Sim,8.1,98.5,7.9,90.3,0,Aprovado
2,16,Feminino,Parda,Solteiro,"Ate 0,5 SM",Nao,Sim,Sim,Publica,Nao,Sim,7.8,85.4,8.3,74.9,1,Aprovado
1,16,Feminino,Parda,Solteiro,"Ate 0,5 SM",Nao,Sim,Nao,Publica,Nao,Sim,7.5,92.7,6.3,77.0,0,Aprovado
2,17,Feminino,Preta,Solteiro,"Ate 0,5 SM",Nao,Sim,Nao,Publica,Nao,Sim,7.1,86.8,5.7,56.9,0,Aprovado
3,17,Feminino,Branca,Solteiro,"Ate 0,5 SM",Nao,Sim,Nao,Publica,Nao,Sim,6.9,86.6,4.8,58.2,1,Aprovado
2,20,Masculino,Parda,Solteiro,"0,5-1 SM",Sim,Sim,Sim,Privada,Sim,Nao,4.1,87.3,4.3,39.5,1,Reprovado
1,15,Feminino,Branca,Solteiro,"Ate 0,5 SM",Sim,Sim,Sim,Privada,Nao,Sim,7.0,95.5,5.2,55.6,2,Aprovado
3,19,Feminino,Parda,Solteiro,"Ate 0,5 SM",Nao,Sim,Nao,Publica,Sim,Sim,5.8,88.3,6.2,77.6,1,Em Risco
1,15,Feminino,Parda,Solteiro,"Ate 0,5 SM",Nao,Sim,Nao,Privada,Nao,Sim,7.3,92.5,5.9,67.3,0,Aprovado
1,15,Masculino,Branca,Solteiro,"Ate 0,5 SM",Nao,Nao,Sim,Publica,Nao,Sim,6.5,83.1,5.1,75.1,1,Aprovado
1,16,Feminino,Preta,Solteiro,Acima de 1 SM,Nao,Sim,Sim,Publica,Nao,Nao,8.0,92.1,6.5,71.7,0,Aprovado
1,15,Masculino,Branca,Solteiro,"Ate 0,5 SM",Nao,Sim,Nao,Privada,Nao,Sim,7.8,95.3,5.7,57.5,0,Aprovado
3,17,Feminino,Parda,Solteiro,"0,5-1 SM",Nao,Sim,Sim,Publica,Nao,Nao,3.0,67.8,4.3,65.8,2,Reprovado
2,16,Masculino,Parda,Solteiro,"Ate 0,5 SM",Nao,Sim,Nao,Privada,Nao,Sim,6.0,83.9,3.4,54.5,0,Em Risco
1,15,Masculino,Parda,Solteiro,"Ate 0,5 SM",Nao,Sim,Nao,Publica,Nao,Sim,4.0,80.7,4.8,63.5,1,Reprovado
3,17,Feminino,Parda,Solteiro,"0,5-1 SM",Nao,Sim,Nao,Publica,Nao,Nao,6.8,86.2,5.9,63.1,0,Aprovado
3,18,Masculino,Parda,Solteiro,"Ate 0,5 SM",Nao,Sim,Nao,Privada,Nao,Sim,6.2,83.1,4.2,57.7,0,Em Risco
3,17,Feminino,Parda,Solteiro,"0,5-1 SM",Sim,Sim,Nao,Publica,Nao,Nao,7.8,93.8,6.3,63.7,0,Aprovado
1,15,Feminino,Parda,Solteiro,"Ate 0,5 SM",Sim,Sim,Nao,Publica,Nao,Sim,6.3,80.7,5.7,45.2,0,Em Risco
2,16,Masculino,Parda,Solteiro,"Ate 0,5 SM",Nao,Sim,Nao,Publica,Nao,Sim,5.8,90.8,5.7,76.8,0,Em Risco
3,17,Masculino,Preta,Solteiro,"0,5-1 SM",Nao,Sim,Sim,Publica,Nao,Nao,8.0,82.0,5.6,49.5,2,Aprovado
3,17,Feminino,Branca,Solteiro,"0,5-1 SM",Nao,Sim,Nao,Privada,Nao,Nao,6.2,74.8,6.6,29.7,1,Reprovado
1,15,Masculino,Parda,Solteiro,"0,5-1 SM",Nao,Sim,Nao,Publica,Nao,Nao,5.8,82.5,5.4,55.3,1,Em Risco
1,17,Feminino,Parda,Solteiro,"0,5-1 SM",Nao,Sim,Nao,Publica,Sim,Nao,6.4,86.3,5.1,59.6,1,Em Risco
2,18,Feminino,Parda,Solteiro,Acima de 1 SM,Nao,Sim,Nao,Publica,Sim,Nao,8.2,100.0,6.7,74.4,1,Aprovado
3,20,Masculino,Branca,Solteiro,"Ate 0,5 SM",Nao,Sim,Nao,Privada,Sim,Sim,7.2,90.3,6.7,77.9,1,Aprovado
2,16,Masculino,Parda,Solteiro,"Ate 0,5 SM",Sim,Sim,Nao,Publica,Nao,Sim,6.7,86.1,5.3,51.7,1,Em Risco
2,16,Masculino,Branca,Solteiro,"Ate 0,5 SM",Nao,Sim,Nao,Publica,Nao,Sim,10.0,100.0,7.7,88.9,0,Aprovado
1,15,Feminino,Branca,Solteiro,"Ate 0,5 SM",Nao,Nao,Nao,Publica,Nao,Nao,5.2,87.5,3.2,60.5,0,Reprovado
2,16,Masculino,Parda,Solteiro,"Ate 0,5 SM",Nao,Sim,Nao,Publica,Nao,Sim,5.5,96.0,5.0,72.5,0,Em Risco
3,20,Masculino,Parda,Solteiro,"0,5-1 SM",Nao,Sim,Nao,Publica,Sim,Nao,6.1,80.0,6.9,84.2,1,Em Risco
2,16,Feminino,Branca,Solteiro,"Ate 0,5 SM",Nao,Sim,Nao,Publica,Nao,Sim,9.4,93.4,9.7,89.1,0,Aprovado
3,17,Feminino,Parda,Solteiro,"0,5-1 SM",Nao,Sim,Nao,Publica,Nao,Nao,5.2,76.6,4.0,57.1,0,Em Risco
3,17,Masculino,Preta,Solteiro,"Ate 0,5 SM",Sim,Nao,Nao,Publica,Nao,Sim,8.0,91.9,5.7,45.7,0,Aprovado
1,15,Masculino,Branca,Solteiro,"Ate 0,5 SM",Nao,Sim,Nao,Publica,Nao,Sim,4.6,88.2,3.8,53.4,1,Reprovado
2,16,Feminino,Parda,Solteiro,Acima de 1 SM,Nao,Sim,Nao,Privada,Nao,Nao,6.6,77.9,6.2,79.0,0,Em Risco
1,15,Feminino,Branca,Solteiro,"Ate 0,5 SM",Nao,Sim,Nao,Publica,Nao,Sim,6.7,80.7,5.6,60.9,1,Aprovado
3,17,Feminino,Branca,Solteiro,"Ate 0,5 SM",Nao,Sim,Nao,Publica,Nao,Sim,5.3,83.4,4.7,64.4,2,Em Risco
2,20,Feminino,Preta,Solteiro,"Ate 0,5 SM",Sim,Nao,Nao,Publica,Sim,Sim,4.4,83.7,3.8,50.0,1,Reprovado
2,21,Feminino,Parda,Solteiro,"0,5-1 SM",Sim,Sim,Sim,Privada,Sim,Nao,7.0,87.0,6.0,64.8,1,Aprovado
3,17,Feminino,Parda,Casado/Uniao,"Ate 0,5 SM",Sim,Sim,Nao,Publica,Nao,Sim,7.9,95.1,6.8,83.0,0,Aprovado
2,16,Feminino,Parda,Solteiro,"Ate 0,5 SM",Sim,Sim,Nao,Publica,Nao,Sim,3.3,81.6,5.6,77.7,0,Reprovado
3,17,Feminino,Branca,Solteiro,"0,5-1 SM",Nao,Sim,Nao,Publica,Nao,Nao,6.7,84.8,4.7,53.4,1,Aprovado
2,16,Feminino,Branca,Solteiro,"Ate 0,5 SM",Sim,Sim,Nao,Privada,Nao,Sim,6.0,86.4,4.9,78.0,1,Em Risco
1,15,Masculino,Parda,Solteiro,"0,5-1 SM",Nao,Sim,Nao,Publica,Nao,Nao,6.6,87.1,5.6,59.1,1,Em Risco
2,18,Masculino,Parda,Solteiro,"Ate 0,5 SM",Sim,Sim,Sim,Publica,Sim,Nao,5.4,79.8,5.1,73.2,1,Reprovado
3,17,Feminino,Parda,Solteiro,"Ate 0,5 SM",Nao,Nao,Sim,Publica,Nao,Sim,4.9,82.5,5.2,66.6,0,Em Risco
1,15,Masculino,Preta,Solteiro,"0,5-1 SM",Nao,Sim,Sim,Publica,Nao,Nao,8.8,84.0,5.9,52.8,0,Aprovado
3,21,Feminino,Preta,Solteiro,"0,5-1 SM",Nao,Sim,Sim,Publica,Sim,Nao,7.8,89.0,8.1,81.3,1,Aprovado
3,17,Masculino,Branca,Solteiro,"0,5-1 SM",Nao,Sim,Nao,Publica,Nao,Nao,6.3,79.1,7.0,55.3,0,Em Risco
1,15,Feminino,Preta,Solteiro,"0,5-1 SM",Nao,Sim,Nao,Publica,Nao,Nao,5.8,86.6,5.1,63.0,2,Em Risco
3,18,Masculino,Branca,Solteiro,"Ate 0,5 SM",Sim,Sim,Nao,Publica,Nao,Sim,5.2,83.1,5.4,64.8,0,Em Risco
1,16,Feminino,Preta,Casado/Uniao,"Ate 0,5 SM",Nao,Sim,Sim,Publica,Nao,Sim,3.4,81.4,2.1,59.7,1,Reprovado
1,16,Feminino,Parda,Solteiro,"Ate 0,5 SM",Sim,Sim,Nao,Privada,Nao,Sim,6.6,84.5,6.0,62.6,1,Em Risco
1,15,Masculino,Parda,Solteiro,Acima de 1 SM,Nao,Sim,Nao,Publica,Nao,Nao,7.7,95.6,5.9,60.8,0,Aprovado
3,17,Feminino,Branca,Solteiro,Acima de 1 SM,Nao,Sim,Sim,Publica,Nao,Nao,7.2,76.1,5.1,35.5,0,Em Risco
2,16,Masculino,Preta,Solteiro,Acima de 1 SM,Sim,Sim,Nao,Publica,Nao,Nao,6.1,75.4,6.6,75.8,0,Em Risco
1,15,Masculino,Parda,Solteiro,"Ate 0,5 SM",Sim,Sim,Nao,Publica,Nao,Sim,6.2,92.0,4.5,52.3,0,Em Risco
2,16,Masculino,Parda,Solteiro,"Ate 0,5 SM",Nao,Sim,Nao,Publica,Nao,Sim,5.3,82.2,4.7,64.6,1,Em Risco
2,16,Masculino,Parda,Solteiro,"0,5-1 SM",Nao,Sim,Nao,Publica,Nao,Nao,5.8,65.9,5.1,51.3,0,Reprovado
1,19,Feminino,Parda,Solteiro,"0,5-1 SM",Sim,Sim,Nao,Publica,Sim,Nao,5.2,86.6,3.1,45.4,1,Reprovado
3,17,Masculino,Parda,Solteiro,"0,5-1 SM",Sim,Sim,Nao,Publica,Nao,Nao,6.9,92.1,6.1,61.8,0,Aprovado
3,17,Feminino,Parda,Solteiro,"0,5-1 SM",Nao,Sim,Nao,Publica,Nao,Nao,8.2,96.2,6.2,57.4,0,Aprovado
2,17,Masculino,Parda,Casado/Uniao,"Ate 0,5 SM",Nao,Sim,Sim,Publica,Nao,Sim,6.5,85.8,7.9,94.7,0,Aprovado
3,19,Feminino,Parda,Casado/Uniao,"Ate 0,5 SM",Nao,Sim,Nao,Publica,Sim,Sim,4.5,86.6,5.2,67.0,1,Reprovado
2,16,Masculino,Branca,Solteiro,"Ate 0,5 SM",Nao,Nao,Nao,Publica,Nao,Sim,6.2,92.2,5.3,70.8,1,Aprovado
3,18,Feminino,Parda,Solteiro,"Ate 0,5 SM",Sim,Sim,Nao,Publica,Nao,Nao,8.6,100.0,8.6,88.2,0,Aprovado
2,20,Feminino,Parda,Solteiro,"Ate 0,5 SM",Nao,Nao,Nao,Publica,Sim,Sim,4.4,82.9,4.7,60.5,1,Reprovado
2,21,Feminino,Parda,Solteiro,"Ate 0,5 SM",Nao,Sim,Nao,Publica,Sim,Sim,7.1,88.6,6.7,85.3,2,Aprovado
1,15,Masculino,Parda,Solteiro,"Ate 0,5 SM",Nao,Sim,Sim,Publica,Nao,Sim,8.5,92.4,6.5,67.2,0,Aprovado
3,17,Feminino,Parda,Solteiro,"0,5-1 SM",Nao,Sim,Nao,Publica,Nao,Nao,6.0,72.5,3.5,32.1,1,Reprovado
2,17,Masculino,Branca,Solteiro,Acima de 1 SM,Sim,Sim,Sim,Publica,Nao,Nao,5.6,82.3,5.4,40.0,1,Em Risco
1,15,Masculino,Branca,Solteiro,"0,5-1 SM",Nao,Sim,Sim,Publica,Nao,Nao,7.5,92.0,6.2,57.9,0,Aprovado
1,15,Masculino,Parda,Solteiro,"Ate 0,5 SM",Nao,Nao,Nao,Publica,Nao,Sim,6.7,83.9,6.0,63.2,1,Aprovado
2,16,Masculino,Parda,Solteiro,"Ate 0,5 SM",Nao,Nao,Nao,Publica,Nao,Nao,7.1,90.1,5.7,64.3,2,Aprovado
2,16,Masculino,Parda,Solteiro,"Ate 0,5 SM",Nao,Sim,Nao,Publica,Nao,Sim,9.1,95.7,7.3,63.2,1,Aprovado
3,18,Feminino,Branca,Solteiro,Acima de 1 SM,Sim,Sim,Sim,Publica,Nao,Nao,6.8,90.1,4.5,40.7,1,Aprovado
3,19,Masculino,Branca,Solteiro,"Ate 0,5 SM",Nao,Sim,Sim,Publica,Sim,Sim,4.7,80.7,3.5,63.9,1,Reprovado
1,15,Masculino,Parda,Solteiro,"Ate 0,5 SM",Nao,Sim,Nao,Publica,Nao,Sim,6.5,82.6,7.3,82.3,0,Aprovado
3,17,Masculino,Preta,Solteiro,"0,5-1 SM",Nao,Sim,Sim,Publica,Nao,Nao,7.1,84.6,5.4,55.2,0,Aprovado
1,15,Feminino,Branca,Solteiro,"Ate 0,5 SM",Sim,Sim,Nao,Publica,Nao,Sim,7.6,96.1,7.1,59.1,0,Aprovado
3,18,Feminino,Preta,Solteiro,Acima de 1 SM,Nao,Sim,Sim,Publica,Nao,Nao,6.7,76.8,6.1,54.3,1,Em Risco
3,21,Masculino,Preta,Solteiro,"Ate 0,5 SM",Sim,Nao,Nao,Publica,Sim,Sim,4.7,83.8,2.6,46.6,1,Reprovado
2,16,Feminino,Branca,Solteiro,"Ate 0,5 SM",Nao,Sim,Nao,Publica,Nao,Nao,4.7,79.4,4.4,61.2,0,Reprovado
3,17,Feminino,Parda,Solteiro,"Ate 0,5 SM",Sim,Sim,Nao,Publica,Nao,Sim,6.7,84.6,5.6,49.9,0,Aprovado
1,15,Masculino,Parda,Solteiro,Acima de 1 SM,Nao,Sim,Nao,Privada,Nao,Nao,10.0,90.8,7.0,55.2,0,Aprovado
2,16,Feminino,Branca,Solteiro,Acima de 1 SM,Nao,Sim,Nao,Publica,Nao,Nao,6.4,65.6,4.1,28.9,0,Reprovado
3,22,Feminino,Preta,Solteiro,"Ate 0,5 SM",Sim,Nao,Nao,Publica,Sim,Sim,5.8,84.2,4.1,45.2,1,Reprovado
2,16,Feminino,Preta,Solteiro,"Ate 0,5 SM",Nao,Sim,Nao,Publica,Nao,Sim,5.7,83.1,6.1,73.3,1,Aprovado
1,16,Masculino,Parda,Solteiro,"Ate 0,5 SM",Nao,Nao,Sim,Publica,Nao,Sim,4.9,80.1,5.8,62.2,1,Em Risco
2,16,Masculino,Parda,Solteiro,Acima de 1 SM,Nao,Sim,Sim,Publica,Nao,Nao,7.6,85.0,7.5,67.1,0,Aprovado
3,17,Masculino,Parda,Solteiro,"0,5-1 SM",Nao,Sim,Nao,Publica,Nao,Nao,6.5,86.0,5.6,77.4,0,Aprovado
1,15,Feminino,Parda,Solteiro,"0,5-1 SM",Nao,Sim,Sim,Privada,Nao,Nao,3.8,68.1,5.2,39.7,1,Reprovado
1,15,Feminino,Parda,Solteiro,"Ate 0,5 SM",Nao,Sim,Nao,Publica,Nao,Nao,8.5,91.7,7.0,69.9,0,Aprovado
3,20,Masculino,Outra,Solteiro,"Ate 0,5 SM",Nao,Sim,Nao,Publica,Sim,Sim,6.4,83.6,4.8,77.0,1,Aprovado
3,17,Masculino,Parda,Solteiro,"Ate 0,5 SM",Nao,Sim,Nao,Publica,Nao,Sim,6.5,83.4,7.7,84.6,0,Aprovado
1,15,Feminino,Branca,Solteiro,"0,5-1 SM",Nao,Sim,Nao,Publica,Nao,Nao,5.9,76.5,2.7,45.2,1,Em Risco
1,17,Feminino,Parda,Solteiro,Acima de 1 SM,Nao,Sim,Nao,Publica,Sim,Nao,6.6,79.7,8.3,82.0,1,Em Risco
1,15,Feminino,Branca,Solteiro,"Ate 0,5 SM",Nao,Sim,Nao,Publica,Nao,Sim,7.0,83.7,5.6,56.5,0,Aprovado
1,15,Feminino,Parda,Solteiro,"Ate 0,5 SM",Nao,Nao,Nao,Publica,Nao,Sim,6.7,82.9,5.9,57.7,0,Aprovado
2,16,Feminino,Preta,Solteiro,"Ate 0,5 SM",Nao,Sim,Nao,Privada,Nao,Nao,8.0,87.9,6.8,53.0,1,Aprovado
3,17,Masculino,Parda,Solteiro,"Ate 0,5 SM",Nao,Sim,Nao,Publica,Nao,Sim,8.1,88.9,7.7,70.4,0,Aprovado
2,16,Masculino,Parda,Solteiro,Acima de 1 SM,Nao,Sim,Sim,Publica,Nao,Nao,9.6,91.1,8.9,92.6,1,Aprovado
2,18,Masculino,Parda,Casado/Uniao,"Ate 0,5 SM",Nao,Nao,Nao,Publica,Sim,Sim,4.6,83.2,5.4,77.8,1,Reprovado
1,15,Feminino,Parda,Solteiro,"0,5-1 SM",Nao,Sim,Nao,Publica,Nao,Nao,5.7,87.4,5.6,80.6,0,Em Risco
3,17,Masculino,Branca,Solteiro,"0,5-1 SM",Nao,Sim,Nao,Publica,Nao,Nao,6.9,85.2,4.8,71.7,1,Aprovado
2,16,Feminino,Branca,Solteiro,"0,5-1 SM",Nao,Sim,Nao,Publica,Nao,Nao,5.4,78.5,5.7,61.1,0,Reprovado
3,18,Masculino,Branca,Solteiro,Acima de 1 SM,Nao,Sim,Sim,Publica,Nao,Nao,6.2,77.2,5.6,48.6,0,Em Risco
2,18,Masculino,Preta,Solteiro,"0,5-1 SM",Sim,Sim,Sim,Privada,Sim,Nao,6.6,90.5,6.0,58.3,1,Aprovado
1,15,Feminino,Branca,Solteiro,Acima de 1 SM,Nao,Sim,Nao,Publica,Nao,Nao,7.8,100.0,6.9,67.7,0,Aprovado
2,16,Masculino,Branca,Solteiro,"Ate 0,5 SM",Nao,Sim,Nao,Publica,Nao,Sim,9.5,94.7,9.8,97.5,0,Aprovado
1,17,Masculino,Parda,Solteiro,"0,5-1 SM",Nao,Sim,Nao,Publica,Sim,Nao,5.6,75.7,5.9,52.0,1,Em Risco
2,16,Feminino,Parda,Outro,"0,5-1 SM",Sim,Sim,Sim,Publica,Nao,Nao,7.0,87.6,5.7,54.9,0,Aprovado
1,15,Masculino,Parda,Solteiro,"Ate 0,5 SM",Nao,Sim,Nao,Publica,Nao,Sim,6.8,87.3,5.0,56.1,0,Aprovado
1,15,Feminino,Parda,Solteiro,"0,5-1 SM",Nao,Sim,Sim,Publica,Nao,Nao,6.8,81.5,3.9,53.9,1,Em Risco
3,17,Feminino,Parda,Solteiro,"0,5-1 SM",Nao,Sim,Sim,Publica,Nao,Nao,5.7,82.6,6.0,62.5,1,Em Risco
1,15,Feminino,Parda,Solteiro,"0,5-1 SM",Nao,Sim,Nao,Publica,Nao,Nao,5.2,83.2,5.3,68.6,1,Em Risco
3,17,Feminino,Preta,Solteiro,"Ate 0,5 SM",Nao,Sim,Nao,Publica,Nao,Nao,7.3,82.0,5.3,72.9,0,Aprovado
1,16,Masculino,Parda,Solteiro,"0,5-1 SM",Nao,Sim,Nao,Publica,Nao,Nao,5.4,94.3,5.3,63.1,1,Em Risco
2,16,Feminino,Parda,Solteiro,"Ate 0,5 SM",Nao,Sim,Nao,Publica,Nao,Nao,4.1,79.0,3.6,48.6,0,Reprovado
2,19,Masculino,Preta,Solteiro,"0,5-1 SM",Sim,Sim,Sim,Publica,Sim,Nao,5.8,74.1,4.7,57.1,1,Reprovado
2,19,Masculino,Branca,Solteiro,"Ate 0,5 SM",Nao,Sim,Nao,Publica,Sim,Nao,7.8,90.9,6.3,53.9,1,Aprovado
1,19,Masculino,Branca,Casado/Uniao,"Ate 0,5 SM",Nao,Sim,Nao,Publica,Sim,Sim,2.3,82.9,1.9,50.2,2,Reprovado
1,20,Masculino,Parda,Solteiro,"Ate 0,5 SM",Sim,Nao,Nao,Publica,Sim,Sim,4.8,81.4,5.2,69.1,1,Reprovado
1,19,Feminino,Parda,Solteiro,"Ate 0,5 SM",Sim,Sim,Nao,Publica,Sim,Sim,6.3,82.4,5.3,57.3,1,Em Risco
1,16,Masculino,Parda,Casado/Uniao,"Ate 0,5 SM",Nao,Sim,Nao,Publica,Nao,Sim,4.1,82.3,6.0,79.5,1,Em Risco
2,16,Feminino,Parda,Solteiro,"Ate 0,5 SM",Nao,Sim,Nao,Publica,Nao,Sim,6.2,83.5,4.7,54.4,1,Em Risco
3,24,Masculino,Parda,Solteiro,"0,5-1 SM",Nao,Sim,Nao,Publica,Sim,Nao,4.4,77.5,3.6,45.3,1,Reprovado
3,17,Masculino,Parda,Solteiro,"0,5-1 SM",Sim,Sim,Nao,Publica,Nao,Nao,4.7,74.1,2.4,26.1,0,Reprovado
3,17,Feminino,Outra,Solteiro,"Ate 0,5 SM",Nao,Sim,Nao,Publica,Nao,Sim,5.9,82.2,5.8,72.1,1,Aprovado
3,18,Masculino,Parda,Solteiro,"Ate 0,5 SM",Sim,Sim,Nao,Publica,Nao,Sim,4.5,91.1,3.9,76.8,2,Reprovado
2,16,Feminino,Parda,Solteiro,"Ate 0,5 SM",Nao,Sim,Nao,Publica,Nao,Nao,4.9,77.6,3.6,28.5,2,Reprovado
1,15,Masculino,Parda,Solteiro,"0,5-1 SM",Nao,Sim,Nao,Publica,Nao,Nao,6.4,94.4,5.4,71.4,0,Em Risco
3,17,Masculino,Preta,Solteiro,"Ate 0,5 SM",Nao,Sim,Sim,Publica,Nao,Sim,9.7,100.0,7.8,76.9,0,Aprovado
2,16,Masculino,Parda,Solteiro,"Ate 0,5 SM",Nao,Sim,Nao,Privada,Nao,Sim,7.6,85.6,6.5,57.2,1,Aprovado
2,20,Feminino,Parda,Solteiro,"Ate 0,5 SM",Sim,Sim,Nao,Publica,Sim,Sim,6.8,98.6,5.4,65.2,1,Em Risco
1,15,Masculino,Parda,Solteiro,"Ate 0,5 SM",Nao,Sim,Nao,Publica,Nao,Sim,7.5,83.3,4.8,54.0,0,Aprovado
2,16,Masculino,Parda,Solteiro,"Ate 0,5 SM",Sim,Sim,Nao,Privada,Nao,Sim,5.2,85.7,6.3,67.5,0,Em Risco
2,16,Masculino,Parda,Solteiro,"Ate 0,5 SM",Nao,Nao,Nao,Publica,Nao,Sim,6.6,81.0,5.3,48.0,0,Em Risco
3,17,Feminino,Parda,Solteiro,"0,5-1 SM",Nao,Sim,Sim,Publica,Nao,Nao,8.2,84.0,7.8,51.8,1,Aprovado
2,16,Feminino,Parda,Solteiro,"0,5-1 SM",Nao,Sim,Sim,Privada,Nao,Nao,8.0,83.1,5.8,59.9,1,Aprovado
2,22,Feminino,Branca,Casado/Uniao,"Ate 0,5 SM",Nao,Sim,Nao,Publica,Sim,Sim,6.2,82.7,6.0,73.8,1,Aprovado
3,19,Masculino,Parda,Solteiro,"0,5-1 SM",Nao,Sim,Nao,Publica,Sim,Nao,6.6,83.6,5.7,60.9,1,Aprovado
1,16,Feminino,Preta,Solteiro,"Ate 0,5 SM",Nao,Sim,Nao,Publica,Nao,Sim,9.7,95.0,9.8,81.0,0,Aprovado
2,16,Feminino,Parda,Solteiro,Acima de 1 SM,Nao,Sim,Nao,Publica,Nao,Nao,7.7,75.9,6.8,46.2,0,Reprovado
1,15,Feminino,Parda,Solteiro,"Ate 0,5 SM",Nao,Sim,Nao,Publica,Nao,Sim,6.0,86.0,5.4,72.5,0,Em Risco
3,18,Feminino,Parda,Solteiro,"0,5-1 SM",Sim,Sim,Sim,Publica,Nao,Nao,6.3,82.3,5.2,64.7,1,Em Risco
3,17,Feminino,Parda,Solteiro,"0,5-1 SM",Sim,Sim,Nao,Publica,Nao,Nao,4.6,76.9,5.2,68.0,2,Reprovado
1,19,Masculino,Parda,Solteiro,"Ate 0,5 SM",Nao,Sim,Nao,Publica,Sim,Nao,9.0,96.1,7.2,49.1,1,Aprovado
3,19,Feminino,Parda,Solteiro,Acima de 1 SM,Sim,Sim,Sim,Publica,Sim,Nao,8.1,97.0,5.8,62.5,1,Aprovado
1,16,Feminino,Preta,Solteiro,"Ate 0,5 SM",Nao,Sim,Sim,Publica,Nao,Sim,6.9,86.7,7.0,65.6,1,Aprovado
3,19,Masculino,Branca,Solteiro,"0,5-1 SM",Sim,Sim,Sim,Publica,Sim,Nao,8.6,100.0,8.7,80.0,1,Aprovado
3,20,Masculino,Preta,Solteiro,"Ate 0,5 SM",Sim,Sim,Nao,Publica,Sim,Sim,6.3,82.8,6.4,58.7,1,Em Risco
3,17,Feminino,Parda,Solteiro,"Ate 0,5 SM",Nao,Nao,Nao,Publica,Nao,Sim,5.6,82.1,5.5,40.4,1,Em Risco
1,18,Masculino,Parda,Solteiro,"Ate 0,5 SM",Sim,Nao,Nao,Publica,Sim,Sim,6.4,93.6,5.3,55.6,1,Em Risco
3,17,Feminino,Parda,Solteiro,"Ate 0,5 SM",Nao,Nao,Nao,Publica,Nao,Sim,6.7,95.1,7.4,72.6,0,Aprovado
3,17,Masculino,Preta,Solteiro,"Ate 0,5 SM",Nao,Sim,Nao,Publica,Nao,Sim,7.5,93.9,6.3,76.0,0,Aprovado
1,15,Masculino,Parda,Solteiro,"Ate 0,5 SM",Nao,Sim,Nao,Publica,Nao,Sim,4.7,80.7,6.4,60.9,2,Em Risco
3,17,Masculino,Parda,Solteiro,"0,5-1 SM",Nao,Sim,Sim,Publica,Nao,Nao,5.7,73.3,5.3,49.0,2,Reprovado
1,15,Masculino,Branca,Solteiro,"Ate 0,5 SM",Nao,Sim,Nao,Publica,Nao,Sim,8.4,100.0,8.1,93.5,0,Aprovado
3,17,Masculino,Parda,Solteiro,"Ate 0,5 SM",Nao,Sim,Nao,Publica,Nao,Sim,8.7,100.0,8.1,63.7,1,Aprovado
1,15,Masculino,Parda,Casado/Uniao,"0,5-1 SM",Nao,Sim,Sim,Publica,Nao,Nao,8.6,93.1,7.4,84.6,0,Aprovado
2,16,Feminino,Parda,Solteiro,"Ate 0,5 SM",Nao,Sim,Nao,Publica,Nao,Sim,9.3,100.0,7.0,54.0,0,Aprovado
2,18,Feminino,Parda,Solteiro,"Ate 0,5 SM",Sim,Sim,Nao,Publica,Sim,Nao,6.2,84.7,6.5,72.6,1,Em Risco
1,19,Masculino,Branca,Solteiro,"Ate 0,5 SM",Nao,Sim,Sim,Publica,Sim,Nao,6.9,78.0,6.0,49.1,1,Reprovado
1,15,Feminino,Parda,Solteiro,"Ate 0,5 SM",Nao,Sim,Nao,Publica,Nao,Sim,9.1,95.9,8.6,89.9,0,Aprovado
1,15,Feminino,Branca,Solteiro,"Ate 0,5 SM",Nao,Sim,Nao,Publica,Nao,Sim,5.7,83.3,6.7,76.7,0,Aprovado
2,16,Feminino,Parda,Solteiro,Acima de 1 SM,Nao,Sim,Sim,Publica,Nao,Nao,4.4,73.8,3.1,49.4,0,Reprovado
1,15,Feminino,Parda,Solteiro,"Ate 0,5 SM",Nao,Sim,Nao,Privada,Nao,Sim,6.2,91.8,6.7,78.8,1,Aprovado
2,23,Masculino,Branca,Solteiro,"Ate 0,5 SM",Nao,Sim,Nao,Publica,Sim,Nao,3.2,78.8,4.7,72.4,1,Reprovado
1,15,Masculino,Parda,Solteiro,"Ate 0,5 SM",Nao,Sim,Nao,Publica,Nao,Sim,7.9,83.8,5.3,59.1,1,Aprovado
1,15,Masculino,Parda,Outro,"Ate 0,5 SM",Nao,Sim,Nao,Publica,Nao,Sim,7.0,91.3,7.2,84.7,1,Aprovado
3,21,Masculino,Parda,Solteiro,"Ate 0,5 SM",Nao,Sim,Nao,Publica,Sim,Nao,3.3,79.6,4.4,65.5,1,Reprovado
1,15,Feminino,Parda,Solteiro,"Ate 0,5 SM",Sim,Sim,Nao,Publica,Nao,Sim,5.8,97.4,6.2,88.8,1,Em Risco
3,17,Masculino,Preta,Solteiro,"Ate 0,5 SM",Nao,Sim,Nao,Publica,Nao,Nao,9.2,94.7,8.3,88.3,0,Aprovado
3,17,Feminino,Preta,Solteiro,"Ate 0,5 SM",Nao,Nao,Sim,Privada,Nao,Sim,6.5,83.5,5.2,74.0,0,Aprovado
2,18,Feminino,Branca,Solteiro,"0,5-1 SM",Sim,Sim,Sim,Privada,Sim,Nao,4.7,82.2,6.0,81.6,1,Em Risco
2,16,Feminino,Preta,Solteiro,"Ate 0,5 SM",Nao,Sim,Nao,Privada,Nao,Sim,4.3,82.8,5.2,86.4,2,Em Risco
3,17,Feminino,Parda,Solteiro,"Ate 0,5 SM",Nao,Sim,Sim,Publica,Nao,Sim,4.5,83.0,4.5,57.7,0,Reprovado
1,15,Masculino,Parda,Solteiro,"0,5-1 SM",Sim,Sim,Sim,Privada,Nao,Nao,7.2,85.7,5.5,62.5,0,Aprovado
1,15,Feminino,Branca,Solteiro,"Ate 0,5 SM",Sim,Sim,Nao,Publica,Nao,Sim,5.4,83.7,4.9,54.8,1,Em Risco
1,17,Masculino,Branca,Solteiro,"0,5-1 SM",Nao,Sim,Nao,Privada,Sim,Nao,5.6,65.2,4.4,67.8,1,Reprovado
3,18,Feminino,Parda,Solteiro,"0,5-1 SM",Nao,Sim,Nao,Publica,Nao,Nao,5.9,88.8,5.9,77.3,0,Em Risco
1,15,Feminino,Parda,Solteiro,"Ate 0,5 SM",Sim,Sim,Nao,Publica,Nao,Nao,5.8,77.9,4.9,61.3,0,Em Risco
2,18,Feminino,Parda,Casado/Uniao,"Ate 0,5 SM",Nao,Sim,Sim,Publica,Sim,Sim,4.7,81.4,3.9,59.8,1,Em Risco
3,18,Masculino,Parda,Solteiro,Acima de 1 SM,Nao,Sim,Nao,Publica,Nao,Nao,7.1,75.5,6.2,45.6,0,Reprovado
3,17,Feminino,Parda,Solteiro,"0,5-1 SM",Nao,Sim,Sim,Publica,Nao,Nao,5.0,72.5,3.1,56.3,1,Em Risco
2,16,Masculino,Parda,Solteiro,Acima de 1 SM,Nao,Sim,Nao,Publica,Nao,Nao,5.7,78.7,4.6,53.3,1,Em Risco
1,18,Masculino,Parda,Solteiro,"Ate 0,5 SM",Sim,Sim,Nao,Publica,Sim,Sim,6.8,82.7,4.6,52.1,1,Em Risco
3,18,Feminino,Branca,Solteiro,"Ate 0,5 SM",Nao,Sim,Nao,Publica,Nao,Sim,6.9,80.3,5.5,50.0,0,Aprovado
2,16,Masculino,Branca,Solteiro,Acima de 1 SM,Nao,Sim,Sim,Publica,Nao,Nao,7.9,91.2,7.2,74.8,0,Aprovado
1,15,Feminino,Branca,Solteiro,"Ate 0,5 SM",Nao,Sim,Nao,Publica,Nao,Sim,9.2,100.0,8.6,80.2,0,Aprovado
1,15,Masculino,Parda,Solteiro,Acima de 1 SM,Nao,Sim,Sim,Publica,Nao,Nao,6.9,82.9,6.0,53.5,1,Aprovado
3,18,Feminino,Parda,Solteiro,"Ate 0,5 SM",Sim,Nao,Nao,Publica,Nao,Sim,5.8,88.0,4.8,55.9,0,Reprovado
2,21,Masculino,Parda,Solteiro,Acima de 1 SM,Sim,Sim,Nao,Privada,Sim,Nao,5.5,88.0,4.9,58.1,1,Reprovado
3,17,Feminino,Parda,Solteiro,"Ate 0,5 SM",Sim,Sim,Nao,Publica,Nao,Nao,9.6,90.1,9.6,90.6,0,Aprovado
3,18,Feminino,Parda,Solteiro,"Ate 0,5 SM",Sim,Nao,Sim,Publica,Nao,Sim,4.8,81.5,3.7,54.2,1,Reprovado
2,16,Feminino,Branca,Solteiro,Acima de 1 SM,Nao,Sim,Nao,Publica,Nao,Nao,6.8,76.1,4.5,31.9,0,Reprovado
2,16,Masculino,Parda,Solteiro,"Ate 0,5 SM",Nao,Sim,Nao,Privada,Nao,Sim,7.1,83.7,7.3,86.5,1,Aprovado
2,16,Feminino,Branca,Casado/Uniao,"Ate 0,5 SM",Nao,Sim,Sim,Publica,Nao,Sim,7.3,100.0,5.5,73.8,0,Aprovado
1,15,Masculino,Branca,Solteiro,"Ate 0,5 SM",Sim,Sim,Nao,Publica,Nao,Sim,6.1,84.7,5.3,58.8,0,Em Risco
2,17,Masculino,Preta,Solteiro,"0,5-1 SM",Sim,Sim,Nao,Publica,Nao,Nao,7.2,91.7,6.7,79.9,0,Aprovado
3,19,Masculino,Preta,Solteiro,Acima de 1 SM,Nao,Sim,Sim,Publica,Sim,Nao,6.5,82.9,7.7,72.9,1,Aprovado
2,18,Feminino,Parda,Solteiro,"Ate 0,5 SM",Nao,Sim,Sim,Privada,Sim,Sim,5.9,81.6,5.4,48.6,1,Em Risco
3,17,Masculino,Preta,Solteiro,"Ate 0,5 SM",Nao,Sim,Sim,Publica,Nao,Sim,5.6,85.3,6.1,91.4,0,Aprovado
2,19,Feminino,Parda,Solteiro,"Ate 0,5 SM",Sim,Sim,Nao,Publica,Sim,Sim,3.4,82.7,5.4,61.8,1,Reprovado
2,17,Feminino,Branca,Solteiro,"0,5-1 SM",Nao,Sim,Sim,Publica,Nao,Nao,8.7,95.8,7.9,76.9,0,Aprovado
2,21,Masculino,Parda,Solteiro,"Ate 0,5 SM",Sim,Sim,Nao,Publica,Sim,Sim,9.1,91.0,9.8,91.3,1,Aprovado
2,16,Feminino,Parda,Solteiro,"Ate 0,5 SM",Nao,Sim,Nao,Publica,Nao,Sim,8.6,94.9,9.8,98.2,0,Aprovado
2,16,Masculino,Parda,Solteiro,"Ate 0,5 SM",Nao,Sim,Nao,Publica,Nao,Sim,5.9,86.9,5.4,77.8,0,Aprovado
1,16,Feminino,Parda,Solteiro,"Ate 0,5 SM",Nao,Sim,Nao,Publica,Nao,Nao,6.1,90.0,6.8,69.7,0,Aprovado
2,16,Masculino,Parda,Solteiro,Acima de 1 SM,Nao,Sim,Sim,Publica,Nao,Nao,9.1,98.5,8.8,84.0,0,Aprovado
1,15,Feminino,Parda,Solteiro,"Ate 0,5 SM",Nao,Sim,Nao,Publica,Nao,Sim,6.0,80.8,7.0,71.3,0,Aprovado
2,18,Masculino,Branca,Solteiro,"Ate 0,5 SM",Sim,Sim,Nao,Publica,Sim,Sim,8.9,100.0,8.3,67.7,1,Aprovado
2,19,Masculino,Parda,Solteiro,"Ate 0,5 SM",Sim,Sim,Nao,Publica,Sim,Sim,5.5,81.6,4.5,67.3,1,Em Risco
2,16,Masculino,Parda,Outro,"0,5-1 SM",Nao,Sim,Sim,Publica,Nao,Nao,9.5,100.0,7.0,76.0,0,Aprovado
3,17,Masculino,Parda,Solteiro,"Ate 0,5 SM",Sim,Sim,Nao,Publica,Nao,Sim,7.2,94.6,5.3,60.3,1,Aprovado
2,16,Masculino,Parda,Solteiro,"Ate 0,5 SM",Sim,Sim,Sim,Publica,Nao,Sim,6.8,93.8,4.6,38.9,0,Aprovado
3,17,Masculino,Parda,Solteiro,"Ate 0,5 SM",Nao,Sim,Nao,Publica,Nao,Sim,8.5,83.8,7.6,74.1,0,Aprovado
2,16,Masculino,Preta,Solteiro,"0,5-1 SM",Nao,Sim,Nao,Privada,Nao,Nao,8.1,91.4,6.4,54.1,0,Aprovado
2,17,Feminino,Parda,Solteiro,"Ate 0,5 SM",Nao,Sim,Sim,Publica,Nao,Sim,7.6,90.9,5.3,59.0,0,Aprovado
1,19,Feminino,Parda,Solteiro,"Ate 0,5 SM",Sim,Sim,Nao,Publica,Sim,Sim,8.5,100.0,7.5,78.5,1,Aprovado
1,16,Feminino,Parda,Solteiro,"Ate 0,5 SM",Sim,Sim,Nao,Privada,Nao,Sim,5.5,83.8,5.3,95.3,0,Em Risco
1,15,Feminino,Parda,Solteiro,"Ate 0,5 SM",Nao,Sim,Nao,Publica,Nao,Nao,5.2,86.2,6.5,78.9,1,Em Risco
2,16,Feminino,Parda,Solteiro,Acima de 1 SM,Nao,Sim,Nao,Publica,Nao,Nao,5.8,83.2,4.2,45.6,1,Em Risco
1,16,Feminino,Branca,Solteiro,"Ate 0,5 SM",Nao,Sim,Nao,Publica,Nao,Sim,8.7,95.4,7.3,69.2,0,Aprovado
1,15,Masculino,Parda,Solteiro,Acima de 1 SM,Nao,Sim,Sim,Publica,Nao,Nao,8.9,95.9,7.8,55.7,0,Aprovado
1,15,Feminino,Parda,Solteiro,"Ate 0,5 SM",Nao,Sim,Nao,Privada,Nao,Nao,5.9,90.3,5.1,86.0,1,Em Risco
3,18,Masculino,Parda,Solteiro,"Ate 0,5 SM",Sim,Sim,Sim,Publica,Nao,Nao,3.3,78.3,3.3,79.0,0,Reprovado
1,17,Feminino,Parda,Solteiro,"Ate 0,5 SM",Sim,Sim,Nao,Publica,Sim,Sim,5.2,84.8,3.3,57.8,1,Reprovado
2,19,Feminino,Preta,Solteiro,Acima de 1 SM,Sim,Sim,Sim,Publica,Sim,Nao,4.7,70.4,2.8,47.0,2,Reprovado
1,15,Masculino,Parda,Solteiro,"Ate 0,5 SM",Nao,Sim,Nao,Publica,Nao,Sim,5.8,82.1,6.3,83.3,1,Aprovado
2,16,Feminino,Parda,Solteiro,Acima de 1 SM,Sim,Sim,Nao,Publica,Nao,Nao,4.8,81.8,4.2,34.8,1,Reprovado
1,15,Masculino,Branca,Solteiro,"Ate 0,5 SM",Nao,Sim,Nao,Publica,Nao,Sim,8.9,94.3,8.5,97.7,0,Aprovado
1,18,Masculino,Parda,Solteiro,"Ate 0,5 SM",Nao,Sim,Nao,Publica,Sim,Sim,8.3,96.5,7.3,73.3,1,Aprovado
2,20,Masculino,Branca,Solteiro,"0,5-1 SM",Sim,Nao,Nao,Publica,Sim,Nao,4.3,69.5,3.2,38.8,1,Reprovado
1,15,Feminino,Parda,Solteiro,Acima de 1 SM,Nao,Sim,Sim,Publica,Nao,Nao,8.8,79.1,5.6,54.3,0,Em Risco
1,15,Feminino,Parda,Solteiro,"Ate 0,5 SM",Nao,Sim,Nao,Publica,Nao,Sim,6.2,86.7,5.5,68.3,1,Aprovado
1,15,Feminino,Branca,Solteiro,"0,5-1 SM",Nao,Sim,Nao,Publica,Nao,Nao,5.0,76.7,1.7,23.7,1,Reprovado
1,15,Masculino,Branca,Solteiro,"Ate 0,5 SM",Nao,Sim,Nao,Publica,Nao,Sim,7.1,81.9,5.9,60.7,1,Aprovado
1,18,Feminino,Parda,Solteiro,"Ate 0,5 SM",Sim,Sim,Nao,Publica,Sim,Sim,9.3,91.5,9.5,97.3,1,Aprovado
1,15,Feminino,Preta,Solteiro,"Ate 0,5 SM",Nao,Sim,Nao,Publica,Nao,Sim,6.2,81.0,3.7,46.2,0,Em Risco
3,17,Masculino,Parda,Solteiro,"Ate 0,5 SM",Sim,Sim,Nao,Publica,Nao,Sim,6.2,88.5,4.2,43.2,1,Em Risco
2,16,Feminino,Parda,Solteiro,"Ate 0,5 SM",Nao,Sim,Sim,Privada,Nao,Sim,5.9,91.3,7.3,76.7,1,Aprovado
2,16,Masculino,Parda,Solteiro,"Ate 0,5 SM",Nao,Sim,Nao,Publica,Nao,Sim,4.3,83.1,6.4,77.1,2,Reprovado
1,18,Masculino,Parda,Solteiro,Acima de 1 SM,Nao,Sim,Nao,Publica,Sim,Nao,6.0,87.4,3.8,47.0,1,Em Risco
3,19,Masculino,Branca,Solteiro,"0,5-1 SM",Sim,Sim,Nao,Publica,Sim,Nao,6.7,80.8,8.4,76.6,1,Em Risco
2,18,Feminino,Parda,Solteiro,"Ate 0,5 SM",Nao,Sim,Nao,Publica,Sim,Nao,4.7,78.2,4.1,55.0,1,Reprovado
1,21,Masculino,Parda,Solteiro,Acima de 1 SM,Nao,Sim,Nao,Publica,Sim,Nao,6.3,82.2,6.1,71.9,1,Em Risco
2,16,Masculino,Branca,Solteiro,"Ate 0,5 SM",Nao,Sim,Nao,Privada,Nao,Sim,8.7,90.4,9.4,98.3,0,Aprovado
1,16,Masculino,Parda,Solteiro,"Ate 0,5 SM",Sim,Sim,Nao,Publica,Nao,Sim,5.9,88.5,6.9,74.9,1,Em Risco
1,16,Masculino,Parda,Solteiro,"0,5-1 SM",Nao,Sim,Nao,Publica,Nao,Nao,6.6,91.1,7.6,62.8,1,Aprovado
2,16,Masculino,Parda,Solteiro,"Ate 0,5 SM",Nao,Sim,Nao,Publica,Nao,Nao,6.5,80.8,6.9,55.7,0,Em Risco
3,17,Masculino,Parda,Solteiro,"0,5-1 SM",Sim,Sim,Nao,Publica,Nao,Nao,5.1,67.4,5.6,54.3,1,Reprovado
2,20,Feminino,Branca,Solteiro,"Ate 0,5 SM",Sim,Sim,Nao,Privada,Sim,Sim,4.3,81.4,3.6,50.3,1,Reprovado
2,17,Masculino,Parda,Casado/Uniao,"Ate 0,5 SM",Nao,Sim,Nao,Publica,Nao,Sim,5.2,82.3,4.0,47.8,0,Reprovado
3,17,Feminino,Parda,Solteiro,"Ate 0,5 SM",Nao,Sim,Sim,Publica,Nao,Sim,7.3,90.8,7.5,71.8,0,Aprovado
1,15,Feminino,Preta,Solteiro,Acima de 1 SM,Nao,Sim,Sim,Privada,Nao,Nao,8.1,96.5,7.2,77.9,0,Aprovado
1,15,Masculino,Parda,Solteiro,"0,5-1 SM",Nao,Sim,Sim,Publica,Nao,Nao,7.8,77.2,6.2,49.6,0,Em Risco
2,17,Masculino,Parda,Solteiro,"0,5-1 SM",Sim,Sim,Nao,Publica,Nao,Nao,5.5,74.1,5.9,75.2,0,Em Risco
2,16,Feminino,Branca,Solteiro,"Ate 0,5 SM",Sim,Sim,Nao,Publica,Nao,Sim,8.9,91.1,9.2,90.6,0,Aprovado
2,16,Masculino,Parda,Outro,"Ate 0,5 SM",Sim,Sim,Nao,Publica,Nao,Sim,6.4,92.8,6.1,48.0,0,Em Risco
3,20,Masculino,Parda,Solteiro,"0,5-1 SM",Sim,Sim,Nao,Publica,Sim,Nao,5.5,77.2,3.8,51.2,1,Reprovado
3,17,Masculino,Parda,Solteiro,"Ate 0,5 SM",Nao,Sim,Nao,Publica,Nao,Nao,2.1,78.2,2.8,63.8,1,Reprovado
2,18,Feminino,Parda,Solteiro,"Ate 0,5 SM",Nao,Sim,Nao,Publica,Sim,Sim,4.8,83.2,7.0,89.7,1,Em Risco
1,16,Feminino,Parda,Solteiro,"0,5-1 SM",Nao,Nao,Sim,Publica,Nao,Nao,4.6,70.1,4.6,58.4,2,Reprovado
3,23,Feminino,Parda,Solteiro,"Ate 0,5 SM",Sim,Sim,Nao,Privada,Sim,Sim,6.4,84.7,7.2,75.6,1,Aprovado
3,17,Feminino,Branca,Solteiro,"Ate 0,5 SM",Sim,Sim,Nao,Publica,Nao,Nao,6.1,93.2,6.0,83.1,1,Aprovado
3,20,Masculino,Parda,Solteiro,"0,5-1 SM",Sim,Sim,Nao,Publica,Sim,Nao,4.1,83.1,4.8,55.6,1,Reprovado
1,15,Masculino,Parda,Solteiro,"0,5-1 SM",Nao,Sim,Sim,Publica,Nao,Nao,7.2,83.9,5.9,57.4,0,Em Risco
2,16,Masculino,Branca,Solteiro,"0,5-1 SM",Nao,Sim,Nao,Publica,Nao,Nao,4.6,72.9,5.9,55.5,0,Em Risco
1,15,Masculino,Parda,Solteiro,"Ate 0,5 SM",Nao,Sim,Nao,Publica,Nao,Sim,5.1,81.6,6.0,74.0,0,Em Risco
1,15,Masculino,Preta,Solteiro,"Ate 0,5 SM",Sim,Sim,Nao,Publica,Nao,Nao,5.1,79.5,5.2,43.2,1,Reprovado
1,15,Masculino,Parda,Solteiro,"0,5-1 SM",Sim,Sim,Nao,Publica,Nao,Nao,6.7,90.9,5.7,46.4,1,Em Risco
2,16,Masculino,Parda,Solteiro,"0,5-1 SM",Sim,Sim,Nao,Publica,Nao,Nao,7.8,100.0,5.8,60.7,1,Aprovado
2,16,Masculino,Branca,Solteiro,"Ate 0,5 SM",Nao,Sim,Nao,Publica,Nao,Sim,5.7,82.6,6.3,75.5,2,Aprovado
1,16,Masculino,Parda,Solteiro,Acima de 1 SM,Nao,Sim,Nao,Publica,Nao,Nao,8.4,86.9,8.0,80.4,1,Aprovado
2,17,Feminino,Branca,Solteiro,Acima de 1 SM,Nao,Sim,Nao,Publica,Nao,Nao,6.7,82.4,7.6,82.3,1,Aprovado
2,16,Feminino,Parda,Solteiro,"Ate 0,5 SM",Nao,Sim,Nao,Privada,Nao,Sim,6.9,87.7,5.2,63.8,0,Aprovado
1,15,Feminino,Parda,Solteiro,"0,5-1 SM",Nao,Sim,Nao,Publica,Nao,Nao,6.4,75.2,5.8,59.4,1,Reprovado
1,16,Masculino,Parda,Solteiro,"Ate 0,5 SM",Nao,Sim,Nao,Publica,Nao,Sim,6.2,83.2,6.6,70.5,1,Aprovado
2,16,Masculino,Parda,Casado/Uniao,"Ate 0,5 SM",Nao,Sim,Nao,Privada,Nao,Nao,7.2,93.0,7.1,60.7,0,Em Risco
3,17,Masculino,Preta,Outro,"Ate 0,5 SM",Sim,Sim,Nao,Publica,Nao,Nao,7.0,86.2,5.5,81.5,1,Aprovado
1,16,Masculino,Preta,Solteiro,"Ate 0,5 SM",Nao,Nao,Nao,Privada,Nao,Sim,5.2,87.2,4.1,75.1,0,Em Risco
1,17,Masculino,Branca,Solteiro,Acima de 1 SM,Sim,Sim,Sim,Privada,Sim,Nao,5.9,82.7,5.6,79.0,1,Em Risco
1,15,Feminino,Parda,Solteiro,"0,5-1 SM",Sim,Sim,Nao,Publica,Nao,Nao,8.2,84.1,5.0,53.7,1,Em Risco
3,18,Feminino,Parda,Solteiro,"0,5-1 SM",Sim,Sim,Nao,Publica,Nao,Nao,6.2,78.2,5.1,60.6,1,Em Risco
2,16,Masculino,Preta,Solteiro,"Ate 0,5 SM",Nao,Sim,Nao,Publica,Nao,Sim,6.8,88.4,6.3,60.2,1,Aprovado
2,16,Masculino,Parda,Solteiro,"Ate 0,5 SM",Nao,Sim,Sim,Publica,Nao,Sim,8.3,86.6,5.9,59.9,1,Aprovado
1,17,Masculino,Preta,Solteiro,"Ate 0,5 SM",Nao,Sim,Sim,Privada,Sim,Nao,5.7,71.5,3.2,48.3,1,Reprovado
2,16,Masculino,Parda,Casado/Uniao,"Ate 0,5 SM",Sim,Sim,Nao,Privada,Nao,Sim,6.1,81.9,6.6,55.7,0,Em Risco
1,15,Masculino,Parda,Solteiro,"Ate 0,5 SM",Sim,Sim,Nao,Publica,Nao,Sim,7.1,91.2,7.4,94.5,0,Aprovado
2,16,Masculino,Branca,Solteiro,"Ate 0,5 SM",Nao,Sim,Nao,Publica,Nao,Sim,8.1,90.3,6.5,59.0,1,Aprovado
3,20,Masculino,Preta,Solteiro,"Ate 0,5 SM",Sim,Sim,Nao,Publica,Sim,Sim,2.4,81.3,3.6,58.7,2,Reprovado
2,16,Masculino,Preta,Solteiro,"Ate 0,5 SM",Nao,Sim,Nao,Publica,Nao,Sim,9.6,96.8,9.6,92.1,0,Aprovado
3,17,Masculino,Parda,Solteiro,"Ate 0,5 SM",Nao,Sim,Nao,Publica,Nao,Nao,5.2,78.7,4.5,62.1,1,Em Risco
3,21,Masculino,Parda,Solteiro,"Ate 0,5 SM",Nao,Sim,Sim,Privada,Sim,Sim,6.2,83.8,5.1,59.9,1,Em Risco
1,15,Masculino,Parda,Solteiro,Acima de 1 SM,Sim,Sim,Nao,Publica,Nao,Nao,5.0,86.7,5.0,58.9,0,Reprovado
3,17,Feminino,Parda,Solteiro,"Ate 0,5 SM",Nao,Sim,Nao,Publica,Nao,Sim,7.3,89.3,6.1,64.8,0,Aprovado
1,16,Masculino,Parda,Solteiro,"Ate 0,5 SM",Nao,Sim,Nao,Publica,Nao,Sim,6.7,82.3,4.8,53.3,0,Aprovado
2,21,Feminino,Branca,Solteiro,"0,5-1 SM",Nao,Sim,Nao,Publica,Sim,Nao,7.1,75.3,4.7,52.3,1,Reprovado
1,18,Feminino,Parda,Solteiro,Acima de 1 SM,Sim,Sim,Nao,Publica,Sim,Nao,6.9,92.9,6.9,66.4,1,Aprovado
1,15,Feminino,Parda,Outro,"0,5-1 SM",Nao,Sim,Nao,Publica,Nao,Nao,7.3,81.9,7.9,54.4,1,Aprovado
2,19,Feminino,Parda,Solteiro,"Ate 0,5 SM",Nao,Sim,Nao,Publica,Sim,Sim,5.5,90.2,6.5,64.7,1,Em Risco
1,15,Feminino,Branca,Solteiro,"Ate 0,5 SM",Nao,Sim,Sim,Publica,Nao,Sim,6.9,91.5,7.0,85.9,1,Aprovado
2,16,Feminino,Parda,Outro,Acima de 1 SM,Nao,Sim,Sim,Publica,Nao,Nao,6.4,77.7,5.7,39.8,2,Em Risco
2,16,Masculino,Branca,Solteiro,"0,5-1 SM",Nao,Sim,Sim,Publica,Nao,Nao,5.0,83.7,4.7,49.4,1,Em Risco
1,16,Masculino,Branca,Solteiro,"Ate 0,5 SM",Sim,Sim,Nao,Publica,Nao,Sim,7.2,83.7,5.5,53.1,0,Em Risco
1,15,Feminino,Preta,Casado/Uniao,"Ate 0,5 SM",Sim,Sim,Nao,Publica,Nao,Sim,5.9,81.2,6.2,73.9,1,Em Risco
2,16,Feminino,Outra,Solteiro,"Ate 0,5 SM",Sim,Sim,Nao,Publica,Nao,Nao,4.0,65.8,3.2,41.6,0,Reprovado
1,15,Feminino,Preta,Solteiro,"Ate 0,5 SM",Nao,Sim,Sim,Publica,Nao,Sim,7.5,95.0,5.8,75.6,0,Aprovado
3,23,Feminino,Parda,Solteiro,"0,5-1 SM",Nao,Sim,Nao,Publica,Sim,Nao,5.6,86.3,4.4,53.9,1,Em Risco
2,22,Feminino,Parda,Solteiro,"Ate 0,5 SM",Nao,Nao,Nao,Publica,Sim,Nao,3.0,79.4,4.7,47.8,2,Reprovado
3,17,Feminino,Parda,Solteiro,Acima de 1 SM,Nao,Sim,Nao,Publica,Nao,Nao,4.9,63.2,4.1,36.8,1,Reprovado
2,16,Feminino,Parda,Solteiro,"Ate 0,5 SM",Nao,Sim,Nao,Publica,Nao,Sim,8.7,91.8,9.5,99.0,0,Aprovado
2,16,Feminino,Preta,Solteiro,"0,5-1 SM",Nao,Sim,Nao,Publica,Nao,Nao,6.7,77.3,6.1,75.6,0,Em Risco
2,16,Feminino,Parda,Solteiro,"Ate 0,5 SM",Nao,Sim,Nao,Publica,Nao,Nao,7.5,79.5,7.8,54.2,0,Aprovado
1,15,Feminino,Branca,Solteiro,"Ate 0,5 SM",Nao,Sim,Nao,Publica,Nao,Sim,7.4,91.4,6.8,65.0,0,Aprovado
1,19,Feminino,Parda,Solteiro,"Ate 0,5 SM",Sim,Sim,Nao,Publica,Sim,Sim,6.2,96.5,6.2,74.4,1,Em Risco
3,17,Feminino,Parda,Solteiro,"0,5-1 SM",Nao,Sim,Nao,Publica,Nao,Nao,6.4,87.9,6.3,65.5,0,Aprovado
2,16,Masculino,Branca,Solteiro,"Ate 0,5 SM",Nao,Sim,Nao,Privada,Nao,Sim,8.8,89.1,9.9,90.8,0,Aprovado
3,17,Masculino,Parda,Solteiro,"Ate 0,5 SM",Nao,Nao,Nao,Publica,Nao,Sim,7.1,83.9,7.8,74.1,0,Aprovado
3,17,Feminino,Preta,Solteiro,"0,5-1 SM",Nao,Sim,Nao,Publica,Nao,Nao,6.7,81.1,6.3,79.8,1,Aprovado
3,21,Feminino,Preta,Solteiro,"Ate 0,5 SM",Nao,Sim,Sim,Publica,Sim,Sim,7.0,90.1,7.0,71.2,1,Aprovado
3,17,Masculino,Parda,Solteiro,Acima de 1 SM,Nao,Sim,Nao,Publica,Nao,Nao,6.1,91.6,7.0,82.7,2,Aprovado
2,16,Masculino,Parda,Solteiro,Acima de 1 SM,Sim,Sim,Sim,Publica,Nao,Nao,6.5,80.0,7.7,73.7,0,Aprovado
1,15,Feminino,Parda,Solteiro,Acima de 1 SM,Nao,Sim,Nao,Publica,Nao,Nao,3.9,80.9,4.0,66.0,1,Reprovado
2,16,Feminino,Branca,Solteiro,"Ate 0,5 SM",Nao,Sim,Nao,Publica,Nao,Sim,5.9,96.2,6.1,54.0,0,Em Risco
1,15,Feminino,Parda,Solteiro,"Ate 0,5 SM",Sim,Sim,Nao,Publica,Nao,Sim,8.3,91.5,7.0,65.9,0,Aprovado
2,17,Feminino,Parda,Solteiro,Acima de 1 SM,Nao,Sim,Sim,Publica,Nao,Nao,7.2,84.1,5.8,58.8,0,Aprovado
2,16,Masculino,Branca,Solteiro,"Ate 0,5 SM",Nao,Sim,Nao,Privada,Nao,Sim,6.7,84.0,6.2,49.3,0,Em Risco
2,19,Masculino,Parda,Solteiro,"Ate 0,5 SM",Nao,Nao,Sim,Publica,Sim,Sim,7.3,89.4,6.7,62.5,1,Aprovado
1,15,Masculino,Preta,Solteiro,"0,5-1 SM",Nao,Sim,Nao,Privada,Nao,Nao,7.1,83.6,6.6,77.3,0,Aprovado
1,17,Feminino,Branca,Solteiro,"Ate 0,5 SM",Nao,Sim,Nao,Publica,Sim,Nao,4.9,81.2,5.3,68.2,1,Reprovado
2,17,Masculino,Branca,Solteiro,"0,5-1 SM",Nao,Sim,Nao,Publica,Nao,Nao,6.5,73.0,5.5,22.9,1,Reprovado
1,15,Feminino,Branca,Solteiro,"0,5-1 SM",Sim,Sim,Nao,Publica,Nao,Nao,4.5,70.2,2.9,46.8,0,Reprovado
3,17,Feminino,Parda,Solteiro,"0,5-1 SM",Nao,Sim,Nao,Publica,Nao,Nao,6.7,86.2,8.1,83.5,0,Aprovado
1,15,Feminino,Branca,Solteiro,"Ate 0,5 SM",Nao,Sim,Sim,Publica,Nao,Sim,5.7,87.1,5.8,76.0,0,Em Risco
1,15,Feminino,Parda,Solteiro,"Ate 0,5 SM",Nao,Sim,Nao,Publica,Nao,Sim,7.7,100.0,6.1,59.9,0,Aprovado
1,15,Masculino,Parda,Solteiro,"Ate 0,5 SM",Nao,Sim,Nao,Publica,Nao,Sim,5.8,81.3,5.1,38.9,0,Em Risco
2,16,Feminino,Parda,Solteiro,"Ate 0,5 SM",Nao,Sim,Sim,Publica,Nao,Nao,5.7,75.3,4.6,33.1,0,Reprovado
2,17,Masculino,Branca,Solteiro,"Ate 0,5 SM",Nao,Sim,Nao,Publica,Nao,Sim,6.3,80.4,6.3,72.2,1,Aprovado
1,15,Masculino,Preta,Solteiro,"Ate 0,5 SM",Sim,Sim,Nao,Publica,Nao,Sim,6.5,82.5,8.6,87.7,0,Aprovado
1,16,Masculino,Preta,Solteiro,"Ate 0,5 SM",Nao,Sim,Nao,Publica,Nao,Nao,4.9,79.5,5.6,74.0,1,Em Risco
2,17,Masculino,Parda,Casado/Uniao,"Ate 0,5 SM",Sim,Nao,Nao,Publica,Nao,Sim,5.1,81.7,3.7,36.0,1,Em Risco
1,15,Feminino,Preta,Solteiro,"0,5-1 SM",Sim,Sim,Sim,Publica,Nao,Nao,6.5,81.7,5.7,51.6,1,Em Risco
2,16,Feminino,Branca,Solteiro,"Ate 0,5 SM",Nao,Sim,Nao,Publica,Nao,Sim,8.2,96.4,6.0,64.5,0,Aprovado
2,20,Masculino,Preta,Solteiro,"Ate 0,5 SM",Sim,Sim,Nao,Privada,Sim,Nao,2.3,78.8,3.1,55.3,1,Reprovado
1,18,Masculino,Parda,Solteiro,"0,5-1 SM",Sim,Sim,Nao,Publica,Sim,Nao,6.2,85.1,5.0,34.1,1,Em Risco
1,15,Feminino,Parda,Solteiro,"0,5-1 SM",Nao,Nao,Nao,Publica,Nao,Nao,5.7,80.1,4.8,52.1,1,Em Risco
3,17,Feminino,Parda,Solteiro,"Ate 0,5 SM",Nao,Sim,Nao,Publica,Nao,Sim,5.8,81.8,4.6,66.6,1,Em Risco
2,16,Masculino,Parda,Solteiro,"0,5-1 SM",Nao,Sim,Nao,Publica,Nao,Nao,5.6,67.7,5.4,49.9,0,Reprovado
2,16,Feminino,Parda,Solteiro,"Ate 0,5 SM",Sim,Sim,Nao,Publica,Nao,Sim,5.5,84.3,3.0,56.8,1,Em Risco
1,15,Feminino,Parda,Solteiro,"Ate 0,5 SM",Nao,Sim,Nao,Publica,Nao,Sim,7.3,99.5,7.1,74.3,0,Aprovado
2,16,Feminino,Parda,Solteiro,Acima de 1 SM,Nao,Sim,Sim,Privada,Nao,Nao,6.5,99.5,6.4,68.8,1,Aprovado
1,15,Masculino,Parda,Solteiro,Acima de 1 SM,Nao,Sim,Nao,Publica,Nao,Nao,8.8,100.0,8.4,92.6,0,Aprovado
2,18,Feminino,Parda,Solteiro,"Ate 0,5 SM",Sim,Sim,Nao,Publica,Sim,Sim,6.3,93.5,6.0,78.9,1,Em Risco
3,19,Feminino,Branca,Solteiro,"0,5-1 SM",Nao,Sim,Sim,Publica,Sim,Nao,6.5,86.2,6.8,69.4,1,Em Risco
2,16,Feminino,Parda,Solteiro,Acima de 1 SM,Sim,Sim,Nao,Publica,Nao,Nao,6.0,82.7,4.9,56.2,1,Em Risco
1,15,Feminino,Parda,Casado/Uniao,Acima de 1 SM,Nao,Sim,Nao,Publica,Nao,Nao,8.2,92.1,8.3,70.4,0,Aprovado
1,15,Feminino,Parda,Solteiro,"Ate 0,5 SM",Nao,Sim,Nao,Publica,Nao,Nao,8.2,90.6,7.8,82.7,1,Aprovado
2,19,Masculino,Parda,Solteiro,"Ate 0,5 SM",Sim,Sim,Nao,Publica,Sim,Nao,3.9,74.9,3.2,53.3,1,Reprovado
1,15,Feminino,Branca,Solteiro,"Ate 0,5 SM",Nao,Sim,Nao,Publica,Nao,Nao,5.5,75.2,4.9,38.2,1,Reprovado
1,15,Feminino,Parda,Solteiro,"Ate 0,5 SM",Nao,Nao,Nao,Publica,Nao,Sim,7.0,86.8,8.2,85.6,0,Aprovado
3,18,Feminino,Parda,Solteiro,"Ate 0,5 SM",Nao,Sim,Nao,Publica,Nao,Nao,7.7,81.1,7.4,57.0,0,Aprovado
2,19,Masculino,Branca,Solteiro,"0,5-1 SM",Sim,Sim,Nao,Publica,Sim,Nao,5.1,79.4,4.0,38.8,1,Reprovado
1,20,Masculino,Parda,Solteiro,"0,5-1 SM",Nao,Sim,Nao,Publica,Sim,Nao,4.9,69.5,3.3,51.2,1,Reprovado
3,17,Feminino,Parda,Solteiro,Acima de 1 SM,Nao,Sim,Nao,Publica,Nao,Nao,6.8,84.6,7.0,53.7,1,Aprovado
1,18,Feminino,Parda,Solteiro,"Ate 0,5 SM",Sim,Sim,Nao,Publica,Sim,Sim,7.4,92.6,5.9,46.8,1,Em Risco
3,17,Masculino,Parda,Solteiro,"Ate 0,5 SM",Nao,Sim,Nao,Privada,Nao,Sim,6.7,89.7,6.2,57.9,0,Aprovado
1,15,Feminino,Branca,Solteiro,"Ate 0,5 SM",Sim,Sim,Nao,Publica,Nao,Sim,4.4,83.0,4.1,49.9,1,Reprovado
3,20,Masculino,Parda,Solteiro,"Ate 0,5 SM",Sim,Sim,Nao,Publica,Sim,Sim,5.6,82.9,3.8,52.8,1,Em Risco
2,18,Feminino,Branca,Solteiro,Acima de 1 SM,Nao,Sim,Nao,Publica,Sim,Nao,7.1,89.3,4.2,60.8,1,Em Risco
3,17,Feminino,Outra,Solteiro,"Ate 0,5 SM",Nao,Nao,Nao,Publica,Nao,Sim,6.1,83.0,4.5,51.7,0,Em Risco
3,24,Masculino,Parda,Solteiro,"0,5-1 SM",Nao,Sim,Nao,Publica,Sim,Nao,7.5,75.4,8.1,65.9,1,Em Risco
1,15,Feminino,Parda,Solteiro,"Ate 0,5 SM",Sim,Nao,Nao,Publica,Nao,Sim,6.9,90.4,5.5,39.6,0,Em Risco
3,17,Feminino,Parda,Solteiro,"Ate 0,5 SM",Nao,Sim,Nao,Privada,Nao,Sim,6.5,87.2,6.3,81.0,1,Aprovado
2,16,Masculino,Parda,Solteiro,"0,5-1 SM",Nao,Sim,Sim,Publica,Nao,Nao,6.9,91.5,5.7,61.7,1,Aprovado
2,16,Feminino,Parda,Solteiro,"Ate 0,5 SM",Sim,Sim,Nao,Publica,Nao,Sim,3.6,80.8,4.7,90.8,0,Reprovado
1,21,Masculino,Parda,Solteiro,"Ate 0,5 SM",Nao,Sim,Nao,Publica,Sim,Sim,7.5,82.9,6.7,60.3,1,Aprovado
2,16,Feminino,Parda,Solteiro,"Ate 0,5 SM",Nao,Sim,Nao,Publica,Nao,Sim,9.2,93.2,9.4,89.3,0,Aprovado
1,15,Masculino,Branca,Solteiro,"0,5-1 SM",Nao,Sim,Sim,Publica,Nao,Nao,6.3,87.9,6.1,76.8,0,Em Risco
2,16,Masculino,Parda,Solteiro,Acima de 1 SM,Nao,Sim,Sim,Privada,Nao,Nao,6.4,86.0,4.8,53.0,0,Em Risco
2,19,Masculino,Preta,Solteiro,"0,5-1 SM",Nao,Sim,Sim,Publica,Sim,Nao,6.8,83.9,6.4,70.8,1,Aprovado
3,17,Masculino,Branca,Solteiro,Acima de 1 SM,Nao,Sim,Sim,Publica,Nao,Nao,5.5,67.7,6.4,55.3,0,Reprovado
3,18,Feminino,Parda,Solteiro,"0,5-1 SM",Sim,Sim,Nao,Publica,Nao,Nao,4.7,68.0,6.9,62.6,1,Reprovado
2,19,Masculino,Parda,Solteiro,Acima de 1 SM,Nao,Sim,Nao,Privada,Sim,Nao,6.2,84.8,5.5,57.0,2,Aprovado
1,15,Masculino,Parda,Solteiro,"Ate 0,5 SM",Nao,Sim,Nao,Privada,Nao,Sim,5.8,80.7,7.3,73.9,1,Em Risco
1,15,Feminino,Parda,Solteiro,"Ate 0,5 SM",Nao,Nao,Nao,Publica,Nao,Sim,6.6,83.9,5.4,58.9,0,Aprovado
1,15,Feminino,Parda,Solteiro,"Ate 0,5 SM",Nao,Nao,Nao,Publica,Nao,Nao,5.4,78.3,4.6,57.2,1,Em Risco
1,17,Feminino,Parda,Solteiro,"0,5-1 SM",Nao,Sim,Nao,Publica,Sim,Nao,8.0,97.7,6.5,92.2,1,Aprovado
1,15,Feminino,Parda,Solteiro,"Ate 0,5 SM",Nao,Sim,Nao,Privada,Nao,Sim,7.5,94.0,5.7,54.2,0,Aprovado
1,15,Feminino,Branca,Solteiro,"Ate 0,5 SM",Nao,Sim,Nao,Publica,Nao,Sim,7.3,95.5,7.2,61.2,0,Aprovado
3,20,Masculino,Parda,Casado/Uniao,Acima de 1 SM,Nao,Sim,Nao,Publica,Sim,Nao,5.3,79.5,5.2,49.3,1,Reprovado
2,16,Masculino,Parda,Solteiro,"Ate 0,5 SM",Nao,Sim,Nao,Privada,Nao,Sim,9.7,95.2,8.3,84.0,0,Aprovado
1,15,Feminino,Parda,Solteiro,Acima de 1 SM,Nao,Sim,Sim,Publica,Nao,Nao,6.4,78.9,5.4,51.4,1,Em Risco
2,16,Masculino,Parda,Solteiro,"0,5-1 SM",Nao,Sim,Sim,Publica,Nao,Nao,5.9,74.1,6.0,62.7,1,Em Risco
1,17,Masculino,Parda,Solteiro,"Ate 0,5 SM",Sim,Sim,Sim,Publica,Sim,Sim,6.7,90.1,6.6,69.3,1,Em Risco
2,16,Masculino,Branca,Solteiro,"0,5-1 SM",Nao,Sim,Nao,Publica,Nao,Nao,6.7,79.7,7.3,62.8,1,Aprovado
2,16,Masculino,Parda,Solteiro,"0,5-1 SM",Nao,Sim,Nao,Publica,Nao,Nao,5.4,75.3,4.3,42.2,1,Reprovado
2,17,Feminino,Parda,Solteiro,"Ate 0,5 SM",Nao,Sim,Nao,Publica,Nao,Nao,9.3,96.8,6.9,66.9,0,Aprovado
2,17,Feminino,Parda,Solteiro,"0,5-1 SM",Nao,Sim,Sim,Publica,Nao,Nao,8.1,100.0,5.2,52.2,0,Aprovado
3,17,Feminino,Parda,Solteiro,"0,5-1 SM",Nao,Sim,Nao,Publica,Nao,Nao,6.5,87.3,5.0,63.1,0,Em Risco
3,17,Feminino,Parda,Solteiro,"Ate 0,5 SM",Nao,Sim,Sim,Publica,Nao,Sim,9.9,96.6,8.1,71.3,0,Aprovado
2,16,Masculino,Parda,Solteiro,"Ate 0,5 SM",Nao,Sim,Sim,Privada,Nao,Sim,8.0,93.4,7.6,78.6,1,Aprovado
2,16,Masculino,Parda,Solteiro,"Ate 0,5 SM",Nao,Sim,Nao,Publica,Nao,Sim,6.4,95.6,6.3,68.8,1,Em Risco
2,16,Feminino,Parda,Casado/Uniao,"Ate 0,5 SM",Nao,Sim,Nao,Publica,Nao,Sim,9.4,100.0,9.5,96.2,0,Aprovado
1,15,Masculino,Parda,Solteiro,"Ate 0,5 SM",Nao,Sim,Nao,Publica,Nao,Sim,7.3,82.7,4.1,41.5,0,Aprovado
2,16,Masculino,Parda,Solteiro,"0,5-1 SM",Nao,Sim,Nao,Publica,Nao,Nao,7.2,80.9,8.1,89.2,1,Aprovado
1,16,Feminino,Parda,Solteiro,"Ate 0,5 SM",Nao,Sim,Nao,Privada,Nao,Sim,6.1,82.2,6.5,85.9,0,Aprovado
2,16,Feminino,Branca,Solteiro,Acima de 1 SM,Nao,Sim,Sim,Publica,Nao,Nao,7.1,95.3,7.5,65.9,0,Aprovado
2,21,Masculino,Parda,Solteiro,"Ate 0,5 SM",Sim,Sim,Nao,Publica,Sim,Sim,4.9,85.8,4.1,78.5,1,Reprovado
1,15,Feminino,Branca,Solteiro,"Ate 0,5 SM",Nao,Sim,Sim,Privada,Nao,Sim,8.8,92.3,7.0,58.4,0,Aprovado
3,17,Feminino,Parda,Solteiro,"0,5-1 SM",Nao,Sim,Sim,Publica,Nao,Nao,4.7,70.4,5.2,58.2,1,Reprovado
3,17,Masculino,Parda,Solteiro,Acima de 1 SM,Sim,Sim,Nao,Publica,Nao,Nao,8.0,90.6,7.5,90.8,0,Aprovado
3,20,Feminino,Parda,Solteiro,"Ate 0,5 SM",Sim,Sim,Nao,Privada,Sim,Sim,4.5,82.0,5.3,44.9,1,Reprovado
2,16,Masculino,Parda,Solteiro,"Ate 0,5 SM",Nao,Sim,Nao,Publica,Nao,Nao,6.4,76.3,6.9,55.1,2,Reprovado
3,17,Feminino,Parda,Solteiro,Acima de 1 SM,Nao,Sim,Sim,Publica,Nao,Nao,6.6,82.1,4.7,56.7,0,Em Risco
1,18,Feminino,Parda,Solteiro,"Ate 0,5 SM",Sim,Sim,Nao,Publica,Sim,Nao,4.8,79.9,3.4,52.5,1,Reprovado
3,17,Feminino,Branca,Solteiro,"Ate 0,5 SM",Nao,Sim,Nao,Privada,Nao,Sim,7.5,98.3,8.0,77.8,0,Aprovado
1,15,Masculino,Preta,Solteiro,"Ate 0,5 SM",Nao,Sim,Nao,Publica,Nao,Sim,6.4,81.4,6.3,46.8,0,Em Risco
3,17,Masculino,Parda,Solteiro,"0,5-1 SM",Sim,Sim,Nao,Publica,Nao,Nao,5.1,65.1,4.2,46.3,1,Reprovado
1,18,Masculino,Parda,Solteiro,"Ate 0,5 SM",Sim,Sim,Sim,Privada,Sim,Sim,6.2,86.3,5.8,52.5,1,Em Risco
3,17,Feminino,Branca,Solteiro,"Ate 0,5 SM",Nao,Sim,Nao,Publica,Nao,Sim,8.6,95.9,9.0,98.6,0,Aprovado
3,17,Masculino,Preta,Solteiro,"Ate 0,5 SM",Nao,Sim,Sim,Publica,Nao,Sim,6.1,83.0,5.7,39.3,1,Em Risco
1,15,Masculino,Parda,Solteiro,Acima de 1 SM,Nao,Sim,Nao,Publica,Nao,Nao,4.7,75.0,4.6,62.8,1,Reprovado
2,16,Masculino,Branca,Solteiro,"Ate 0,5 SM",Nao,Sim,Sim,Publica,Nao,Sim,6.2,88.2,6.4,71.9,0,Aprovado
3,18,Masculino,Parda,Solteiro,"Ate 0,5 SM",Nao,Sim,Nao,Publica,Nao,Sim,7.1,86.6,7.3,89.0,0,Aprovado
2,18,Masculino,Parda,Solteiro,"Ate 0,5 SM",Sim,Sim,Nao,Privada,Sim,Nao,5.6,90.7,4.0,62.0,1,Em Risco
3,17,Feminino,Parda,Solteiro,"Ate 0,5 SM",Nao,Sim,Nao,Publica,Nao,Sim,8.8,96.3,8.7,87.1,0,Aprovado
2,16,Masculino,Branca,Solteiro,"0,5-1 SM",Nao,Sim,Sim,Publica,Nao,Nao,10.0,100.0,9.1,68.2,0,Aprovado
1,19,Masculino,Branca,Solteiro,"0,5-1 SM",Sim,Sim,Sim,Publica,Sim,Nao,5.2,78.8,5.1,62.2,1,Em Risco
1,15,Feminino,Branca,Casado/Uniao,"0,5-1 SM",Nao,Sim,Nao,Publica,Nao,Nao,5.4,91.6,3.7,48.5,0,Reprovado
1,17,Feminino,Parda,Solteiro,"0,5-1 SM",Nao,Sim,Nao,Publica,Sim,Nao,7.4,94.2,6.8,68.3,1,Aprovado
3,17,Masculino,Branca,Solteiro,Acima de 1 SM,Sim,Sim,Sim,Publica,Nao,Nao,7.0,85.8,7.7,62.3,1,Aprovado
2,16,Masculino,Parda,Solteiro,"Ate 0,5 SM",Nao,Sim,Nao,Publica,Nao,Sim,7.9,96.1,7.2,85.0,0,Aprovado
2,19,Feminino,Parda,Solteiro,Acima de 1 SM,Sim,Sim,Sim,Privada,Sim,Nao,6.7,82.3,6.9,88.4,1,Aprovado
2,16,Masculino,Parda,Casado/Uniao,"Ate 0,5 SM",Nao,Sim,Nao,Publica,Nao,Sim,6.2,83.5,6.1,63.6,1,Em Risco
2,16,Feminino,Parda,Solteiro,"0,5-1 SM",Nao,Sim,Sim,Publica,Nao,Nao,6.6,75.0,7.6,59.4,0,Em Risco
3,18,Masculino,Parda,Solteiro,"Ate 0,5 SM",Sim,Sim,Sim,Publica,Nao,Sim,6.9,83.5,6.8,70.6,0,Aprovado
3,19,Masculino,Parda,Solteiro,"0,5-1 SM",Sim,Sim,Nao,Publica,Sim,Nao,5.2,90.2,5.3,58.9,1,Reprovado
2,16,Masculino,Branca,Solteiro,"Ate 0,5 SM",Nao,Sim,Nao,Privada,Nao,Sim,8.2,85.5,9.0,77.4,0,Aprovado
3,17,Feminino,Parda,Solteiro,"0,5-1 SM",Nao,Sim,Sim,Publica,Nao,Nao,5.1,72.3,4.8,53.6,1,Reprovado
3,17,Feminino,Parda,Solteiro,Acima de 1 SM,Sim,Sim,Sim,Publica,Nao,Nao,8.1,90.4,7.3,64.7,0,Aprovado
2,16,Masculino,Branca,Solteiro,"0,5-1 SM",Nao,Sim,Nao,Publica,Nao,Nao,4.0,70.9,4.7,64.0,2,Reprovado
3,17,Feminino,Parda,Solteiro,"0,5-1 SM",Nao,Sim,Sim,Publica,Nao,Nao,7.0,88.0,4.5,62.4,1,Aprovado
1,18,Masculino,Parda,Solteiro,"Ate 0,5 SM",Sim,Sim,Nao,Publica,Sim,Sim,5.0,81.8,6.4,58.6,1,Reprovado
1,15,Masculino,Preta,Solteiro,"Ate 0,5 SM",Nao,Sim,Nao,Publica,Nao,Sim,4.5,82.6,5.5,71.5,1,Em Risco
3,22,Feminino,Parda,Solteiro,Acima de 1 SM,Nao,Sim,Sim,Publica,Sim,Nao,3.8,77.5,4.7,53.2,1,Reprovado
2,16,Masculino,Preta,Solteiro,"0,5-1 SM",Sim,Sim,Nao,Publica,Nao,Nao,4.6,82.2,5.7,71.0,2,Reprovado
3,17,Feminino,Parda,Solteiro,"Ate 0,5 SM",Sim,Nao,Nao,Publica,Nao,Sim,5.8,83.0,5.3,57.9,0,Em Risco
3,17,Feminino,Branca,Solteiro,"Ate 0,5 SM",Sim,Sim,Nao,Publica,Nao,Sim,5.2,83.8,4.0,42.9,1,Reprovado
1,17,Feminino,Parda,Solteiro,"Ate 0,5 SM",Sim,Sim,Nao,Publica,Sim,Nao,4.1,79.6,5.6,77.7,1,Reprovado
3,18,Feminino,Parda,Solteiro,"Ate 0,5 SM",Nao,Sim,Sim,Publica,Nao,Sim,8.6,90.4,9.3,90.5,1,Aprovado
2,17,Masculino,Parda,Outro,"Ate 0,5 SM",Nao,Nao,Nao,Publica,Nao,Sim,4.6,80.1,5.7,72.1,1,Em Risco
2,16,Masculino,Parda,Solteiro,"Ate 0,5 SM",Nao,Nao,Nao,Publica,Nao,Sim,7.1,87.7,6.3,61.3,0,Aprovado
2,16,Masculino,Preta,Solteiro,"Ate 0,5 SM",Nao,Sim,Nao,Publica,Nao,Sim,5.3,81.5,6.3,61.6,2,Em Risco
3,17,Masculino,Branca,Solteiro,"Ate 0,5 SM",Nao,Sim,Nao,Publica,Nao,Sim,5.0,80.0,4.5,64.6,2,Em Risco
1,15,Feminino,Preta,Solteiro,"Ate 0,5 SM",Nao,Sim,Nao,Publica,Nao,Sim,5.7,82.7,7.5,69.6,0,Aprovado
2,16,Masculino,Parda,Solteiro,"Ate 0,5 SM",Nao,Sim,Nao,Privada,Nao,Sim,7.4,82.6,6.3,58.5,0,Aprovado
2,16,Feminino,Branca,Casado/Uniao,"Ate 0,5 SM",Nao,Sim,Nao,Privada,Nao,Sim,4.8,85.7,6.1,69.1,1,Em Risco
3,17,Masculino,Parda,Solteiro,Acima de 1 SM,Nao,Sim,Sim,Publica,Nao,Nao,7.4,83.8,7.7,82.8,1,Aprovado
2,16,Feminino,Parda,Solteiro,"Ate 0,5 SM",Nao,Sim,Nao,Publica,Nao,Sim,5.2,85.4,3.1,54.5,0,Reprovado
1,15,Feminino,Parda,Solteiro,Acima de 1 SM,Nao,Sim,Sim,Publica,Nao,Nao,6.0,77.5,5.5,53.9,0,Aprovado
1,17,Feminino,Parda,Solteiro,Acima de 1 SM,Nao,Sim,Nao,Publica,Sim,Nao,6.6,76.0,5.6,58.4,1,Em Risco
1,15,Masculino,Branca,Solteiro,"Ate 0,5 SM",Sim,Sim,Nao,Publica,Nao,Sim,8.8,100.0,6.9,70.3,0,Aprovado
3,17,Feminino,Parda,Solteiro,"Ate 0,5 SM",Nao,Sim,Nao,Publica,Nao,Nao,5.3,77.9,4.6,57.3,1,Em Risco
1,19,Masculino,Parda,Solteiro,"Ate 0,5 SM",Nao,Sim,Nao,Publica,Sim,Nao,6.8,97.1,5.4,83.1,1,Em Risco
1,15,Masculino,Preta,Casado/Uniao,"Ate 0,5 SM",Nao,Nao,Nao,Privada,Nao,Sim,8.5,99.6,9.4,90.7,0,Aprovado
3,17,Masculino,Branca,Outro,"Ate 0,5 SM",Nao,Sim,Nao,Privada,Nao,Sim,6.0,83.0,4.7,41.0,2,Em Risco
1,15,Feminino,Branca,Casado/Uniao,"Ate 0,5 SM",Nao,Nao,Sim,Publica,Nao,Sim,7.9,98.7,7.4,64.5,0,Aprovado
3,17,Masculino,Parda,Solteiro,"0,5-1 SM",Nao,Sim,Nao,Publica,Nao,Nao,5.4,84.3,3.7,52.6,0,Em Risco
2,16,Feminino,Parda,Solteiro,"Ate 0,5 SM",Nao,Sim,Nao,Publica,Nao,Sim,4.9,82.7,3.1,50.9,1,Reprovado
3,19,Feminino,Parda,Solteiro,Acima de 1 SM,Sim,Sim,Sim,Publica,Sim,Nao,6.6,100.0,6.2,83.6,1,Aprovado
1,15,Masculino,Parda,Solteiro,"Ate 0,5 SM",Nao,Sim,Nao,Publica,Nao,Sim,8.5,93.1,7.3,76.7,0,Aprovado
1,15,Masculino,Branca,Solteiro,Acima de 1 SM,Sim,Sim,Nao,Publica,Nao,Nao,7.2,78.2,5.6,60.0,0,Em Risco
3,17,Feminino,Branca,Solteiro,"Ate 0,5 SM",Nao,Sim,Nao,Publica,Nao,Sim,4.6,80.4,5.0,55.2,1,Em Risco
3,17,Masculino,Branca,Solteiro,"Ate 0,5 SM",Nao,Sim,Nao,Publica,Nao,Sim,5.7,82.8,5.1,68.6,2,Em Risco
3,22,Feminino,Parda,Solteiro,"Ate 0,5 SM",Nao,Sim,Nao,Publica,Sim,Nao,7.2,96.3,9.0,93.4,1,Aprovado
1,16,Masculino,Branca,Solteiro,Acima de 1 SM,Nao,Sim,Sim,Privada,Nao,Nao,9.2,95.0,10.0,100.0,1,Aprovado
3,17,Feminino,Branca,Solteiro,"Ate 0,5 SM",Sim,Sim,Nao,Publica,Nao,Sim,6.3,94.4,6.7,83.3,0,Aprovado
3,17,Masculino,Parda,Solteiro,"0,5-1 SM",Sim,Sim,Nao,Publica,Nao,Nao,5.2,80.0,3.8,43.4,1,Reprovado
2,16,Masculino,Parda,Solteiro,Acima de 1 SM,Nao,Sim,Nao,Publica,Nao,Nao,8.8,100.0,7.9,90.8,0,Aprovado
3,17,Feminino,Branca,Solteiro,"0,5-1 SM",Sim,Sim,Sim,Publica,Nao,Nao,6.3,84.5,4.1,26.4,0,Em Risco
3,18,Masculino,Parda,Casado/Uniao,"Ate 0,5 SM",Sim,Nao,Nao,Privada,Nao,Sim,5.1,83.3,5.4,76.1,1,Em Risco
2,16,Masculino,Outra,Solteiro,Acima de 1 SM,Nao,Sim,Sim,Publica,Nao,Nao,6.0,85.7,4.7,37.4,0,Em Risco
1,15,Masculino,Parda,Solteiro,Acima de 1 SM,Nao,Sim,Sim,Publica,Nao,Nao,5.4,74.5,3.9,54.5,0,Reprovado
2,16,Masculino,Preta,Solteiro,"Ate 0,5 SM",Nao,Sim,Nao,Publica,Nao,Sim,10.0,98.4,8.9,84.2,0,Aprovado
1,15,Feminino,Branca,Solteiro,"Ate 0,5 SM",Nao,Sim,Nao,Privada,Nao,Sim,8.4,96.8,8.3,74.3,0,Aprovado
2,16,Feminino,Parda,Solteiro,Acima de 1 SM,Nao,Sim,Nao,Publica,Nao,Nao,5.8,92.4,4.0,60.6,0,Em Risco
2,16,Feminino,Branca,Solteiro,Acima de 1 SM,Nao,Sim,Sim,Publica,Nao,Nao,9.3,86.4,8.2,71.0,0,Aprovado
1,21,Feminino,Parda,Solteiro,"Ate 0,5 SM",Sim,Sim,Nao,Publica,Sim,Sim,6.1,80.6,7.0,57.5,1,Em Risco
1,15,Masculino,Parda,Solteiro,"0,5-1 SM",Nao,Sim,Sim,Publica,Nao,Nao,7.4,85.9,7.2,74.2,0,Aprovado
1,19,Masculino,Parda,Solteiro,"Ate 0,5 SM",Sim,Sim,Nao,Publica,Sim,Nao,4.5,80.4,2.9,53.7,1,Reprovado
3,18,Feminino,Parda,Solteiro,"Ate 0,5 SM",Sim,Sim,Nao,Publica,Nao,Sim,5.3,83.0,5.0,74.8,1,Em Risco
3,17,Feminino,Preta,Solteiro,"Ate 0,5 SM",Nao,Nao,Nao,Publica,Nao,Sim,6.1,82.0,6.7,81.6,1,Em Risco
1,15,Masculino,Branca,Solteiro,"Ate 0,5 SM",Nao,Sim,Sim,Publica,Nao,Sim,4.2,81.7,4.9,55.4,1,Em Risco
3,17,Masculino,Parda,Solteiro,"0,5-1 SM",Nao,Sim,Nao,Publica,Nao,Nao,5.8,68.7,7.4,80.3,1,Reprovado
2,21,Feminino,Parda,Solteiro,"Ate 0,5 SM",Sim,Sim,Nao,Privada,Sim,Sim,5.6,85.0,4.5,65.3,1,Em Risco
1,15,Feminino,Parda,Solteiro,"Ate 0,5 SM",Sim,Sim,Nao,Publica,Nao,Sim,7.7,89.0,6.0,61.6,0,Aprovado
1,15,Feminino,Preta,Solteiro,"Ate 0,5 SM",Nao,Sim,Sim,Publica,Nao,Sim,6.0,83.6,6.7,82.8,0,Aprovado
2,16,Masculino,Branca,Solteiro,"Ate 0,5 SM",Nao,Sim,Nao,Publica,Nao,Sim,8.6,95.4,8.4,95.6,0,Aprovado
3,19,Feminino,Parda,Solteiro,Acima de 1 SM,Sim,Sim,Sim,Publica,Sim,Nao,3.3,69.3,3.9,36.0,1,Reprovado
2,17,Masculino,Parda,Solteiro,Acima de 1 SM,Sim,Sim,Nao,Publica,Nao,Nao,7.7,85.5,5.7,53.7,1,Aprovado
1,15,Masculino,Parda,Solteiro,"Ate 0,5 SM",Nao,Sim,Nao,Publica,Nao,Sim,5.3,86.1,6.8,81.4,1,Em Risco
1,15,Feminino,Parda,Solteiro,Acima de 1 SM,Nao,Sim,Nao,Privada,Nao,Nao,7.0,90.6,6.7,65.0,2,Aprovado
2,17,Masculino,Preta,Solteiro,"Ate 0,5 SM",Sim,Nao,Nao,Publica,Nao,Nao,8.6,99.2,10.0,94.0,0,Aprovado
1,15,Masculino,Parda,Solteiro,"0,5-1 SM",Nao,Sim,Sim,Publica,Nao,Nao,7.1,84.5,6.0,61.6,2,Aprovado
1,15,Feminino,Preta,Solteiro,Acima de 1 SM,Nao,Sim,Sim,Publica,Nao,Nao,6.9,77.9,7.9,79.2,0,Aprovado
1,15,Feminino,Branca,Solteiro,"Ate 0,5 SM",Nao,Sim,Nao,Publica,Nao,Sim,9.0,92.3,9.2,90.6,0,Aprovado
3,17,Feminino,Branca,Solteiro,"0,5-1 SM",Nao,Sim,Sim,Publica,Nao,Nao,5.6,82.6,5.2,66.3,0,Em Risco
3,18,Masculino,Branca,Solteiro,"Ate 0,5 SM",Nao,Sim,Nao,Publica,Nao,Sim,7.7,88.5,8.4,81.9,0,Aprovado
2,17,Masculino,Branca,Solteiro,"Ate 0,5 SM",Nao,Sim,Sim,Publica,Nao,Sim,6.0,83.5,7.0,63.2,0,Em Risco
3,17,Feminino,Branca,Solteiro,"Ate 0,5 SM",Sim,Nao,Nao,Privada,Nao,Nao,5.8,75.3,5.7,50.2,0,Reprovado
1,15,Feminino,Parda,Solteiro,Acima de 1 SM,Sim,Sim,Nao,Publica,Nao,Nao,4.3,74.9,4.6,62.6,1,Reprovado
2,16,Feminino,Parda,Solteiro,"Ate 0,5 SM",Nao,Sim,Nao,Publica,Nao,Sim,7.6,94.7,6.7,59.6,1,Aprovado
1,15,Masculino,Parda,Casado/Uniao,Acima de 1 SM,Sim,Sim,Sim,Privada,Nao,Nao,5.0,90.0,4.3,76.2,1,Em Risco
2,18,Masculino,Branca,Solteiro,Acima de 1 SM,Sim,Sim,Sim,Publica,Sim,Nao,7.2,85.3,6.2,51.6,1,Em Risco
3,17,Feminino,Parda,Solteiro,"Ate 0,5 SM",Nao,Nao,Nao,Privada,Nao,Nao,5.0,66.4,2.4,29.6,2,Reprovado
2,23,Feminino,Parda,Solteiro,"Ate 0,5 SM",Sim,Sim,Nao,Publica,Sim,Sim,6.8,83.8,5.3,36.5,1,Aprovado
1,16,Masculino,Parda,Solteiro,"0,5-1 SM",Nao,Sim,Nao,Publica,Nao,Nao,6.5,88.5,5.1,66.7,1,Aprovado
2,20,Masculino,Preta,Solteiro,"Ate 0,5 SM",Sim,Sim,Nao,Publica,Sim,Sim,4.7,80.9,3.7,62.1,1,Reprovado
1,15,Masculino,Parda,Solteiro,"Ate 0,5 SM",Nao,Nao,Nao,Publica,Nao,Nao,8.3,82.1,4.6,45.4,0,Aprovado
3,17,Masculino,Parda,Solteiro,Acima de 1 SM,Nao,Sim,Sim,Publica,Nao,Nao,6.9,80.3,5.9,60.0,1,Aprovado
2,16,Masculino,Parda,Solteiro,"0,5-1 SM",Nao,Sim,Sim,Publica,Nao,Nao,6.3,78.9,6.3,67.7,1,Em Risco
2,16,Masculino,Preta,Solteiro,"Ate 0,5 SM",Nao,Sim,Nao,Publica,Nao,Sim,7.6,83.9,5.8,67.9,0,Aprovado
2,16,Feminino,Parda,Solteiro,"0,5-1 SM",Nao,Sim,Nao,Privada,Nao,Nao,4.7,75.9,3.1,38.5,0,Reprovado
2,16,Masculino,Parda,Solteiro,"Ate 0,5 SM",Nao,Nao,Nao,Publica,Nao,Nao,2.9,79.9,3.3,55.0,1,Reprovado
1,15,Feminino,Preta,Solteiro,"Ate 0,5 SM",Nao,Sim,Nao,Publica,Nao,Sim,8.0,97.3,7.6,72.2,0,Aprovado
2,16,Masculino,Parda,Solteiro,Acima de 1 SM,Nao,Sim,Nao,Publica,Nao,Nao,5.6,75.8,6.6,63.2,1,Em Risco
1,16,Feminino,Parda,Solteiro,Acima de 1 SM,Nao,Sim,Nao,Privada,Nao,Nao,7.9,93.7,5.9,37.4,0,Aprovado
3,17,Masculino,Parda,Solteiro,"Ate 0,5 SM",Nao,Nao,Sim,Publica,Nao,Sim,6.6,83.6,7.0,62.2,0,Aprovado
3,17,Feminino,Parda,Solteiro,"Ate 0,5 SM",Sim,Sim,Nao,Privada,Nao,Sim,4.6,80.2,4.2,44.5,1,Reprovado
3,22,Feminino,Branca,Solteiro,"0,5-1 SM",Sim,Sim,Sim,Publica,Sim,Nao,6.6,80.1,5.0,47.3,1,Em Risco
2,16,Feminino,Parda,Solteiro,"Ate 0,5 SM",Sim,Sim,Nao,Publica,Nao,Sim,5.5,80.4,5.0,53.6,1,Em Risco
2,17,Feminino,Parda,Solteiro,"Ate 0,5 SM",Nao,Sim,Nao,Publica,Nao,Sim,5.0,89.9,3.6,43.9,0,Em Risco
1,15,Masculino,Branca,Solteiro,"Ate 0,5 SM",Nao,Nao,Nao,Publica,Nao,Sim,4.8,82.5,5.4,60.1,1,Em Risco
3,17,Feminino,Preta,Solteiro,"0,5-1 SM",Nao,Sim,Nao,Publica,Nao,Nao,4.2,67.0,3.1,51.4,0,Reprovado
1,15,Feminino,Parda,Solteiro,"Ate 0,5 SM",Nao,Sim,Nao,Publica,Nao,Sim,7.0,85.0,7.7,78.4,0,Aprovado
2,16,Feminino,Parda,Solteiro,"Ate 0,5 SM",Nao,Sim,Nao,Publica,Nao,Nao,5.2,78.8,6.7,63.1,0,Em Risco
1,15,Masculino,Branca,Casado/Uniao,"Ate 0,5 SM",Nao,Sim,Sim,Privada,Nao,Sim,6.9,96.5,7.2,77.4,0,Aprovado
1,15,Feminino,Branca,Casado/Uniao,"Ate 0,5 SM",Nao,Sim,Nao,Publica,Nao,Sim,6.2,92.5,6.6,82.8,0,Aprovado
2,16,Masculino,Parda,Solteiro,"Ate 0,5 SM",Sim,Sim,Nao,Privada,Nao,Sim,4.9,82.6,5.1,61.4,1,Em Risco
1,15,Masculino,Preta,Solteiro,"Ate 0,5 SM",Nao,Sim,Nao,Publica,Nao,Sim,4.5,82.4,6.3,74.8,1,Em Risco
3,17,Masculino,Parda,Casado/Uniao,"Ate 0,5 SM",Nao,Sim,Sim,Privada,Nao,Nao,10.0,91.8,9.4,65.9,0,Aprovado
1,19,Masculino,Parda,Solteiro,Acima de 1 SM,Nao,Sim,Sim,Publica,Sim,Nao,6.4,74.9,7.6,79.6,1,Em Risco
1,15,Feminino,Parda,Solteiro,"Ate 0,5 SM",Nao,Sim,Nao,Publica,Nao,Sim,8.8,85.3,6.6,47.9,0,Aprovado
2,16,Feminino,Parda,Solteiro,"Ate 0,5 SM",Nao,Nao,Nao,Publica,Nao,Sim,7.7,90.0,6.0,57.9,0,Aprovado
1,16,Feminino,Parda,Solteiro,Acima de 1 SM,Sim,Sim,Nao,Publica,Nao,Nao,5.8,86.7,3.4,34.6,1,Em Risco
1,16,Feminino,Parda,Solteiro,"0,5-1 SM",Nao,Sim,Nao,Publica,Nao,Nao,6.7,81.6,4.2,54.9,0,Em Risco
2,16,Feminino,Parda,Solteiro,"0,5-1 SM",Nao,Sim,Nao,Publica,Nao,Nao,6.6,86.2,3.0,53.4,0,Em Risco
1,15,Feminino,Parda,Solteiro,"Ate 0,5 SM",Nao,Sim,Nao,Publica,Nao,Sim,8.8,100.0,7.5,75.5,0,Aprovado
3,17,Masculino,Parda,Solteiro,"Ate 0,5 SM",Nao,Sim,Nao,Publica,Nao,Sim,7.5,82.9,6.5,82.6,0,Aprovado
1,15,Feminino,Parda,Solteiro,"0,5-1 SM",Sim,Sim,Nao,Publica,Nao,Nao,5.0,87.8,4.6,54.8,0,Reprovado
1,15,Feminino,Preta,Solteiro,"0,5-1 SM",Nao,Sim,Sim,Publica,Nao,Nao,7.3,94.4,4.9,51.0,1,Em Risco
3,23,Feminino,Parda,Solteiro,"Ate 0,5 SM",Sim,Sim,Sim,Publica,Sim,Sim,6.8,90.2,4.8,54.0,1,Aprovado
1,15,Feminino,Preta,Solteiro,"Ate 0,5 SM",Nao,Sim,Nao,Publica,Nao,Sim,4.9,83.9,4.3,75.4,0,Em Risco
1,15,Feminino,Parda,Solteiro,Acima de 1 SM,Nao,Sim,Nao,Publica,Nao,Nao,7.3,93.3,5.8,63.3,1,Aprovado
1,16,Masculino,Parda,Solteiro,"Ate 0,5 SM",Nao,Sim,Nao,Publica,Nao,Sim,8.2,95.3,5.4,63.8,0,Aprovado
1,17,Masculino,Parda,Casado/Uniao,"Ate 0,5 SM",Nao,Sim,Nao,Publica,Sim,Sim,4.8,86.3,4.2,47.6,1,Reprovado
3,23,Feminino,Branca,Solteiro,"Ate 0,5 SM",Nao,Sim,Nao,Publica,Sim,Sim,5.0,81.7,4.8,58.6,1,Em Risco
1,17,Feminino,Parda,Solteiro,"0,5-1 SM",Sim,Sim,Nao,Publica,Sim,Nao,7.0,88.4,5.0,58.3,1,Em Risco
3,17,Feminino,Parda,Solteiro,"0,5-1 SM",Nao,Sim,Sim,Publica,Nao,Nao,6.3,91.0,6.7,50.3,0,Em Risco
3,20,Masculino,Parda,Solteiro,"0,5-1 SM",Nao,Sim,Nao,Publica,Sim,Nao,4.6,56.7,4.8,62.4,1,Reprovado
2,16,Masculino,Branca,Solteiro,"Ate 0,5 SM",Nao,Sim,Nao,Publica,Nao,Nao,7.6,91.3,6.6,59.9,0,Aprovado
3,17,Feminino,Branca,Solteiro,"Ate 0,5 SM",Sim,Sim,Nao,Publica,Nao,Sim,6.7,91.1,6.7,67.9,0,Em Risco
1,17,Masculino,Parda,Solteiro,"Ate 0,5 SM",Nao,Sim,Nao,Publica,Sim,Sim,6.0,81.0,5.7,76.5,1,Em Risco
3,17,Feminino,Parda,Solteiro,"0,5-1 SM",Nao,Sim,Sim,Publica,Nao,Nao,8.3,93.5,5.7,57.4,1,Aprovado
1,15,Masculino,Parda,Casado/Uniao,"0,5-1 SM",Sim,Sim,Nao,Privada,Nao,Nao,7.7,83.8,7.8,82.0,1,Aprovado
2,16,Masculino,Parda,Casado/Uniao,Acima de 1 SM,Nao,Sim,Sim,Publica,Nao,Nao,6.9,87.7,4.6,64.0,0,Aprovado
2,16,Feminino,Parda,Casado/Uniao,"Ate 0,5 SM",Nao,Sim,Nao,Publica,Nao,Sim,9.2,98.2,8.4,97.8,0,Aprovado
2,16,Masculino,Branca,Casado/Uniao,"0,5-1 SM",Nao,Sim,Nao,Publica,Nao,Nao,8.5,86.7,6.4,56.9,0,Aprovado
2,16,Feminino,Preta,Solteiro,"Ate 0,5 SM",Nao,Nao,Nao,Publica,Nao,Sim,3.6,82.6,4.2,58.0,1,Reprovado
2,16,Feminino,Parda,Solteiro,"Ate 0,5 SM",Nao,Sim,Nao,Publica,Nao,Sim,5.1,82.0,6.8,69.8,0,Em Risco
1,19,Masculino,Parda,Solteiro,"Ate 0,5 SM",Nao,Sim,Nao,Publica,Sim,Sim,3.0,80.5,4.2,83.9,1,Reprovado
1,15,Feminino,Parda,Solteiro,"Ate 0,5 SM",Nao,Sim,Nao,Publica,Nao,Sim,6.0,91.5,6.8,76.0,1,Aprovado
3,17,Feminino,Parda,Solteiro,Acima de 1 SM,Nao,Sim,Sim,Privada,Nao,Nao,5.6,72.8,6.8,74.5,0,Reprovado
2,16,Masculino,Parda,Solteiro,"Ate 0,5 SM",Nao,Nao,Nao,Privada,Nao,Sim,5.3,82.9,6.4,70.4,1,Em Risco
3,17,Masculino,Parda,Casado/Uniao,Acima de 1 SM,Sim,Sim,Sim,Publica,Nao,Nao,8.0,87.0,7.8,77.4,0,Aprovado
3,17,Masculino,Parda,Solteiro,"Ate 0,5 SM",Sim,Sim,Nao,Publica,Nao,Sim,3.7,80.5,2.8,38.7,0,Reprovado
3,17,Feminino,Parda,Solteiro,"Ate 0,5 SM",Nao,Sim,Nao,Publica,Nao,Sim,6.6,99.8,6.4,78.2,1,Aprovado
2,16,Feminino,Branca,Solteiro,"Ate 0,5 SM",Nao,Sim,Nao,Publica,Nao,Sim,9.7,95.3,9.1,89.2,0,Aprovado
1,15,Feminino,Parda,Solteiro,"Ate 0,5 SM",Nao,Sim,Nao,Publica,Nao,Sim,6.3,86.5,6.3,79.3,1,Aprovado
1,15,Feminino,Parda,Solteiro,"Ate 0,5 SM",Nao,Nao,Sim,Publica,Nao,Nao,6.7,87.7,6.3,81.7,0,Aprovado
3,17,Feminino,Parda,Solteiro,"Ate 0,5 SM",Nao,Sim,Nao,Privada,Nao,Sim,3.7,81.6,5.1,82.8,1,Reprovado
2,16,Feminino,Parda,Solteiro,"Ate 0,5 SM",Nao,Sim,Nao,Privada,Nao,Sim,5.5,80.2,6.1,78.1,2,Em Risco
1,15,Feminino,Branca,Solteiro,Acima de 1 SM,Nao,Sim,Sim,Publica,Nao,Nao,9.0,100.0,7.0,72.3,0,Aprovado
1,15,Masculino,Branca,Solteiro,"0,5-1 SM",Nao,Sim,Nao,Publica,Nao,Nao,4.9,66.0,6.2,50.6,1,Reprovado
3,17,Feminino,Parda,Solteiro,"0,5-1 SM",Nao,Sim,Sim,Publica,Nao,Nao,9.0,100.0,9.9,100.0,0,Aprovado
2,18,Feminino,Preta,Solteiro,"Ate 0,5 SM",Nao,Sim,Nao,Publica,Sim,Sim,4.1,82.4,5.0,72.5,1,Reprovado
2,16,Feminino,Parda,Solteiro,"Ate 0,5 SM",Sim,Sim,Nao,Publica,Nao,Sim,4.0,81.6,5.2,67.1,2,Reprovado
2,20,Feminino,Outra,Solteiro,"Ate 0,5 SM",Sim,Nao,Nao,Publica,Sim,Sim,4.0,80.8,3.2,42.6,1,Reprovado
1,17,Masculino,Parda,Solteiro,Acima de 1 SM,Nao,Sim,Sim,Publica,Sim,Nao,7.9,100.0,7.8,71.1,2,Aprovado
1,15,Feminino,Parda,Solteiro,"Ate 0,5 SM",Nao,Sim,Nao,Publica,Nao,Nao,5.7,83.5,4.5,70.5,0,Em Risco
1,15,Masculino,Parda,Solteiro,"Ate 0,5 SM",Nao,Sim,Nao,Publica,Nao,Sim,6.9,87.2,6.1,52.9,0,Aprovado
1,15,Feminino,Branca,Solteiro,"Ate 0,5 SM",Nao,Sim,Nao,Privada,Nao,Sim,6.7,83.7,6.3,73.6,0,Aprovado
3,17,Masculino,Parda,Solteiro,"Ate 0,5 SM",Nao,Sim,Sim,Publica,Nao,Sim,6.7,83.5,6.3,70.6,0,Aprovado
2,16,Feminino,Preta,Solteiro,"0,5-1 SM",Nao,Sim,Nao,Publica,Nao,Nao,8.1,91.2,7.1,73.5,1,Aprovado
3,17,Feminino,Parda,Solteiro,"Ate 0,5 SM",Nao,Nao,Nao,Publica,Nao,Sim,9.7,90.4,8.6,96.3,0,Aprovado
3,24,Feminino,Branca,Solteiro,"Ate 0,5 SM",Sim,Sim,Nao,Publica,Sim,Sim,8.8,90.7,9.7,98.3,1,Aprovado
1,18,Masculino,Parda,Solteiro,"0,5-1 SM",Sim,Sim,Sim,Privada,Sim,Nao,5.6,74.6,4.6,43.6,1,Reprovado
2,16,Feminino,Branca,Solteiro,"Ate 0,5 SM",Nao,Sim,Sim,Publica,Nao,Sim,9.1,100.0,7.7,68.6,0,Aprovado
2,16,Feminino,Parda,Solteiro,"Ate 0,5 SM",Nao,Sim,Nao,Privada,Nao,Sim,7.0,94.1,6.5,75.1,1,Aprovado
3,17,Feminino,Parda,Solteiro,"Ate 0,5 SM",Nao,Sim,Nao,Publica,Nao,Nao,4.5,73.2,4.4,62.4,1,Reprovado
1,18,Masculino,Branca,Solteiro,"0,5-1 SM",Sim,Sim,Sim,Publica,Sim,Nao,3.9,74.6,2.1,39.0,1,Reprovado
2,16,Feminino,Outra,Solteiro,Acima de 1 SM,Nao,Sim,Sim,Publica,Nao,Nao,8.2,95.3,7.3,69.7,0,Aprovado
2,16,Masculino,Preta,Casado/Uniao,"0,5-1 SM",Sim,Sim,Nao,Publica,Nao,Nao,6.9,75.7,5.9,50.1,1,Reprovado
1,15,Feminino,Parda,Solteiro,Acima de 1 SM,Nao,Sim,Nao,Publica,Nao,Nao,5.5,89.4,5.0,66.9,1,Em Risco
1,15,Masculino,Parda,Solteiro,"Ate 0,5 SM",Nao,Sim,Nao,Privada,Nao,Nao,7.6,86.7,7.5,75.9,1,Aprovado
2,21,Feminino,Parda,Solteiro,"Ate 0,5 SM",Sim,Nao,Nao,Publica,Sim,Sim,7.3,93.5,4.3,50.8,1,Em Risco
3,17,Feminino,Parda,Solteiro,"Ate 0,5 SM",Nao,Nao,Nao,Publica,Nao,Sim,8.1,97.6,8.4,83.4,1,Aprovado
1,15,Masculino,Parda,Solteiro,"0,5-1 SM",Nao,Sim,Nao,Publica,Nao,Nao,8.5,76.8,6.9,68.7,0,Em Risco
2,17,Feminino,Parda,Solteiro,"Ate 0,5 SM",Nao,Sim,Sim,Publica,Nao,Sim,7.5,85.8,5.5,60.3,0,Aprovado
2,18,Feminino,Preta,Solteiro,"0,5-1 SM",Nao,Sim,Nao,Publica,Sim,Nao,5.7,84.7,4.3,61.5,1,Em Risco
3,17,Masculino,Preta,Solteiro,"0,5-1 SM",Nao,Sim,Nao,Privada,Nao,Nao,6.1,81.6,6.6,75.7,1,Em Risco
1,20,Feminino,Parda,Solteiro,Acima de 1 SM,Nao,Sim,Sim,Publica,Sim,Nao,6.4,87.3,6.2,55.9,1,Aprovado
3,20,Masculino,Parda,Solteiro,"Ate 0,5 SM",Sim,Sim,Nao,Privada,Sim,Sim,4.5,82.0,3.9,63.8,2,Reprovado
1,15,Masculino,Parda,Solteiro,"Ate 0,5 SM",Nao,Sim,Nao,Publica,Nao,Sim,6.0,90.7,5.0,57.2,1,Em Risco
1,17,Masculino,Preta,Solteiro,"Ate 0,5 SM",Nao,Sim,Nao,Publica,Sim,Sim,7.6,91.0,7.6,66.2,1,Aprovado
1,15,Feminino,Parda,Solteiro,"Ate 0,5 SM",Nao,Sim,Nao,Publica,Nao,Sim,4.4,84.2,6.5,79.7,1,Reprovado
1,15,Masculino,Parda,Solteiro,Acima de 1 SM,Sim,Sim,Nao,Publica,Nao,Nao,4.2,65.8,4.3,45.0,1,Reprovado
2,18,Feminino,Parda,Solteiro,"Ate 0,5 SM",Sim,Sim,Nao,Publica,Sim,Sim,6.5,84.5,5.6,54.1,1,Em Risco
1,17,Feminino,Parda,Solteiro,Acima de 1 SM,Nao,Sim,Nao,Publica,Sim,Nao,5.6,75.2,5.3,63.6,2,Reprovado
3,17,Masculino,Branca,Solteiro,Acima de 1 SM,Nao,Sim,Nao,Publica,Nao,Nao,4.1,74.4,3.8,51.7,1,Reprovado
1,19,Feminino,Preta,Solteiro,"Ate 0,5 SM",Sim,Sim,Nao,Publica,Sim,Sim,5.4,82.5,5.2,47.0,1,Reprovado
1,15,Masculino,Parda,Solteiro,"Ate 0,5 SM",Nao,Sim,Nao,Publica,Nao,Nao,6.2,80.2,7.7,87.9,1,Aprovado
1,15,Feminino,Parda,Solteiro,"Ate 0,5 SM",Nao,Sim,Nao,Publica,Nao,Sim,5.9,82.4,6.0,70.1,1,Em Risco
1,15,Masculino,Branca,Solteiro,"Ate 0,5 SM",Nao,Sim,Nao,Publica,Nao,Sim,7.3,86.2,6.5,52.7,0,Aprovado
1,15,Masculino,Parda,Solteiro,"Ate 0,5 SM",Nao,Sim,Sim,Privada,Nao,Sim,5.2,82.7,6.1,74.0,0,Em Risco
2,21,Feminino,Branca,Solteiro,"Ate 0,5 SM",Sim,Nao,Nao,Publica,Sim,Nao,5.2,79.5,4.2,47.6,2,Reprovado
2,16,Feminino,Preta,Solteiro,"Ate 0,5 SM",Nao,Sim,Nao,Publica,Nao,Sim,6.2,80.2,4.8,59.7,0,Aprovado
2,19,Masculino,Branca,Solteiro,"0,5-1 SM",Sim,Sim,Nao,Publica,Sim,Nao,5.5,78.8,5.4,48.2,1,Reprovado
2,16,Feminino,Parda,Solteiro,"Ate 0,5 SM",Nao,Nao,Nao,Publica,Nao,Nao,3.9,76.7,4.1,48.7,1,Reprovado
2,16,Masculino,Parda,Casado/Uniao,"Ate 0,5 SM",Nao,Sim,Nao,Publica,Nao,Sim,5.8,83.1,6.9,75.8,1,Aprovado
1,15,Feminino,Branca,Solteiro,"Ate 0,5 SM",Nao,Sim,Nao,Publica,Nao,Sim,6.5,83.7,5.9,66.0,0,Aprovado
2,22,Feminino,Parda,Outro,Acima de 1 SM,Nao,Sim,Nao,Publica,Sim,Nao,6.8,88.2,5.7,44.4,1,Aprovado
3,17,Masculino,Parda,Solteiro,"0,5-1 SM",Nao,Sim,Nao,Publica,Nao,Nao,8.9,90.1,7.4,68.0,0,Aprovado
2,16,Masculino,Parda,Solteiro,"Ate 0,5 SM",Sim,Sim,Nao,Publica,Nao,Sim,7.0,98.0,5.0,68.4,1,Aprovado
2,16,Masculino,Parda,Solteiro,"0,5-1 SM",Nao,Sim,Sim,Publica,Nao,Nao,7.4,93.0,3.0,26.2,0,Aprovado
1,15,Masculino,Branca,Solteiro,"0,5-1 SM",Nao,Sim,Nao,Publica,Nao,Nao,8.1,81.1,6.5,53.4,0,Em Risco
3,18,Masculino,Parda,Outro,Acima de 1 SM,Nao,Sim,Sim,Publica,Nao,Nao,6.6,81.9,6.8,78.2,0,Aprovado
3,17,Feminino,Branca,Solteiro,"Ate 0,5 SM",Nao,Sim,Nao,Publica,Nao,Sim,8.5,100.0,7.2,68.5,0,Aprovado
2,16,Feminino,Branca,Solteiro,Acima de 1 SM,Sim,Sim,Nao,Publica,Nao,Nao,7.7,84.2,8.2,68.9,0,Aprovado
3,17,Masculino,Parda,Solteiro,"Ate 0,5 SM",Nao,Sim,Nao,Publica,Nao,Sim,5.9,83.5,6.0,72.1,2,Aprovado
1,15,Feminino,Parda,Solteiro,Acima de 1 SM,Nao,Sim,Nao,Publica,Nao,Nao,9.2,100.0,6.5,53.7,0,Aprovado
1,15,Feminino,Branca,Solteiro,"Ate 0,5 SM",Nao,Sim,Nao,Publica,Nao,Sim,7.0,84.2,4.4,55.6,0,Aprovado
3,18,Feminino,Parda,Solteiro,Acima de 1 SM,Sim,Sim,Sim,Publica,Nao,Nao,9.4,100.0,6.7,58.0,1,Aprovado
3,17,Feminino,Branca,Outro,Acima de 1 SM,Nao,Sim,Sim,Publica,Nao,Nao,7.4,81.6,7.8,69.3,1,Aprovado
1,16,Feminino,Preta,Solteiro,"Ate 0,5 SM",Nao,Sim,Nao,Publica,Nao,Nao,5.7,78.7,7.2,63.7,0,Em Risco
1,15,Masculino,Parda,Solteiro,Acima de 1 SM,Nao,Sim,Nao,Publica,Nao,Nao,5.7,87.1,4.9,65.9,1,Em Risco
1,17,Masculino,Branca,Solteiro,"Ate 0,5 SM",Nao,Nao,Nao,Publica,Sim,Sim,5.2,83.4,4.8,48.8,1,Reprovado
1,16,Masculino,Parda,Solteiro,"Ate 0,5 SM",Nao,Sim,Nao,Publica,Nao,Sim,5.7,84.7,5.1,67.2,0,Em Risco
3,17,Masculino,Parda,Solteiro,"Ate 0,5 SM",Sim,Sim,Nao,Publica,Nao,Sim,7.7,83.9,5.7,64.9,1,Aprovado
2,17,Masculino,Preta,Solteiro,Acima de 1 SM,Sim,Sim,Sim,Privada,Nao,Nao,6.7,77.4,5.1,43.1,0,Em Risco
1,15,Feminino,Branca,Solteiro,"Ate 0,5 SM",Nao,Sim,Nao,Publica,Nao,Sim,4.4,83.6,4.2,38.7,1,Reprovado
1,16,Masculino,Parda,Solteiro,"Ate 0,5 SM",Nao,Sim,Nao,Publica,Nao,Sim,6.7,87.9,5.5,66.4,1,Em Risco
1,15,Feminino,Parda,Solteiro,"0,5-1 SM",Sim,Sim,Nao,Publica,Nao,Nao,6.2,80.8,5.5,52.1,2,Em Risco
1,15,Masculino,Parda,Solteiro,Acima de 1 SM,Nao,Sim,Sim,Publica,Nao,Nao,6.4,84.1,3.1,33.0,0,Em Risco
2,16,Feminino,Parda,Solteiro,"0,5-1 SM",Nao,Sim,Sim,Publica,Nao,Nao,7.1,96.1,8.7,82.2,0,Aprovado
3,17,Feminino,Parda,Solteiro,"Ate 0,5 SM",Nao,Sim,Nao,Publica,Nao,Sim,6.4,89.4,5.6,60.7,1,Aprovado
3,17,Masculino,Parda,Solteiro,"Ate 0,5 SM",Nao,Sim,Sim,Publica,Nao,Sim,7.6,87.5,7.0,63.9,1,Aprovado
1,15,Masculino,Parda,Solteiro,"Ate 0,5 SM",Nao,Sim,Nao,Publica,Nao,Sim,7.2,82.9,5.8,67.5,1,Aprovado
3,17,Feminino,Branca,Solteiro,"0,5-1 SM",Nao,Sim,Nao,Privada,Nao,Nao,7.1,89.8,5.1,68.9,0,Aprovado
3,17,Masculino,Parda,Solteiro,"Ate 0,5 SM",Nao,Sim,Nao,Privada,Nao,Sim,4.9,80.9,4.9,68.9,1,Em Risco
3,17,Masculino,Parda,Casado/Uniao,"Ate 0,5 SM",Nao,Sim,Sim,Publica,Nao,Sim,9.6,92.2,7.9,56.8,0,Aprovado
2,16,Masculino,Branca,Solteiro,Acima de 1 SM,Nao,Sim,Nao,Publica,Nao,Nao,4.6,82.8,5.0,58.7,1,Em Risco
2,16,Feminino,Preta,Solteiro,"Ate 0,5 SM",Nao,Nao,Nao,Publica,Nao,Sim,6.0,88.6,5.2,55.7,0,Em Risco
1,15,Feminino,Branca,Solteiro,"Ate 0,5 SM",Nao,Sim,Nao,Publica,Nao,Sim,5.0,83.2,4.0,60.0,2,Em Risco
1,15,Feminino,Parda,Solteiro,"Ate 0,5 SM",Sim,Sim,Nao,Publica,Nao,Sim,6.5,82.3,7.3,68.6,0,Aprovado
1,19,Feminino,Parda,Solteiro,"Ate 0,5 SM",Sim,Sim,Nao,Publica,Sim,Sim,5.6,92.7,3.6,41.2,1,Reprovado
1,15,Feminino,Parda,Outro,"Ate 0,5 SM",Sim,Sim,Sim,Publica,Nao,Sim,6.1,90.1,4.8,60.4,0,Em Risco
2,17,Feminino,Parda,Solteiro,"Ate 0,5 SM",Nao,Sim,Sim,Privada,Nao,Sim,8.9,94.9,5.8,52.4,0,Aprovado
3,21,Feminino,Parda,Casado/Uniao,Acima de 1 SM,Sim,Nao,Sim,Publica,Sim,Nao,7.2,83.2,5.7,60.7,1,Aprovado
2,16,Masculino,Parda,Solteiro,"Ate 0,5 SM",Nao,Sim,Nao,Publica,Nao,Nao,6.0,81.4,6.3,76.7,0,Em Risco
1,15,Masculino,Parda,Solteiro,"Ate 0,5 SM",Nao,Sim,Nao,Publica,Nao,Nao,7.5,84.9,7.5,71.3,0,Aprovado
3,17,Feminino,Parda,Solteiro,"0,5-1 SM",Nao,Sim,Nao,Publica,Nao,Nao,8.5,100.0,7.0,57.4,0,Aprovado
3,17,Feminino,Preta,Solteiro,"0,5-1 SM",Nao,Sim,Nao,Publica,Nao,Nao,7.9,87.3,5.6,38.3,0,Aprovado
3,17,Masculino,Parda,Solteiro,"0,5-1 SM",Nao,Sim,Nao,Publica,Nao,Nao,6.3,75.2,6.0,27.8,0,Reprovado
3,17,Masculino,Preta,Solteiro,Acima de 1 SM,Nao,Sim,Sim,Privada,Nao,Nao,5.1,86.7,6.3,74.6,1,Em Risco
2,19,Feminino,Parda,Solteiro,"0,5-1 SM",Sim,Sim,Nao,Publica,Sim,Nao,5.9,76.5,5.5,56.2,1,Em Risco
3,21,Feminino,Parda,Solteiro,"Ate 0,5 SM",Sim,Sim,Nao,Publica,Sim,Sim,6.3,89.4,5.9,45.6,1,Em Risco
1,15,Masculino,Parda,Solteiro,"0,5-1 SM",Nao,Sim,Sim,Publica,Nao,Nao,5.8,84.2,6.7,78.1,0,Em Risco
1,16,Feminino,Parda,Solteiro,"Ate 0,5 SM",Nao,Sim,Nao,Publica,Nao,Sim,6.5,84.7,4.8,52.8,0,Em Risco
1,15,Feminino,Parda,Solteiro,"Ate 0,5 SM",Nao,Sim,Nao,Publica,Nao,Sim,6.3,82.5,6.7,65.0,1,Aprovado
1,15,Feminino,Preta,Solteiro,"Ate 0,5 SM",Nao,Sim,Nao,Publica,Nao,Sim,8.3,93.3,7.8,61.7,0,Aprovado
1,23,Masculino,Branca,Casado/Uniao,"Ate 0,5 SM",Nao,Sim,Nao,Publica,Sim,Sim,8.3,86.3,7.3,81.3,1,Aprovado
2,16,Masculino,Parda,Solteiro,"Ate 0,5 SM",Sim,Sim,Nao,Publica,Nao,Sim,7.5,90.0,6.1,64.6,0,Aprovado
3,17,Masculino,Parda,Outro,"Ate 0,5 SM",Nao,Nao,Nao,Publica,Nao,Sim,6.1,88.2,6.7,67.2,0,Aprovado
2,18,Masculino,Branca,Solteiro,"Ate 0,5 SM",Sim,Sim,Nao,Publica,Sim,Nao,6.9,96.5,5.7,76.1,1,Em Risco
1,18,Feminino,Parda,Solteiro,Acima de 1 SM,Sim,Sim,Nao,Privada,Sim,Nao,6.6,76.8,4.5,49.1,1,Reprovado
3,20,Masculino,Parda,Solteiro,Acima de 1 SM,Sim,Sim,Sim,Publica,Sim,Nao,5.9,78.7,6.4,59.1,1,Reprovado
2,18,Feminino,Parda,Solteiro,"Ate 0,5 SM",Sim,Sim,Nao,Publica,Sim,Sim,8.2,89.8,5.9,54.3,1,Aprovado
2,16,Masculino,Preta,Solteiro,"0,5-1 SM",Nao,Sim,Nao,Publica,Nao,Nao,5.5,80.1,3.1,55.3,1,Reprovado
2,21,Masculino,Parda,Solteiro,"Ate 0,5 SM",Sim,Sim,Nao,Publica,Sim,Sim,6.2,81.5,5.2,50.8,1,Em Risco
1,15,Feminino,Parda,Solteiro,Acima de 1 SM,Nao,Sim,Nao,Publica,Nao,Nao,7.7,83.1,7.9,82.4,0,Aprovado
1,17,Feminino,Parda,Solteiro,"Ate 0,5 SM",Nao,Sim,Nao,Publica,Sim,Sim,5.5,80.4,6.0,52.2,1,Em Risco
3,18,Masculino,Parda,Solteiro,"Ate 0,5 SM",Sim,Sim,Nao,Publica,Nao,Sim,6.7,82.2,6.5,63.9,0,Aprovado
1,15,Feminino,Parda,Solteiro,"Ate 0,5 SM",Nao,Sim,Sim,Publica,Nao,Sim,8.0,88.2,8.4,82.0,0,Aprovado
2,16,Feminino,Preta,Solteiro,"Ate 0,5 SM",Nao,Nao,Nao,Publica,Nao,Sim,6.5,96.1,5.3,71.1,1,Em Risco
3,17,Feminino,Parda,Solteiro,"Ate 0,5 SM",Nao,Sim,Nao,Publica,Nao,Sim,7.1,90.2,6.0,57.8,0,Aprovado
2,21,Feminino,Parda,Solteiro,"Ate 0,5 SM",Sim,Sim,Nao,Publica,Sim,Sim,5.6,83.3,5.9,55.2,1,Em Risco
1,15,Masculino,Parda,Solteiro,"Ate 0,5 SM",Nao,Sim,Nao,Publica,Nao,Sim,7.5,98.7,8.3,90.5,0,Aprovado
1,19,Feminino,Parda,Solteiro,"Ate 0,5 SM",Sim,Nao,Nao,Publica,Sim,Sim,4.9,83.0,4.0,57.8,1,Reprovado
1,16,Feminino,Branca,Solteiro,"Ate 0,5 SM",Nao,Sim,Nao,Publica,Nao,Sim,6.0,86.1,6.9,78.8,1,Aprovado
2,17,Masculino,Parda,Solteiro,Acima de 1 SM,Nao,Sim,Sim,Privada,Nao,Nao,7.2,83.4,6.7,52.5,0,Aprovado
2,16,Masculino,Parda,Solteiro,"Ate 0,5 SM",Nao,Sim,Nao,Privada,Nao,Sim,8.1,88.9,8.6,84.2,1,Aprovado
1,19,Feminino,Parda,Solteiro,"Ate 0,5 SM",Sim,Nao,Nao,Publica,Sim,Nao,2.9,57.5,5.3,71.3,2,Reprovado
3,17,Masculino,Parda,Solteiro,"0,5-1 SM",Nao,Sim,Sim,Publica,Nao,Nao,5.6,75.1,6.3,62.2,0,Em Risco
2,16,Masculino,Parda,Casado/Uniao,Acima de 1 SM,Nao,Sim,Nao,Publica,Nao,Nao,9.6,96.3,7.6,39.1,0,Aprovado
1,17,Feminino,Preta,Solteiro,"Ate 0,5 SM",Nao,Sim,Nao,Publica,Sim,Sim,6.3,86.3,4.5,36.4,1,Em Risco
2,16,Masculino,Parda,Solteiro,Acima de 1 SM,Sim,Sim,Nao,Publica,Nao,Nao,5.7,79.0,4.7,55.0,0,Em Risco
2,19,Masculino,Branca,Solteiro,"Ate 0,5 SM",Nao,Sim,Nao,Publica,Sim,Sim,6.9,84.9,7.9,80.1,1,Aprovado
1,15,Feminino,Preta,Solteiro,"Ate 0,5 SM",Nao,Sim,Nao,Publica,Nao,Nao,5.4,72.1,5.8,50.2,0,Reprovado
1,15,Feminino,Branca,Solteiro,"Ate 0,5 SM",Nao,Sim,Nao,Publica,Nao,Sim,3.7,81.6,3.7,59.5,1,Reprovado
3,17,Masculino,Parda,Solteiro,"0,5-1 SM",Nao,Sim,Sim,Privada,Nao,Nao,7.4,84.3,4.4,53.3,0,Em Risco
2,16,Feminino,Parda,Solteiro,"Ate 0,5 SM",Sim,Sim,Nao,Publica,Nao,Sim,5.0,83.1,5.8,66.6,1,Em Risco
2,16,Feminino,Branca,Solteiro,"0,5-1 SM",Nao,Sim,Nao,Publica,Nao,Nao,6.6,71.2,8.6,75.4,0,Em Risco
2,18,Feminino,Preta,Outro,"Ate 0,5 SM",Sim,Nao,Nao,Publica,Sim,Sim,8.7,99.7,9.7,91.4,1,Aprovado
1,15,Masculino,Branca,Solteiro,"0,5-1 SM",Nao,Sim,Nao,Publica,Nao,Nao,6.6,88.7,4.6,79.2,0,Aprovado
1,15,Masculino,Parda,Solteiro,"Ate 0,5 SM",Sim,Sim,Nao,Privada,Nao,Nao,3.9,74.9,6.4,86.8,1,Em Risco
2,16,Masculino,Parda,Solteiro,"Ate 0,5 SM",Nao,Sim,Nao,Publica,Nao,Sim,6.5,84.0,6.2,64.2,0,Em Risco
1,15,Feminino,Preta,Casado/Uniao,"Ate 0,5 SM",Sim,Sim,Nao,Publica,Nao,Sim,6.6,91.5,6.3,55.5,0,Aprovado
1,17,Feminino,Parda,Solteiro,"0,5-1 SM",Nao,Sim,Nao,Publica,Sim,Nao,4.1,63.3,4.1,58.1,2,Reprovado
3,17,Feminino,Parda,Solteiro,"Ate 0,5 SM",Nao,Nao,Nao,Publica,Nao,Sim,4.2,81.4,3.0,60.1,2,Reprovado
3,17,Feminino,Parda,Solteiro,"0,5-1 SM",Nao,Sim,Nao,Publica,Nao,Nao,5.1,75.0,5.3,51.8,0,Em Risco
3,17,Feminino,Parda,Solteiro,"0,5-1 SM",Sim,Sim,Nao,Publica,Nao,Nao,7.0,92.2,6.7,63.1,2,Aprovado
3,17,Masculino,Parda,Solteiro,"Ate 0,5 SM",Nao,Sim,Nao,Publica,Nao,Nao,3.9,77.8,3.8,65.8,0,Reprovado
1,16,Feminino,Parda,Solteiro,Acima de 1 SM,Sim,Sim,Nao,Publica,Nao,Nao,7.3,80.1,4.7,49.0,0,Reprovado
3,17,Feminino,Parda,Solteiro,"0,5-1 SM",Nao,Sim,Nao,Publica,Nao,Nao,7.0,96.8,4.1,57.0,1,Aprovado
1,15,Feminino,Parda,Solteiro,"Ate 0,5 SM",Nao,Sim,Nao,Publica,Nao,Nao,9.7,98.3,8.6,90.7,0,Aprovado
3,21,Masculino,Parda,Solteiro,"Ate 0,5 SM",Sim,Sim,Nao,Publica,Sim,Nao,3.5,74.2,4.5,50.4,1,Reprovado
3,17,Feminino,Parda,Solteiro,"Ate 0,5 SM",Sim,Sim,Nao,Publica,Nao,Sim,5.0,81.3,3.5,46.4,1,Reprovado
3,17,Masculino,Branca,Solteiro,"Ate 0,5 SM",Nao,Nao,Sim,Publica,Nao,Sim,7.6,92.0,8.3,75.0,0,Aprovado
3,19,Masculino,Parda,Solteiro,"Ate 0,5 SM",Sim,Sim,Sim,Publica,Sim,Sim,7.4,98.9,5.1,47.3,1,Aprovado
2,24,Feminino,Parda,Solteiro,"Ate 0,5 SM",Sim,Sim,Sim,Publica,Sim,Sim,4.5,82.3,4.7,83.6,1,Em Risco
1,16,Feminino,Preta,Solteiro,"0,5-1 SM",Nao,Sim,Nao,Publica,Nao,Nao,7.9,99.4,7.6,82.6,1,Aprovado
2,16,Masculino,Branca,Solteiro,"Ate 0,5 SM",Sim,Nao,Nao,Publica,Nao,Sim,6.6,83.7,6.0,72.6,0,Aprovado
2,16,Feminino,Parda,Solteiro,"0,5-1 SM",Nao,Sim,Nao,Publica,Nao,Nao,6.4,80.6,4.1,42.8,0,Em Risco
1,17,Masculino,Parda,Casado/Uniao,"Ate 0,5 SM",Nao,Nao,Nao,Publica,Sim,Sim,4.7,83.4,3.8,55.3,1,Reprovado
2,17,Masculino,Parda,Solteiro,"Ate 0,5 SM",Nao,Sim,Nao,Publica,Nao,Sim,5.7,82.6,4.9,55.3,0,Em Risco
3,20,Masculino,Parda,Solteiro,"0,5-1 SM",Nao,Sim,Nao,Privada,Sim,Nao,8.4,96.3,6.0,54.5,1,Aprovado
1,15,Feminino,Branca,Solteiro,"0,5-1 SM",Nao,Sim,Sim,Publica,Nao,Nao,7.0,93.4,6.7,80.8,2,Aprovado
3,17,Feminino,Branca,Solteiro,"Ate 0,5 SM",Nao,Sim,Nao,Publica,Nao,Sim,8.6,93.0,9.2,88.2,0,Aprovado
3,17,Feminino,Branca,Solteiro,"Ate 0,5 SM",Sim,Sim,Nao,Publica,Nao,Sim,6.3,81.5,5.6,57.3,0,Em Risco
3,17,Feminino,Parda,Solteiro,"Ate 0,5 SM",Sim,Sim,Nao,Privada,Nao,Sim,5.6,82.6,4.8,62.3,1,Em Risco
3,17,Masculino,Parda,Solteiro,"Ate 0,5 SM",Nao,Sim,Nao,Publica,Nao,Sim,7.2,90.4,6.2,60.6,1,Aprovado
2,16,Masculino,Branca,Solteiro,"Ate 0,5 SM",Nao,Sim,Sim,Privada,Nao,Sim,9.8,99.2,9.1,93.7,0,Aprovado
3,17,Feminino,Parda,Solteiro,"0,5-1 SM",Sim,Sim,Sim,Privada,Nao,Nao,5.7,79.7,4.2,40.0,1,Reprovado
3,17,Masculino,Parda,Solteiro,"Ate 0,5 SM",Sim,Sim,Nao,Publica,Nao,Sim,7.2,90.4,5.7,69.0,0,Aprovado
1,16,Feminino,Preta,Solteiro,"Ate 0,5 SM",Nao,Sim,Nao,Publica,Nao,Sim,6.7,83.7,5.5,75.5,0,Aprovado
2,18,Feminino,Parda,Solteiro,"Ate 0,5 SM",Sim,Nao,Nao,Publica,Sim,Sim,3.3,80.2,0.7,45.4,1,Reprovado
3,19,Feminino,Parda,Solteiro,"Ate 0,5 SM",Nao,Sim,Nao,Publica,Sim,Nao,4.0,79.4,4.2,37.4,2,Reprovado
1,21,Masculino,Branca,Solteiro,"Ate 0,5 SM",Sim,Sim,Sim,Publica,Sim,Nao,5.2,73.9,4.2,52.7,1,Reprovado
2,17,Masculino,Parda,Solteiro,"Ate 0,5 SM",Sim,Sim,Nao,Publica,Nao,Sim,6.5,81.8,7.4,84.5,0,Aprovado
2,16,Feminino,Parda,Solteiro,"Ate 0,5 SM",Nao,Nao,Nao,Publica,Nao,Sim,7.3,90.0,7.8,80.3,0,Aprovado
1,15,Masculino,Parda,Solteiro,"0,5-1 SM",Nao,Sim,Nao,Publica,Nao,Nao,4.4,71.9,4.6,48.1,1,Reprovado
2,16,Feminino,Parda,Solteiro,"Ate 0,5 SM",Nao,Sim,Nao,Publica,Nao,Sim,7.3,83.8,7.7,76.4,0,Aprovado
3,17,Masculino,Parda,Solteiro,Acima de 1 SM,Nao,Sim,Sim,Publica,Nao,Nao,6.8,96.5,4.9,61.4,0,Aprovado
2,16,Masculino,Parda,Solteiro,"Ate 0,5 SM",Nao,Sim,Sim,Publica,Nao,Sim,6.8,85.1,5.4,60.9,1,Aprovado
1,15,Masculino,Parda,Solteiro,"Ate 0,5 SM",Nao,Sim,Nao,Publica,Nao,Sim,7.2,90.5,6.5,64.7,1,Aprovado
1,16,Masculino,Branca,Solteiro,"0,5-1 SM",Nao,Sim,Nao,Publica,Nao,Nao,8.7,89.7,6.8,73.4,0,Aprovado
1,15,Feminino,Parda,Solteiro,"0,5-1 SM",Nao,Sim,Nao,Publica,Nao,Nao,6.8,82.2,5.0,56.1,0,Em Risco
3,23,Masculino,Branca,Solteiro,"Ate 0,5 SM",Sim,Nao,Sim,Publica,Sim,Sim,3.8,81.6,2.8,57.1,1,Reprovado
1,15,Masculino,Parda,Solteiro,"0,5-1 SM",Nao,Sim,Sim,Publica,Nao,Nao,6.6,81.3,4.7,40.6,2,Em Risco
2,19,Masculino,Preta,Solteiro,Acima de 1 SM,Sim,Sim,Sim,Privada,Sim,Nao,7.3,86.9,5.8,56.1,1,Em Risco
1,19,Masculino,Parda,Solteiro,"0,5-1 SM",Nao,Sim,Sim,Publica,Sim,Nao,7.4,92.8,7.0,79.8,1,Aprovado
1,15,Masculino,Parda,Solteiro,"Ate 0,5 SM",Sim,Sim,Nao,Publica,Nao,Sim,6.9,83.9,7.5,69.2,1,Aprovado
3,17,Masculino,Preta,Solteiro,"0,5-1 SM",Nao,Sim,Nao,Publica,Nao,Nao,5.8,71.1,4.2,45.1,0,Reprovado
3,17,Feminino,Parda,Casado/Uniao,"0,5-1 SM",Nao,Sim,Nao,Publica,Nao,Nao,4.7,64.5,3.3,41.4,0,Reprovado
1,15,Feminino,Parda,Solteiro,"0,5-1 SM",Nao,Sim,Nao,Publica,Nao,Nao,7.2,96.0,5.8,84.4,1,Aprovado
2,16,Feminino,Parda,Solteiro,"0,5-1 SM",Nao,Sim,Sim,Privada,Nao,Nao,5.4,83.8,5.4,69.2,1,Em Risco
1,15,Feminino,Preta,Outro,Acima de 1 SM,Sim,Sim,Nao,Publica,Nao,Nao,7.1,90.3,5.5,42.9,0,Aprovado
2,17,Masculino,Parda,Solteiro,"Ate 0,5 SM",Nao,Sim,Nao,Privada,Nao,Sim,7.5,87.2,6.7,74.4,0,Aprovado
2,16,Feminino,Parda,Solteiro,"Ate 0,5 SM",Nao,Nao,Nao,Privada,Nao,Sim,5.7,81.2,6.3,79.9,1,Em Risco
1,15,Feminino,Parda,Outro,"Ate 0,5 SM",Nao,Sim,Nao,Publica,Nao,Nao,6.3,80.4,6.9,60.5,1,Em Risco
1,15,Masculino,Parda,Solteiro,"Ate 0,5 SM",Sim,Sim,Nao,Publica,Nao,Sim,6.3,83.9,4.1,58.6,0,Em Risco
2,16,Feminino,Parda,Solteiro,"Ate 0,5 SM",Nao,Sim,Nao,Publica,Nao,Sim,5.7,81.4,5.6,68.8,1,Em Risco
3,19,Masculino,Parda,Solteiro,"Ate 0,5 SM",Sim,Sim,Nao,Publica,Sim,Nao,3.7,78.5,2.6,41.1,2,Reprovado
3,18,Masculino,Parda,Solteiro,"Ate 0,5 SM",Nao,Sim,Nao,Publica,Nao,Sim,6.4,81.4,6.3,96.7,0,Aprovado
1,15,Feminino,Parda,Solteiro,"0,5-1 SM",Sim,Sim,Nao,Publica,Nao,Nao,6.1,85.5,3.6,33.2,1,Em Risco
3,17,Masculino,Branca,Solteiro,"0,5-1 SM",Nao,Sim,Sim,Publica,Nao,Nao,8.6,85.3,8.5,64.7,0,Aprovado
1,17,Masculino,Preta,Solteiro,"Ate 0,5 SM",Nao,Sim,Nao,Publica,Sim,Sim,4.9,82.9,4.1,66.8,1,Em Risco
2,16,Masculino,Branca,Solteiro,Acima de 1 SM,Nao,Sim,Sim,Publica,Nao,Nao,8.4,89.7,5.8,68.2,0,Aprovado
3,17,Masculino,Parda,Solteiro,"Ate 0,5 SM",Sim,Sim,Sim,Publica,Nao,Sim,4.9,83.3,5.0,67.4,2,Em Risco
3,17,Masculino,Branca,Solteiro,"0,5-1 SM",Nao,Sim,Nao,Privada,Nao,Nao,4.9,77.5,6.1,61.6,1,Reprovado
3,17,Feminino,Parda,Outro,"0,5-1 SM",Sim,Sim,Nao,Publica,Nao,Nao,5.6,77.4,4.5,49.3,0,Em Risco
2,24,Feminino,Outra,Casado/Uniao,"Ate 0,5 SM",Sim,Sim,Nao,Publica,Sim,Sim,4.2,81.8,4.6,73.2,1,Reprovado
1,15,Feminino,Parda,Casado/Uniao,"Ate 0,5 SM",Nao,Sim,Nao,Publica,Nao,Sim,4.7,81.9,5.1,75.2,1,Em Risco
3,17,Masculino,Parda,Solteiro,"Ate 0,5 SM",Nao,Sim,Nao,Publica,Nao,Sim,9.0,93.1,7.1,52.5,0,Aprovado
1,15,Feminino,Parda,Solteiro,"0,5-1 SM",Nao,Sim,Nao,Privada,Nao,Nao,6.0,87.2,4.4,36.6,0,Em Risco
2,16,Feminino,Parda,Solteiro,"0,5-1 SM",Nao,Sim,Sim,Publica,Nao,Nao,9.8,96.3,8.6,62.8,0,Aprovado
1,22,Masculino,Branca,Solteiro,"Ate 0,5 SM",Sim,Sim,Sim,Publica,Sim,Sim,4.5,81.8,4.9,73.3,1,Em Risco
2,16,Feminino,Preta,Solteiro,"Ate 0,5 SM",Nao,Sim,Nao,Publica,Nao,Nao,4.2,79.3,4.4,60.6,2,Reprovado
1,16,Feminino,Outra,Solteiro,"Ate 0,5 SM",Nao,Sim,Nao,Publica,Nao,Sim,8.1,94.8,9.9,88.5,0,Aprovado
1,21,Feminino,Parda,Solteiro,"Ate 0,5 SM",Nao,Sim,Nao,Publica,Sim,Sim,5.0,81.5,5.2,48.4,1,Em Risco
3,18,Masculino,Parda,Casado/Uniao,Acima de 1 SM,Nao,Sim,Nao,Publica,Nao,Nao,6.8,81.7,5.8,65.6,0,Aprovado
1,15,Masculino,Parda,Solteiro,"Ate 0,5 SM",Nao,Sim,Nao,Publica,Nao,Sim,4.7,80.8,3.3,61.3,0,Reprovado
2,18,Feminino,Outra,Solteiro,Acima de 1 SM,Nao,Sim,Nao,Publica,Sim,Nao,6.1,80.2,5.2,59.4,2,Em Risco
1,18,Feminino,Parda,Solteiro,"0,5-1 SM",Nao,Sim,Nao,Publica,Sim,Nao,4.1,58.7,3.7,52.2,1,Reprovado
1,17,Feminino,Preta,Solteiro,Acima de 1 SM,Nao,Sim,Sim,Publica,Sim,Nao,6.4,86.9,6.2,78.3,1,Em Risco
1,15,Feminino,Parda,Solteiro,"Ate 0,5 SM",Nao,Sim,Nao,Publica,Nao,Sim,5.8,83.4,6.4,86.4,1,Aprovado
1,15,Feminino,Parda,Solteiro,"Ate 0,5 SM",Nao,Sim,Nao,Publica,Nao,Sim,6.7,83.8,7.4,90.3,1,Aprovado
3,17,Masculino,Branca,Solteiro,"Ate 0,5 SM",Sim,Sim,Nao,Publica,Nao,Sim,6.8,82.2,6.7,66.9,0,Aprovado
1,15,Feminino,Parda,Solteiro,"0,5-1 SM",Sim,Sim,Nao,Publica,Nao,Nao,6.3,85.1,4.7,49.4,1,Em Risco
3,17,Masculino,Parda,Solteiro,"0,5-1 SM",Nao,Sim,Nao,Publica,Nao,Nao,7.0,81.7,5.4,63.0,1,Aprovado
2,16,Feminino,Parda,Casado/Uniao,"Ate 0,5 SM",Nao,Sim,Sim,Publica,Nao,Sim,6.7,94.4,6.6,75.0,0,Aprovado
2,20,Feminino,Branca,Solteiro,"0,5-1 SM",Nao,Sim,Nao,Publica,Sim,Nao,5.3,80.8,4.6,57.9,1,Em Risco
2,16,Masculino,Parda,Solteiro,"Ate 0,5 SM",Nao,Sim,Nao,Publica,Nao,Sim,7.1,97.9,4.5,56.6,0,Aprovado
2,16,Feminino,Parda,Solteiro,"Ate 0,5 SM",Nao,Sim,Nao,Publica,Nao,Sim,6.3,85.2,6.1,69.3,0,Em Risco
3,17,Masculino,Parda,Solteiro,"Ate 0,5 SM",Sim,Sim,Nao,Publica,Nao,Sim,5.9,89.3,5.7,69.5,0,Em Risco
1,15,Masculino,Parda,Solteiro,"Ate 0,5 SM",Nao,Sim,Sim,Publica,Nao,Sim,7.3,92.1,6.3,76.5,0,Aprovado
1,15,Masculino,Parda,Solteiro,"Ate 0,5 SM",Nao,Sim,Nao,Publica,Nao,Sim,5.1,81.9,5.1,65.1,0,Em Risco
3,17,Masculino,Parda,Solteiro,"Ate 0,5 SM",Nao,Sim,Sim,Publica,Nao,Sim,8.7,96.8,7.5,78.6,0,Aprovado
3,19,Masculino,Branca,Solteiro,Acima de 1 SM,Sim,Sim,Nao,Publica,Sim,Nao,5.3,72.1,4.0,33.1,1,Reprovado
3,17,Masculino,Branca,Solteiro,"0,5-1 SM",Nao,Sim,Nao,Publica,Nao,Nao,6.6,97.2,4.9,53.1,0,Aprovado
2,19,Feminino,Parda,Solteiro,"Ate 0,5 SM",Sim,Sim,Nao,Publica,Sim,Sim,5.4,82.8,4.9,42.6,1,Reprovado
3,17,Feminino,Preta,Solteiro,"0,5-1 SM",Nao,Sim,Sim,Publica,Nao,Nao,7.6,88.9,5.8,74.1,1,Aprovado
2,22,Feminino,Parda,Solteiro,"Ate 0,5 SM",Sim,Nao,Nao,Publica,Sim,Sim,9.3,96.1,9.2,95.6,1,Aprovado
2,21,Masculino,Parda,Casado/Uniao,"Ate 0,5 SM",Nao,Sim,Nao,Publica,Sim,Sim,5.8,81.7,6.0,69.0,1,Em Risco
1,15,Feminino,Parda,Solteiro,"0,5-1 SM",Nao,Sim,Sim,Publica,Nao,Nao,8.7,100.0,8.6,68.0,0,Aprovado
2,16,Feminino,Parda,Casado/Uniao,"0,5-1 SM",Nao,Sim,Sim,Publica,Nao,Nao,2.6,58.0,3.5,60.7,0,Reprovado
1,20,Masculino,Parda,Solteiro,"0,5-1 SM",Nao,Sim,Sim,Publica,Sim,Nao,7.9,81.6,6.4,44.5,1,Em Risco
1,15,Feminino,Parda,Solteiro,"0,5-1 SM",Nao,Sim,Sim,Publica,Nao,Nao,8.0,89.3,8.1,100.0,0,Aprovado
3,17,Masculino,Branca,Solteiro,"0,5-1 SM",Nao,Nao,Sim,Publica,Nao,Nao,4.2,63.7,5.0,51.3,0,Reprovado
1,17,Feminino,Parda,Solteiro,"Ate 0,5 SM",Nao,Sim,Nao,Publica,Sim,Sim,7.1,98.3,6.0,54.1,1,Em Risco
1,16,Masculino,Preta,Solteiro,Acima de 1 SM,Nao,Sim,Sim,Publica,Nao,Nao,8.4,90.7,7.1,63.2,1,Aprovado
1,15,Masculino,Parda,Solteiro,"Ate 0,5 SM",Nao,Sim,Nao,Publica,Nao,Nao,7.2,65.5,4.1,24.2,1,Reprovado
3,17,Feminino,Parda,Solteiro,Acima de 1 SM,Nao,Sim,Nao,Publica,Nao,Nao,4.6,75.5,4.1,41.8,1,Reprovado
2,16,Masculino,Parda,Solteiro,"Ate 0,5 SM",Nao,Sim,Nao,Publica,Nao,Sim,7.3,92.8,8.2,89.8,1,Aprovado
2,17,Masculino,Parda,Solteiro,"Ate 0,5 SM",Nao,Sim,Sim,Publica,Nao,Sim,8.1,90.2,5.7,56.8,0,Aprovado
3,17,Feminino,Branca,Solteiro,"0,5-1 SM",Nao,Sim,Nao,Publica,Nao,Nao,5.7,70.6,5.4,63.4,1,Reprovado
3,19,Feminino,Preta,Solteiro,"Ate 0,5 SM",Sim,Sim,Nao,Publica,Sim,Sim,6.0,83.6,4.5,59.1,1,Em Risco
1,15,Feminino,Parda,Solteiro,"0,5-1 SM",Nao,Sim,Nao,Publica,Nao,Nao,6.0,77.6,4.5,63.4,0,Em Risco
2,16,Masculino,Preta,Solteiro,"Ate 0,5 SM",Nao,Sim,Nao,Privada,Nao,Sim,7.8,84.9,7.8,82.5,0,Aprovado
3,17,Masculino,Branca,Solteiro,"0,5-1 SM",Nao,Sim,Nao,Publica,Nao,Nao,6.0,74.1,2.9,29.6,1,Reprovado
2,16,Feminino,Parda,Solteiro,"Ate 0,5 SM",Sim,Sim,Nao,Publica,Nao,Sim,5.2,83.0,5.1,73.6,1,Em Risco
1,17,Masculino,Parda,Solteiro,"Ate 0,5 SM",Nao,Sim,Sim,Publica,Sim,Sim,6.2,89.6,7.1,56.2,1,Aprovado
3,19,Masculino,Preta,Solteiro,"Ate 0,5 SM",Sim,Sim,Nao,Publica,Sim,Sim,3.7,81.7,3.2,56.6,1,Reprovado
2,17,Feminino,Parda,Solteiro,"0,5-1 SM",Sim,Sim,Sim,Publica,Nao,Nao,6.2,70.4,6.2,50.8,0,Reprovado
1,15,Masculino,Branca,Solteiro,"0,5-1 SM",Nao,Sim,Nao,Publica,Nao,Nao,6.9,89.2,6.3,58.8,0,Aprovado
2,21,Masculino,Parda,Solteiro,"Ate 0,5 SM",Sim,Sim,Nao,Publica,Sim,Nao,9.3,90.4,8.6,97.7,1,Aprovado
1,15,Masculino,Parda,Solteiro,Acima de 1 SM,Nao,Sim,Sim,Publica,Nao,Nao,7.3,96.2,6.3,61.5,0,Aprovado
1,15,Masculino,Parda,Solteiro,"0,5-1 SM",Nao,Sim,Nao,Publica,Nao,Nao,4.6,67.8,5.1,57.0,0,Reprovado
3,17,Masculino,Parda,Solteiro,Acima de 1 SM,Nao,Sim,Nao,Publica,Nao,Nao,8.4,92.0,7.3,70.6,0,Aprovado
1,15,Masculino,Branca,Solteiro,"Ate 0,5 SM",Nao,Sim,Nao,Publica,Nao,Nao,8.3,95.6,6.1,61.5,0,Aprovado
2,16,Masculino,Parda,Solteiro,"Ate 0,5 SM",Sim,Sim,Nao,Publica,Nao,Sim,6.1,83.0,6.4,70.2,0,Em Risco
2,16,Feminino,Parda,Solteiro,"Ate 0,5 SM",Nao,Sim,Nao,Publica,Nao,Sim,5.5,84.0,5.1,60.7,1,Em Risco
1,15,Feminino,Branca,Casado/Uniao,"Ate 0,5 SM",Sim,Sim,Nao,Publica,Nao,Nao,5.3,77.3,3.3,23.8,0,Reprovado
3,17,Masculino,Parda,Solteiro,"Ate 0,5 SM",Sim,Sim,Nao,Publica,Nao,Sim,5.7,82.0,6.9,58.6,0,Em Risco
1,15,Feminino,Parda,Solteiro,"Ate 0,5 SM",Nao,Sim,Nao,Publica,Nao,Sim,6.8,83.4,5.6,53.1,1,Aprovado
1,15,Masculino,Parda,Solteiro,"Ate 0,5 SM",Nao,Sim,Nao,Privada,Nao,Sim,6.2,91.9,6.2,78.6,1,Aprovado
1,15,Masculino,Parda,Solteiro,"0,5-1 SM",Nao,Sim,Nao,Privada,Nao,Nao,5.5,71.8,4.8,47.3,0,Reprovado
1,15,Masculino,Parda,Solteiro,Acima de 1 SM,Nao,Sim,Sim,Publica,Nao,Nao,8.3,84.4,6.5,44.2,1,Em Risco
1,16,Feminino,Parda,Outro,Acima de 1 SM,Nao,Sim,Nao,Privada,Nao,Nao,7.1,88.5,7.3,73.9,1,Aprovado
3,17,Feminino,Parda,Solteiro,"Ate 0,5 SM",Nao,Sim,Nao,Publica,Nao,Sim,5.1,82.5,5.0,78.2,1,Em Risco
3,23,Feminino,Branca,Solteiro,"Ate 0,5 SM",Nao,Sim,Sim,Publica,Sim,Sim,6.6,82.3,6.2,60.4,1,Aprovado
1,21,Masculino,Parda,Solteiro,"Ate 0,5 SM",Sim,Sim,Nao,Publica,Sim,Sim,5.7,82.4,5.7,59.7,1,Em Risco
2,16,Masculino,Parda,Solteiro,"Ate 0,5 SM",Nao,Sim,Nao,Publica,Nao,Sim,5.5,81.8,6.9,88.0,1,Em Risco
3,18,Feminino,Parda,Solteiro,"Ate 0,5 SM",Sim,Sim,Sim,Publica,Nao,Nao,7.9,85.8,7.0,54.6,0,Aprovado
3,17,Masculino,Branca,Solteiro,"Ate 0,5 SM",Sim,Sim,Nao,Publica,Nao,Nao,9.4,90.6,8.8,93.4,0,Aprovado
2,16,Feminino,Parda,Solteiro,"Ate 0,5 SM",Nao,Sim,Nao,Publica,Nao,Sim,6.2,83.4,5.5,72.1,0,Em Risco
1,15,Feminino,Branca,Solteiro,"0,5-1 SM",Sim,Sim,Sim,Publica,Nao,Nao,6.2,76.2,5.4,53.7,0,Em Risco
1,15,Feminino,Parda,Casado/Uniao,"0,5-1 SM",Nao,Sim,Nao,Publica,Nao,Nao,7.0,98.9,6.8,71.4,1,Aprovado
3,20,Feminino,Branca,Solteiro,"Ate 0,5 SM",Sim,Sim,Nao,Publica,Sim,Sim,5.4,85.5,5.8,67.0,1,Em Risco
3,17,Feminino,Parda,Solteiro,"Ate 0,5 SM",Nao,Sim,Nao,Publica,Nao,Sim,6.3,89.2,6.3,74.6,1,Aprovado
1,15,Feminino,Preta,Solteiro,Acima de 1 SM,Sim,Sim,Sim,Publica,Nao,Nao,7.9,84.7,5.8,45.3,0,Em Risco
1,17,Feminino,Parda,Solteiro,"Ate 0,5 SM",Nao,Sim,Nao,Publica,Sim,Sim,4.1,83.3,4.0,77.5,1,Reprovado
3,17,Masculino,Branca,Solteiro,"Ate 0,5 SM",Nao,Sim,Nao,Publica,Nao,Sim,4.8,83.6,6.3,76.9,0,Em Risco
3,17,Feminino,Parda,Solteiro,"Ate 0,5 SM",Sim,Sim,Nao,Publica,Nao,Sim,7.0,88.6,5.2,53.9,1,Aprovado
3,19,Masculino,Parda,Solteiro,"Ate 0,5 SM",Nao,Nao,Nao,Publica,Sim,Sim,8.8,85.0,8.0,95.3,1,Aprovado
3,20,Masculino,Parda,Solteiro,"Ate 0,5 SM",Nao,Sim,Nao,Publica,Sim,Sim,7.0,87.7,8.6,93.0,1,Aprovado
2,17,Masculino,Branca,Solteiro,"0,5-1 SM",Nao,Sim,Nao,Publica,Nao,Nao,8.9,100.0,7.7,80.3,0,Aprovado
2,16,Masculino,Preta,Solteiro,"Ate 0,5 SM",Sim,Sim,Nao,Privada,Nao,Sim,5.6,83.6,6.0,71.4,0,Em Risco
2,16,Feminino,Parda,Solteiro,"Ate 0,5 SM",Sim,Nao,Nao,Publica,Nao,Sim,4.9,81.8,5.0,46.4,1,Reprovado
1,17,Feminino,Parda,Solteiro,"Ate 0,5 SM",Nao,Nao,Nao,Publica,Sim,Nao,6.2,80.5,6.6,58.4,1,Em Risco
2,17,Masculino,Parda,Solteiro,"0,5-1 SM",Nao,Sim,Nao,Publica,Nao,Nao,7.7,87.9,6.1,57.0,0,Aprovado
2,16,Masculino,Branca,Solteiro,"Ate 0,5 SM",Nao,Sim,Nao,Publica,Nao,Nao,4.7,69.6,3.8,47.5,1,Reprovado
1,15,Feminino,Branca,Solteiro,"Ate 0,5 SM",Nao,Sim,Nao,Publica,Nao,Sim,6.2,83.8,4.3,64.4,1,Em Risco
3,21,Feminino,Preta,Solteiro,"Ate 0,5 SM",Nao,Nao,Nao,Publica,Sim,Sim,5.6,90.3,5.6,62.9,1,Em Risco
2,16,Feminino,Parda,Solteiro,"Ate 0,5 SM",Nao,Nao,Nao,Publica,Nao,Sim,5.3,88.2,5.3,86.4,1,Em Risco
3,17,Masculino,Branca,Solteiro,"Ate 0,5 SM",Nao,Sim,Nao,Publica,Nao,Nao,5.7,74.5,4.1,44.7,0,Reprovado
1,15,Feminino,Branca,Solteiro,"Ate 0,5 SM",Nao,Sim,Nao,Privada,Nao,Sim,7.7,99.2,6.9,72.9,0,Aprovado
1,15,Masculino,Parda,Solteiro,"0,5-1 SM",Nao,Sim,Nao,Publica,Nao,Nao,7.1,90.8,7.4,69.2,1,Aprovado
2,16,Masculino,Parda,Solteiro,Acima de 1 SM,Sim,Sim,Nao,Publica,Nao,Nao,7.2,90.9,6.7,53.1,1,Aprovado
1,15,Masculino,Parda,Solteiro,"Ate 0,5 SM",Nao,Sim,Nao,Publica,Nao,Sim,6.9,89.9,5.7,81.4,0,Aprovado
3,18,Masculino,Parda,Solteiro,"Ate 0,5 SM",Sim,Sim,Nao,Publica,Nao,Sim,4.9,80.8,6.2,73.9,1,Em Risco
3,18,Masculino,Parda,Solteiro,"Ate 0,5 SM",Nao,Nao,Sim,Publica,Nao,Nao,7.1,83.4,5.1,57.4,1,Aprovado
1,15,Feminino,Parda,Solteiro,"0,5-1 SM",Sim,Sim,Nao,Publica,Nao,Nao,4.8,80.3,5.3,76.6,1,Em Risco
2,16,Masculino,Parda,Outro,"Ate 0,5 SM",Nao,Sim,Nao,Publica,Nao,Sim,6.0,81.8,5.7,72.5,1,Em Risco
2,16,Masculino,Parda,Solteiro,"0,5-1 SM",Sim,Sim,Nao,Publica,Nao,Nao,4.7,67.6,5.3,72.3,1,Reprovado
1,15,Masculino,Parda,Solteiro,"0,5-1 SM",Sim,Sim,Nao,Publica,Nao,Nao,5.2,79.0,4.0,74.8,2,Reprovado
3,17,Masculino,Parda,Solteiro,Acima de 1 SM,Nao,Sim,Sim,Publica,Nao,Nao,7.1,81.0,7.2,73.6,2,Aprovado
3,17,Feminino,Preta,Casado/Uniao,Acima de 1 SM,Sim,Sim,Sim,Publica,Nao,Nao,6.0,85.9,5.0,55.1,1,Em Risco
2,16,Masculino,Parda,Outro,"0,5-1 SM",Nao,Sim,Nao,Publica,Nao,Nao,5.3,72.5,6.1,70.1,1,Em Risco
3,19,Feminino,Parda,Solteiro,"Ate 0,5 SM",Nao,Sim,Nao,Publica,Sim,Sim,7.4,91.0,5.7,58.5,1,Aprovado
2,16,Masculino,Parda,Solteiro,"Ate 0,5 SM",Nao,Sim,Nao,Publica,Nao,Sim,6.3,86.3,5.0,72.3,0,Em Risco
3,17,Feminino,Branca,Solteiro,"Ate 0,5 SM",Nao,Sim,Nao,Publica,Nao,Sim,5.8,82.6,6.8,89.9,1,Aprovado
2,16,Feminino,Preta,Casado/Uniao,"Ate 0,5 SM",Sim,Sim,Nao,Publica,Nao,Sim,4.6,81.6,4.0,41.0,1,Reprovado
3,17,Feminino,Parda,Solteiro,"0,5-1 SM",Sim,Sim,Nao,Publica,Nao,Nao,3.6,64.7,3.8,59.2,0,Reprovado
3,17,Feminino,Branca,Casado/Uniao,"Ate 0,5 SM",Nao,Nao,Nao,Publica,Nao,Sim,5.9,83.6,6.4,63.6,1,Aprovado
1,15,Feminino,Parda,Solteiro,"0,5-1 SM",Nao,Sim,Sim,Publica,Nao,Nao,5.0,69.8,4.8,47.2,2,Reprovado
3,17,Masculino,Branca,Solteiro,"Ate 0,5 SM",Nao,Sim,Nao,Publica,Nao,Sim,9.4,97.6,9.9,95.3,0,Aprovado
1,15,Feminino,Parda,Solteiro,"0,5-1 SM",Nao,Sim,Nao,Privada,Nao,Nao,6.6,88.7,5.8,53.5,1,Em Risco
1,16,Feminino,Parda,Solteiro,"Ate 0,5 SM",Sim,Sim,Nao,Publica,Nao,Sim,8.0,85.1,6.7,58.4,0,Aprovado
1,15,Feminino,Parda,Casado/Uniao,"Ate 0,5 SM",Sim,Sim,Nao,Publica,Nao,Sim,6.3,83.3,6.8,79.8,1,Aprovado
3,19,Masculino,Parda,Solteiro,"Ate 0,5 SM",Sim,Sim,Nao,Publica,Sim,Sim,4.5,82.7,5.4,64.2,1,Reprovado
3,17,Masculino,Parda,Solteiro,Acima de 1 SM,Nao,Sim,Nao,Publica,Nao,Nao,4.2,58.7,3.6,32.7,1,Reprovado
2,17,Feminino,Branca,Solteiro,"Ate 0,5 SM",Sim,Sim,Nao,Publica,Nao,Sim,8.9,91.5,8.4,92.3,0,Aprovado
3,18,Masculino,Branca,Solteiro,"Ate 0,5 SM",Nao,Sim,Nao,Privada,Nao,Nao,4.9,82.4,6.2,59.8,1,Em Risco
2,16,Masculino,Parda,Solteiro,"Ate 0,5 SM",Nao,Sim,Nao,Privada,Nao,Sim,6.1,81.3,6.9,71.3,1,Aprovado
3,18,Masculino,Parda,Solteiro,"0,5-1 SM",Nao,Sim,Nao,Publica,Nao,Nao,8.6,79.7,7.3,61.8,0,Em Risco
2,20,Feminino,Parda,Solteiro,"Ate 0,5 SM",Nao,Sim,Nao,Publica,Sim,Nao,6.7,84.3,6.0,74.0,1,Aprovado
2,18,Feminino,Parda,Casado/Uniao,Acima de 1 SM,Sim,Sim,Nao,Publica,Sim,Nao,6.2,74.3,5.7,52.6,2,Reprovado
1,15,Feminino,Parda,Solteiro,"Ate 0,5 SM",Nao,Sim,Nao,Publica,Nao,Sim,7.7,97.1,6.5,78.2,0,Aprovado
3,17,Masculino,Parda,Solteiro,"Ate 0,5 SM",Nao,Sim,Nao,Publica,Nao,Sim,7.6,93.2,6.9,59.4,0,Aprovado
3,21,Masculino,Preta,Solteiro,"0,5-1 SM",Nao,Nao,Sim,Publica,Sim,Nao,8.1,91.5,5.6,37.2,1,Aprovado
2,16,Masculino,Parda,Solteiro,"Ate 0,5 SM",Nao,Sim,Nao,Publica,Nao,Sim,5.7,82.4,6.0,74.7,1,Em Risco
1,16,Feminino,Parda,Solteiro,"0,5-1 SM",Nao,Sim,Nao,Publica,Nao,Nao,6.0,91.0,6.5,64.3,2,Em Risco
3,17,Feminino,Parda,Solteiro,"Ate 0,5 SM",Sim,Sim,Nao,Publica,Nao,Sim,4.8,83.5,5.1,60.0,0,Reprovado
1,15,Masculino,Parda,Solteiro,Acima de 1 SM,Sim,Sim,Nao,Privada,Nao,Nao,6.3,86.2,4.9,55.9,1,Em Risco
2,16,Feminino,Parda,Solteiro,"0,5-1 SM",Nao,Sim,Nao,Publica,Nao,Nao,6.3,89.9,6.2,97.9,1,Aprovado
3,17,Feminino,Branca,Solteiro,"0,5-1 SM",Nao,Sim,Nao,Privada,Nao,Nao,4.3,66.1,3.5,35.0,1,Reprovado
2,16,Masculino,Parda,Solteiro,"Ate 0,5 SM",Nao,Sim,Nao,Publica,Nao,Sim,5.6,89.2,4.7,58.6,1,Em Risco
1,15,Masculino,Parda,Solteiro,"Ate 0,5 SM",Nao,Sim,Sim,Publica,Nao,Sim,8.7,93.9,7.7,79.8,0,Aprovado
2,17,Feminino,Preta,Solteiro,"0,5-1 SM",Nao,Sim,Nao,Publica,Nao,Nao,6.8,86.7,5.7,62.3,0,Aprovado
3,17,Masculino,Parda,Solteiro,"0,5-1 SM",Nao,Sim,Sim,Publica,Nao,Nao,7.7,88.1,6.5,59.7,0,Aprovado
2,18,Feminino,Preta,Solteiro,"Ate 0,5 SM",Nao,Sim,Nao,Publica,Sim,Nao,5.7,67.4,5.6,48.4,1,Reprovado
3,17,Masculino,Parda,Solteiro,"Ate 0,5 SM",Nao,Sim,Nao,Publica,Nao,Sim,4.0,82.9,5.7,76.3,1,Reprovado
1,15,Feminino,Parda,Solteiro,"Ate 0,5 SM",Nao,Sim,Nao,Publica,Nao,Sim,6.3,81.1,6.5,72.1,1,Aprovado
2,17,Feminino,Branca,Solteiro,"0,5-1 SM",Nao,Sim,Nao,Publica,Nao,Nao,7.8,83.2,4.8,47.7,0,Em Risco
3,17,Feminino,Preta,Solteiro,"Ate 0,5 SM",Nao,Sim,Nao,Publica,Nao,Sim,4.9,81.7,5.1,40.4,1,Reprovado
3,17,Feminino,Parda,Solteiro,"Ate 0,5 SM",Nao,Sim,Nao,Privada,Nao,Sim,7.6,82.4,7.6,76.6,0,Aprovado
1,15,Feminino,Parda,Solteiro,"Ate 0,5 SM",Nao,Sim,Nao,Publica,Nao,Nao,4.2,65.2,3.6,57.4,0,Reprovado
3,19,Feminino,Branca,Solteiro,"Ate 0,5 SM",Nao,Sim,Nao,Publica,Sim,Sim,5.9,84.0,6.7,78.4,1,Aprovado
2,16,Masculino,Parda,Solteiro,"Ate 0,5 SM",Nao,Sim,Nao,Privada,Nao,Sim,7.3,86.8,6.1,67.9,1,Aprovado
2,16,Masculino,Parda,Solteiro,Acima de 1 SM,Nao,Sim,Sim,Publica,Nao,Nao,6.6,81.9,5.5,70.5,1,Aprovado
1,15,Feminino,Preta,Solteiro,"Ate 0,5 SM",Nao,Sim,Sim,Publica,Nao,Sim,10.0,96.1,8.0,71.1,0,Aprovado
3,17,Feminino,Parda,Solteiro,Acima de 1 SM,Nao,Sim,Nao,Publica,Nao,Nao,6.0,81.1,4.6,61.6,1,Em Risco
1,20,Masculino,Preta,Solteiro,"Ate 0,5 SM",Sim,Sim,Nao,Publica,Sim,Sim,4.7,81.6,5.9,56.5,1,Reprovado
1,15,Masculino,Preta,Solteiro,"Ate 0,5 SM",Nao,Sim,Sim,Privada,Nao,Sim,7.2,82.5,8.6,90.8,2,Aprovado
1,21,Feminino,Preta,Solteiro,"Ate 0,5 SM",Sim,Sim,Nao,Publica,Sim,Sim,4.5,81.5,4.2,45.5,2,Reprovado
3,17,Masculino,Branca,Solteiro,"0,5-1 SM",Nao,Sim,Sim,Publica,Nao,Nao,4.9,67.6,5.6,70.7,1,Reprovado
